"region","gene_ID","RefSeq_ID","ncbi_func","no_vars","no_traits","no_effects","min_ps","max_ps","min_score","max_score","ave_abs_score","ave_af","assocs","host"
"Chromosome","gene-CDO30_00665","NP_385518.1","hypothetical protein",2,1,2,136175,136317,-0.036166,0.0383886,0.0372773,0.11,"chloro.plast+(DZA-13)[1], chloro.plast-(A17-24)[1]","Both"
"Chromosome","gene-CDO30_01045","WP_003525183.1","elongation factor Tu",1,1,1,203346,203346,0.07708358,0.07708358,0.07708358,0.058,"chloro.plast+(A17-24)[1]","A17 only"
"Chromosome","gene-CDO30_01710","NP_385326.1","ubiquinol-cytochrome C chaperone",1,1,1,332089,332089,-0.03929114,-0.03929114,0.03929114,0.168,"chloro.plast-(A17-24)[1]","A17 only"
"Chromosome","gene-CDO30_02175","NP_385236.1","AzlD family protein",1,1,1,429736,429736,0.03334204,0.03334204,0.03334204,0.105,"chloro.plast+(DZA-13)[1]","DZA only"
"Chromosome","gene-CDO30_02190","NP_385233.1","alanine racemase",1,1,1,432604,432604,0.03652271,0.03652271,0.03652271,0.099,"chloro.plast+(DZA-13)[1]","DZA only"
"Chromosome","gene-CDO30_02680","NP_385139.1","electron transfer flavoprotein-ubiquinone oxidoreductase",1,1,1,528474,528474,-0.03572836,-0.03572836,0.03572836,0.089,"chloro.plast-(DZA-13)[1]","DZA only"
"Chromosome","gene-CDO30_02870","NP_385105.1","transcriptional regulator",1,1,1,568690,568690,0.04271761,0.04271761,0.04271761,0.22,"chloro.plast+(A17-24)[1]","A17 only"
"Chromosome","gene-CDO30_03210","NP_385042.1","MBL fold metallo-hydrolase",1,1,1,632172,632172,-0.03539273,-0.03539273,0.03539273,0.141,"chloro.plast-(A17-24)[1]","A17 only"
"Chromosome","gene-CDO30_04335","NP_384829.1","NAD(P)-dependent oxidoreductase",1,1,1,862033,862033,0.03480386,0.03480386,0.03480386,0.105,"chloro.plast+(DZA-13)[1]","DZA only"
"Chromosome","gene-CDO30_06560","NP_384396.1","LysR family transcriptional regulator",1,1,1,1331465,1331465,0.04248947,0.04248947,0.04248947,0.073,"chloro.plast+(DZA-13)[1]","DZA only"
"Chromosome","gene-CDO30_07155","NP_384284.1","lysylphosphatidylglycerol synthetase family protein",1,1,1,1451903,1451903,-0.04051985,-0.04051985,0.04051985,0.157,"chloro.plast-(A17-24)[1]","A17 only"
"Chromosome","gene-CDO30_11820","NP_386762.1","ABC transporter permease",1,1,2,2467062,2467062,-0.04805188,-0.03048488,0.03926838,0.089,"chloro.plast-(DZA-13)[1], chloro.plast-(A17-24)[1]","Both"
"Chromosome","gene-CDO30_12265","NP_386682.1","oxidoreductase",1,1,1,2560964,2560964,-0.04491224,-0.04491224,0.04491224,0.105,"chloro.plast-(A17-24)[1]","A17 only"
"Chromosome","gene-CDO30_13240","NP_386492.1","cation transporter",1,1,1,2759539,2759539,-0.04524477,-0.04524477,0.04524477,0.089,"chloro.plast-(A17-24)[1]","A17 only"
"Chromosome","gene-CDO30_13670","NP_386408.1","MBOAT family protein",1,1,1,2840404,2840404,-0.03429272,-0.03429272,0.03429272,0.066,"chloro.plast-(DZA-13)[1]","DZA only"
"Chromosome","gene-CDO30_14015","NP_386342.1","ABC transporter ATP-binding protein",1,1,1,2916007,2916007,0.04255805,0.04255805,0.04255805,0.058,"chloro.plast+(DZA-13)[1]","DZA only"
"Chromosome","gene-CDO30_17685","NP_385668.1","N-acetyltransferase",1,1,1,3636407,3636407,0.02853106,0.02853106,0.02853106,0.147,"chloro.plast+(DZA-13)[1]","DZA only"
"pSymA","gene-CDO30_17840","NP_435957.1","P-type conjugative transfer protein VirB9",1,1,1,2064,2064,0.02497593,0.02497593,0.02497593,0.251,"chloro.plast+(DZA-13)[1]","DZA only"
"pSymA","gene-CDO30_17850","NP_435955.1","P-type DNA transfer ATPase VirB11",1,1,1,3898,3898,0.03757769,0.03757769,0.03757769,0.099,"chloro.plast+(DZA-13)[1]","DZA only"
"pSymA","gene-CDO30_17855","NP_435954.2","MFS transporter",1,1,1,6163,6163,0.03373747,0.03373747,0.03373747,0.152,"chloro.plast+(DZA-13)[1]","DZA only"
"pSymA","gene-CDO30_18025","NP_435923.1","periplasmic nitrate reductase%2C NapE protein",1,1,1,35376,35376,0.03647069,0.03647069,0.03647069,0.188,"chloro.plast+(DZA-13)[1]","DZA only"
"pSymA","gene-CDO30_18045","NP_435919.1","nitrate reductase",1,1,1,38807,38807,0.03096183,0.03096183,0.03096183,0.157,"chloro.plast+(DZA-13)[1]","DZA only"
"pSymA","gene-CDO30_18050","NP_435918.1","cytochrome C",1,1,1,39449,39449,0.0227388,0.0227388,0.0227388,0.215,"chloro.plast+(DZA-13)[1]","DZA only"
"pSymA","gene-CDO30_18075","NP_435913.1","nitrogen fixation regulation protein FixK",1,1,1,44132,44132,0.02510144,0.02510144,0.02510144,0.173,"chloro.plast+(DZA-13)[1]","DZA only"
"pSymA","gene-CDO30_18100","NP_435908.1","cbb3-type cytochrome c oxidase subunit FixP",1,1,1,47761,47761,0.0358288,0.0358288,0.0358288,0.112,"chloro.plast+(DZA-13)[1]","DZA only"
"pSymA","gene-CDO30_18105","NP_435907.1","nitrogen fixation protein FixG",1,1,1,48802,48802,0.0389793,0.0389793,0.0389793,0.257,"chloro.plast+(A17-24)[1]","A17 only"
"pSymA","gene-CDO30_18115","NP_435905.1","nitrogen fixation protein FixI",1,1,1,52115,52115,0.03200074,0.03200074,0.03200074,0.141,"chloro.plast+(DZA-13)[1]","DZA only"
"pSymA","gene-CDO30_18125","NP_435903.2","Crp/Fnr family transcriptional regulator",1,1,1,53876,53876,0.02209318,0.02209318,0.02209318,0.335,"chloro.plast+(DZA-13)[1]","DZA only"
"pSymA","gene-CDO30_18815","WP_013845417.1","AbrB/MazE/SpoVT family DNA-binding domain-containing protein",1,1,1,170344,170344,0.02391622,0.02391622,0.02391622,0.231,"chloro.plast+(DZA-13)[1]","DZA only"
"pSymA","gene-CDO30_18940","NP_435752.1","mechanosensitive ion channel family protein",3,1,3,194488,195909,0.0289476,0.05224484,0.03782162,0.121,"chloro.plast+(DZA-13)[3]","DZA only"
"pSymA","gene-CDO30_18945","NP_435751.1","Ti-type conjugative transfer relaxase TraA",5,1,5,197319,199207,-0.04914408,0.06079383,0.045881712,0.0982,"chloro.plast-(DZA-13)[1], chloro.plast+(DZA-13)[1], chloro.plast-(A17-24)[1], chloro.plast+(A17-24)[2]","Both"
"pSymA","gene-CDO30_18995","NP_435745.1","hypothetical protein",1,1,1,207257,207257,-0.03335652,-0.03335652,0.03335652,0.492,"chloro.plast-(A17-24)[1]","A17 only"
"pSymA","gene-CDO30_19020","NP_435741.1","DUF1173 domain-containing protein",3,1,3,211399,212278,0.03582526,0.04047617,0.0388352466666667,0.244,"chloro.plast+(DZA-13)[1], chloro.plast+(A17-24)[2]","Both"
"pSymA","gene-CDO30_19100","NP_435728.1","glutamine--fructose-6-phosphate aminotransferase",3,1,3,225446,225953,0.02178505,0.03157561,0.0251526033333333,0.296333333333333,"chloro.plast+(DZA-13)[2], chloro.plast+(A17-24)[1]","Both"
"pSymA","gene-CDO30_19115","NP_435725.1","nodulation protein N",1,1,1,231727,231727,-0.03068018,-0.03068018,0.03068018,0.099,"chloro.plast-(DZA-13)[1]","DZA only"
"pSymA","gene-CDO30_19200","NP_435710.1","nodulation protein H",1,1,1,248929,248929,0.02635802,0.02635802,0.02635802,0.34,"chloro.plast+(DZA-13)[1]","DZA only"
"pSymA","gene-CDO30_19275","NP_435698.1","nitrogenase iron-molybdenum cofactor biosynthesis protein NifE",1,1,1,258116,258116,-0.02405617,-0.02405617,0.02405617,0.178,"chloro.plast-(DZA-13)[1]","DZA only"
"pSymA","gene-CDO30_19320","NP_435693.1","protein FixA",1,1,1,266404,266404,-0.02122883,-0.02122883,0.02122883,0.209,"chloro.plast-(DZA-13)[1]","DZA only"
"pSymA","gene-CDO30_19325","YP_001314765.1","electron transfer flavoprotein subunit alpha/FixB family protein",1,1,1,266917,266917,0.02746553,0.02746553,0.02746553,0.162,"chloro.plast+(DZA-13)[1]","DZA only"
"pSymA","gene-CDO30_19360","NP_435685.2","hypothetical protein",1,1,1,274765,274765,-0.02158119,-0.02158119,0.02158119,0.303,"chloro.plast-(DZA-13)[1]","DZA only"
"pSymA","gene-CDO30_19385","NP_435680.1","ABC transporter permease",1,1,1,280001,280001,-0.03166528,-0.03166528,0.03166528,0.204,"chloro.plast-(DZA-13)[1]","DZA only"
"pSymA","gene-CDO30_19390","NP_435679.2","ABC transporter substrate-binding protein",1,1,1,280991,280991,-0.03457544,-0.03457544,0.03457544,0.147,"chloro.plast-(DZA-13)[1]","DZA only"
"pSymA","gene-CDO30_19415","NP_435674.1","alpha/beta hydrolase",1,1,1,285301,285301,0.0277625,0.0277625,0.0277625,0.147,"chloro.plast+(DZA-13)[1]","DZA only"
"pSymA","gene-CDO30_19510","NP_435662.1","nodulation protein NoeA",1,1,1,299918,299918,-0.02979729,-0.02979729,0.02979729,0.23,"chloro.plast-(DZA-13)[1]","DZA only"
"pSymA","gene-CDO30_19525","NP_435660.1","hypothetical protein",1,1,1,302029,302029,0.02426994,0.02426994,0.02426994,0.462,"chloro.plast+(A17-24)[1]","A17 only"
"pSymA","gene-CDO30_19530","NP_435659.1","cytochrome-c oxidase%2C cbb3-type subunit III",2,1,2,302823,303006,0.02799029,0.03170792,0.029849105,0.141,"chloro.plast+(DZA-13)[2]","DZA only"
"pSymA","gene-CDO30_19545","NP_435656.1","cytochrome c oxidase%2C cbb3-type subunit I",1,1,1,304672,304672,0.02841509,0.02841509,0.02841509,0.126,"chloro.plast+(DZA-13)[1]","DZA only"
"pSymA","gene-CDO30_19555","NP_435654.1","transcriptional regulator",1,1,1,306585,306585,0.02235793,0.02235793,0.02235793,0.267,"chloro.plast+(DZA-13)[1]","DZA only"
"pSymA","gene-CDO30_19590","NP_435648.1","flavin reductase",1,1,1,312810,312810,-0.02418675,-0.02418675,0.02418675,0.251,"chloro.plast-(DZA-13)[1]","DZA only"
"pSymA","gene-CDO30_19625","WP_015338933.1","co-chaperone GroES",1,1,1,319050,319050,-0.02190032,-0.02190032,0.02190032,0.293,"chloro.plast-(DZA-13)[1]","DZA only"
"pSymA","gene-CDO30_19630","NP_435641.1","molecular chaperone GroEL",3,1,4,320508,320628,-0.05384047,0.02829257,0.0331669875,0.23525,"chloro.plast+(DZA-13)[1], chloro.plast-(DZA-13)[2], chloro.plast+(A17-24)[1]","Both"
"pSymA","gene-CDO30_19665","NP_435634.1","DUF2280 domain-containing protein",2,1,2,324703,324731,0.03104704,0.04850518,0.03977611,0.2395,"chloro.plast+(DZA-13)[2]","DZA only"
"pSymA","gene-CDO30_19690","NP_435630.1","VOC family protein",1,1,1,327448,327448,0.03022503,0.03022503,0.03022503,0.173,"chloro.plast+(DZA-13)[1]","DZA only"
"pSymA","gene-CDO30_19705","NP_435627.1","IclR family transcriptional regulator",1,1,1,329567,329567,-0.02216715,-0.02216715,0.02216715,0.225,"chloro.plast-(DZA-13)[1]","DZA only"
"pSymA","gene-CDO30_19710","NP_435626.1","NAD(P)-dependent oxidoreductase",2,1,2,331120,331536,-0.03582822,-0.0291382,0.03248321,0.178,"chloro.plast-(DZA-13)[1], chloro.plast-(A17-24)[1]","Both"
"pSymA","gene-CDO30_19725","NP_435623.1","carbohydrate ABC transporter permease",1,1,1,332877,332877,-0.02814282,-0.02814282,0.02814282,0.173,"chloro.plast-(DZA-13)[1]","DZA only"
"pSymA","gene-CDO30_19735","NP_435621.1","sugar ABC transporter substrate-binding protein",2,1,3,335646,335709,-0.06145047,-0.04021892,0.04739964,0.0993333333333333,"chloro.plast-(DZA-13)[1], chloro.plast-(A17-24)[2]","Both"
"pSymA","gene-CDO30_19745","NP_435619.1","dihydrodipicolinate synthase family protein",1,1,1,337390,337390,-0.0377587,-0.0377587,0.0377587,0.058,"chloro.plast-(DZA-13)[1]","DZA only"
"pSymA","gene-CDO30_19750","NP_435618.2","2-dehydro-3-deoxygalactonokinase",3,1,3,338532,338895,-0.04750139,-0.03598294,0.0436223333333333,0.106666666666667,"chloro.plast-(A17-24)[3]","A17 only"
"pSymA","gene-CDO30_19755","NP_435617.1","Ion channel",1,1,1,339822,339822,-0.03821703,-0.03821703,0.03821703,0.053,"chloro.plast-(DZA-13)[1]","DZA only"
"pSymA","gene-CDO30_19760","YP_001314405.1","glycerol transporter",1,1,1,340081,340081,-0.02083807,-0.02083807,0.02083807,0.385,"chloro.plast-(DZA-13)[1]","DZA only"
"pSymA","gene-CDO30_19770","NP_435615.1","carbamate kinase",1,1,1,341801,341801,0.02662849,0.02662849,0.02662849,0.191,"chloro.plast+(DZA-13)[1]","DZA only"
"pSymA","gene-CDO30_19790","NP_435612.1","DUF3300 domain-containing protein",1,1,1,345946,345946,0.05197272,0.05197272,0.05197272,0.073,"chloro.plast+(A17-24)[1]","A17 only"
"pSymA","gene-CDO30_19805","NP_435609.1","amino acid permease",2,1,2,348725,349076,0.01884364,0.02282846,0.02083605,0.302,"chloro.plast+(DZA-13)[2]","DZA only"
"pSymA","gene-CDO30_19815","NP_435607.4","lysine decarboxylase",4,1,4,351337,351631,-0.03734116,0.03513476,0.0295527775,0.25,"chloro.plast-(DZA-13)[2], chloro.plast+(DZA-13)[2]","DZA only"
"pSymA","gene-CDO30_19830","NP_435607.4","lysine decarboxylase",2,1,2,353889,354306,-0.02502768,0.03067567,0.027851675,0.1895,"chloro.plast+(DZA-13)[1], chloro.plast-(DZA-13)[1]","DZA only"
"pSymA","gene-CDO30_19835","YP_001313905.1","amino acid decarboxylase",5,1,5,354961,357128,-0.03207535,0.04774539,0.038126518,0.1888,"chloro.plast+(DZA-13)[3], chloro.plast-(DZA-13)[1], chloro.plast+(A17-24)[1]","Both"
"pSymA","gene-CDO30_19845","NP_435604.2","amino acid ABC transporter substrate-binding protein",3,1,3,358666,359100,-0.03116684,0.02201844,0.0244409633333333,0.369333333333333,"chloro.plast-(DZA-13)[1], chloro.plast+(DZA-13)[2]","DZA only"
"pSymA","gene-CDO30_19850","NP_435603.2","calcium/proton exchanger",4,1,4,360090,360507,-0.03216867,0.02451949,0.02797646,0.25775,"chloro.plast-(DZA-13)[3], chloro.plast+(DZA-13)[1]","DZA only"
"pSymA","gene-CDO30_19875","NP_435600.1","polyphosphate kinase 2",1,1,1,363522,363522,0.0418095,0.0418095,0.0418095,0.091,"chloro.plast+(DZA-13)[1]","DZA only"
"pSymA","gene-CDO30_19880","NP_435599.1","HlyD family secretion protein",3,1,3,364342,365071,-0.03867445,0.04003281,0.03702433,0.08,"chloro.plast-(DZA-13)[2], chloro.plast+(DZA-13)[1]","DZA only"
"pSymA","gene-CDO30_19885","NP_435598.1","hypothetical protein",1,1,1,365285,365285,0.01983488,0.01983488,0.01983488,0.282,"chloro.plast+(DZA-13)[1]","DZA only"
"pSymA","gene-CDO30_19890","NP_435597.2","AI-2E family transporter",1,1,1,366914,366914,-0.02427056,-0.02427056,0.02427056,0.223,"chloro.plast-(DZA-13)[1]","DZA only"
"pSymA","gene-CDO30_19895","NP_435596.1","hypothetical protein",5,1,5,367464,369138,-0.02537346,0.04062984,0.029771064,0.3144,"chloro.plast+(DZA-13)[4], chloro.plast-(DZA-13)[1]","DZA only"
"pSymA","gene-CDO30_20010","NP_435579.1","hypothetical protein",1,1,1,380642,380642,0.03248979,0.03248979,0.03248979,0.283,"chloro.plast+(A17-24)[1]","A17 only"
"pSymA","gene-CDO30_20015","NP_435578.1","hypothetical protein",3,1,3,381135,381632,-0.02705071,0.02549612,0.0259710633333333,0.158333333333333,"chloro.plast+(DZA-13)[1], chloro.plast-(DZA-13)[2]","DZA only"
"pSymA","gene-CDO30_20020","NP_435577.1","mechanosensitive ion channel family protein",3,1,3,381710,382518,-0.05501379,0.03579866,0.04705432,0.096,"chloro.plast+(DZA-13)[1], chloro.plast-(A17-24)[2]","Both"
"pSymA","gene-CDO30_20050","YP_001314543.1","hypothetical protein",2,1,2,387171,387198,-0.02101748,0.02282245,0.021919965,0.468,"chloro.plast+(DZA-13)[1], chloro.plast-(DZA-13)[1]","DZA only"
"pSymA","gene-CDO30_20060","NP_435571.1","copper-translocating P-type ATPase",2,1,2,387790,388551,0.02832466,0.04287559,0.035600125,0.142,"chloro.plast+(DZA-13)[2]","DZA only"
"pSymA","gene-CDO30_20085","NP_435567.1","cytochrome c oxidase%2C cbb3-type subunit II",1,1,1,392371,392371,0.02564744,0.02564744,0.02564744,0.241,"chloro.plast+(DZA-13)[1]","DZA only"
"pSymA","gene-CDO30_20090","NP_435566.1","cytochrome c oxidase%2C cbb3-type subunit I",1,1,1,394202,394202,0.04803862,0.04803862,0.04803862,0.064,"chloro.plast+(DZA-13)[1]","DZA only"
"pSymA","gene-CDO30_20100","YP_001313599.1","cell envelope protein",1,1,1,394759,394759,-0.04468519,-0.04468519,0.04468519,0.052,"chloro.plast-(DZA-13)[1]","DZA only"
"pSymA","gene-CDO30_20105","NP_435563.1","hypothetical protein",2,1,2,397082,397139,-0.03864281,-0.03822808,0.038435445,0.0655,"chloro.plast-(DZA-13)[2]","DZA only"
"pSymA","gene-CDO30_20125","NP_435560.2","adenylate cyclase",1,1,1,401581,401581,-0.03781792,-0.03781792,0.03781792,0.189,"chloro.plast-(A17-24)[1]","A17 only"
"pSymA","gene-CDO30_20165","NP_435552.1","nitrate ABC transporter%2C permease protein",1,1,1,409460,409460,-0.03130593,-0.03130593,0.03130593,0.217,"chloro.plast-(A17-24)[1]","A17 only"
"pSymA","gene-CDO30_20175","NP_435549.2","guanylate cyclase",2,1,2,412436,412706,-0.03209612,-0.03084849,0.031472305,0.2565,"chloro.plast-(DZA-13)[1], chloro.plast-(A17-24)[1]","Both"
"pSymA","gene-CDO30_20180","NP_435548.1","branched chain amino acid ABC transporter substrate-binding protein",1,1,1,414842,414842,-0.03536265,-0.03536265,0.03536265,0.211,"chloro.plast-(A17-24)[1]","A17 only"
"pSymA","gene-CDO30_21105","NP_435390.1","ABC transporter permease",1,1,1,571139,571139,-0.04668588,-0.04668588,0.04668588,0.136,"chloro.plast-(A17-24)[1]","A17 only"
"pSymA","gene-CDO30_21110","NP_435389.1","sugar ABC transporter ATP-binding protein",1,1,1,571483,571483,-0.04245988,-0.04245988,0.04245988,0.199,"chloro.plast-(A17-24)[1]","A17 only"
"pSymA","gene-CDO30_21125","NP_435386.1","alcohol dehydrogenase",3,1,3,574840,575847,-0.03383917,-0.02494266,0.0302884966666667,0.181666666666667,"chloro.plast-(DZA-13)[3]","DZA only"
"pSymA","gene-CDO30_21135","NP_435384.1","alpha/beta hydrolase",1,1,1,577720,577720,-0.03661797,-0.03661797,0.03661797,0.217,"chloro.plast-(A17-24)[1]","A17 only"
"pSymA","gene-CDO30_21155","NP_435380.1","TRAP transporter substrate-binding protein",1,1,1,582732,582732,-0.02807338,-0.02807338,0.02807338,0.178,"chloro.plast-(DZA-13)[1]","DZA only"
"pSymA","gene-CDO30_21160","NP_435379.1","L-dehydroascorbate transporter large permease subunit",1,1,1,584472,584472,-0.02317298,-0.02317298,0.02317298,0.272,"chloro.plast-(DZA-13)[1]","DZA only"
"pSymA","gene-CDO30_21165","NP_435378.1","TRAP transporter permease DctQ",2,1,2,585106,585293,-0.02789566,-0.0234735,0.02568458,0.233,"chloro.plast-(DZA-13)[2]","DZA only"
"pSymA","gene-CDO30_21190","NP_435373.1","NAD(P)-dependent oxidoreductase",1,1,1,590514,590514,-0.03425875,-0.03425875,0.03425875,0.084,"chloro.plast-(DZA-13)[1]","DZA only"
"pSymA","gene-CDO30_21195","NP_435372.1","dihydroxy-acid dehydratase",2,1,2,592118,592463,-0.03876968,-0.03439141,0.036580545,0.081,"chloro.plast-(DZA-13)[2]","DZA only"
"pSymA","gene-CDO30_21220","NP_435368.1","glutamate dehydrogenase",1,1,1,596694,596694,-0.04095327,-0.04095327,0.04095327,0.173,"chloro.plast-(A17-24)[1]","A17 only"
"pSymA","gene-CDO30_21245","NP_435363.1","sorbosone dehydrogenase",2,1,2,602453,602726,-0.05094715,-0.03874106,0.044844105,0.086,"chloro.plast-(A17-24)[2]","A17 only"
"pSymA","gene-CDO30_21255","NP_435361.2","ABC transporter permease",1,1,1,605681,605681,-0.05354796,-0.05354796,0.05354796,0.052,"chloro.plast-(A17-24)[1]","A17 only"
"pSymA","gene-CDO30_21260","YP_001313952.1","sugar ABC transporter ATP-binding protein",1,1,1,606442,606442,-0.06559699,-0.06559699,0.06559699,0.058,"chloro.plast-(A17-24)[1]","A17 only"
"pSymA","gene-CDO30_21265","NP_435359.2","5-keto-4-deoxyuronate isomerase",1,1,1,606537,606537,-0.03092896,-0.03092896,0.03092896,0.11,"chloro.plast-(DZA-13)[1]","DZA only"
"pSymA","gene-CDO30_21295","NP_435353.2","ABC transporter substrate-binding protein",1,1,1,612530,612530,-0.02237677,-0.02237677,0.02237677,0.33,"chloro.plast-(DZA-13)[1]","DZA only"
"pSymA","gene-CDO30_21345","NP_435345.1","hypothetical protein",1,1,1,619727,619727,-0.02512977,-0.02512977,0.02512977,0.293,"chloro.plast-(DZA-13)[1]","DZA only"
"pSymA","gene-CDO30_21355","NP_435343.1","MFS transporter",1,1,1,622370,622370,-0.02529867,-0.02529867,0.02529867,0.298,"chloro.plast-(DZA-13)[1]","DZA only"
"pSymA","gene-CDO30_21365","NP_435341.1","PhzF family phenazine biosynthesis protein",2,1,2,624110,624561,-0.05239276,0.02042791,0.036410335,0.246,"chloro.plast+(DZA-13)[1], chloro.plast-(A17-24)[1]","Both"
"pSymA","gene-CDO30_21380","YP_002823300.1","GYD domain-containing protein",1,1,1,626727,626727,-0.0504009,-0.0504009,0.0504009,0.073,"chloro.plast-(A17-24)[1]","A17 only"
"pSymA","gene-CDO30_21390","NP_435338.1","polyphosphate kinase 2",2,1,2,628793,629102,-0.03000343,-0.02850654,0.029254985,0.212,"chloro.plast-(DZA-13)[2]","DZA only"
"pSymA","gene-CDO30_21395","NP_435337.1","alpha/beta hydrolase",2,1,2,630473,630517,-0.07428327,-0.054018,0.064150635,0.0835,"chloro.plast-(A17-24)[2]","A17 only"
"pSymA","gene-CDO30_21405","NP_435335.1","class I SAM-dependent methyltransferase",3,1,3,631879,632097,-0.02458987,-0.02367252,0.0240787733333333,0.186666666666667,"chloro.plast-(DZA-13)[3]","DZA only"
"pSymA","gene-CDO30_21420","NP_435332.2","secretin",3,1,3,633644,634181,-0.0272389,-0.02273158,0.0249952233333333,0.209666666666667,"chloro.plast-(DZA-13)[3]","DZA only"
"pSymA","gene-CDO30_21425","NP_435330.1","GntR family transcriptional regulator",1,1,1,634957,634957,0.04625061,0.04625061,0.04625061,0.068,"chloro.plast+(DZA-13)[1]","DZA only"
"pSymA","gene-CDO30_21435","NP_435328.1","TRAP transporter small permease",2,1,2,637016,637037,-0.04821939,-0.02300725,0.03561332,0.1725,"chloro.plast-(DZA-13)[1], chloro.plast-(A17-24)[1]","Both"
"pSymA","gene-CDO30_21440","YP_001313846.1","TRAP transporter large permease",2,1,2,637720,638337,-0.06500566,-0.0280909,0.04654828,0.0915,"chloro.plast-(DZA-13)[1], chloro.plast-(A17-24)[1]","Both"
"pSymA","gene-CDO30_21445","YP_001313847.1","MCD%2C Malonyl-CoA decarboxylase MCD",2,1,2,638799,640040,0.05726221,0.07239352,0.064827865,0.055,"chloro.plast+(DZA-13)[2]","DZA only"
"pSymA","gene-CDO30_21450","NP_435326.1","malonyl-CoA synthase",2,1,2,640242,641295,-0.03141151,0.0222146,0.026813055,0.2595,"chloro.plast+(DZA-13)[1], chloro.plast-(DZA-13)[1]","DZA only"
"pSymA","gene-CDO30_21475","NP_435321.2","RNA polymerase sigma factor",1,1,1,644831,644831,-0.02445264,-0.02445264,0.02445264,0.136,"chloro.plast-(DZA-13)[1]","DZA only"
"pSymA","gene-CDO30_21480","NP_435320.1","protease",2,1,2,645334,645918,-0.05410983,0.03802309,0.04606646,0.0865,"chloro.plast+(DZA-13)[1], chloro.plast-(A17-24)[1]","Both"
"pSymA","gene-CDO30_21490","NP_435318.2","bifunctional diguanylate cyclase/phosphodiesterase",5,1,6,647508,649408,-0.04232526,0.03557091,0.031860065,0.220666666666667,"chloro.plast-(DZA-13)[2], chloro.plast+(DZA-13)[1], chloro.plast+(A17-24)[2], chloro.plast-(A17-24)[1]","Both"
"pSymA","gene-CDO30_21495","NP_435317.2","AI-2E family transporter",4,1,4,650179,651703,-0.03385211,-0.02254034,0.02669557,0.22125,"chloro.plast-(DZA-13)[4]","DZA only"
"pSymA","gene-CDO30_21505","NP_435316.1","hypothetical protein",1,1,1,652431,652431,-0.02742901,-0.02742901,0.02742901,0.241,"chloro.plast-(DZA-13)[1]","DZA only"
"pSymA","gene-CDO30_21515","NP_435314.1","fatty acid desaturase",5,1,5,653443,654391,-0.0315746,0.04998429,0.039048882,0.1172,"chloro.plast+(DZA-13)[3], chloro.plast-(DZA-13)[2]","DZA only"
"pSymA","gene-CDO30_21520","NP_435313.1","hypothetical protein",1,1,1,654656,654656,-0.02211165,-0.02211165,0.02211165,0.23,"chloro.plast-(DZA-13)[1]","DZA only"
"pSymA","gene-CDO30_21535","NP_435310.1","molecular chaperone GroEL",2,1,2,657319,657448,-0.03463337,-0.01967382,0.027153595,0.3585,"chloro.plast-(DZA-13)[1], chloro.plast-(A17-24)[1]","Both"
"pSymA","gene-CDO30_21555","NP_435306.1","hypothetical protein",2,1,2,659880,659890,-0.03344855,0.05926486,0.046356705,0.0865,"chloro.plast-(DZA-13)[1], chloro.plast+(DZA-13)[1]","DZA only"
"pSymA","gene-CDO30_21560","NP_435305.2","molecular chaperone DnaJ",1,1,1,660647,660647,0.04188223,0.04188223,0.04188223,0.084,"chloro.plast+(DZA-13)[1]","DZA only"
"pSymA","gene-CDO30_21575","NP_435303.1","histidine kinase",9,1,9,662381,663734,-0.03349676,0.04704709,0.0282174422222222,0.280888888888889,"chloro.plast+(DZA-13)[6], chloro.plast-(DZA-13)[1], chloro.plast-(A17-24)[2]","Both"
"pSymA","gene-CDO30_21580","NP_435302.1","aldehyde-activating protein",1,1,1,665031,665031,-0.02788335,-0.02788335,0.02788335,0.403,"chloro.plast-(A17-24)[1]","A17 only"
"pSymA","gene-CDO30_21590","NP_435301.1","ABC transporter ATP-binding protein",3,1,3,665889,666569,-0.04653809,0.0385489,0.04040512,0.125666666666667,"chloro.plast+(DZA-13)[1], chloro.plast-(A17-24)[2]","Both"
"pSymA","gene-CDO30_21595","NP_435300.1","ABC transporter ATP-binding protein",2,1,2,666973,667306,-0.04201568,0.04727909,0.044647385,0.11,"chloro.plast+(DZA-13)[1], chloro.plast-(A17-24)[1]","Both"
"pSymA","gene-CDO30_21615","NP_435296.1","amidohydrolase",3,1,3,671206,672651,-0.04621502,0.02382514,0.0310602866666667,0.261666666666667,"chloro.plast+(DZA-13)[2], chloro.plast-(A17-24)[1]","Both"
"pSymA","gene-CDO30_21620","NP_435295.1","LysR family transcriptional regulator",3,1,3,673079,673826,-0.03274999,0.06127878,0.0390542733333333,0.217333333333333,"chloro.plast+(DZA-13)[1], chloro.plast-(A17-24)[1], chloro.plast+(A17-24)[1]","Both"
"pSymA","gene-CDO30_21625","NP_435294.1","D-aminopeptidase",6,1,6,674141,674919,-0.03691155,0.02908254,0.0296796966666667,0.272166666666667,"chloro.plast-(DZA-13)[2], chloro.plast+(DZA-13)[3], chloro.plast-(A17-24)[1]","Both"
"pSymA","gene-CDO30_21630","NP_435293.1","D-amino acid aminotransferase",1,1,1,675513,675513,-0.02763273,-0.02763273,0.02763273,0.398,"chloro.plast-(DZA-13)[1]","DZA only"
"pSymA","gene-CDO30_21635","NP_435292.1","BA14K family protein",1,1,1,676347,676347,-0.02735347,-0.02735347,0.02735347,0.382,"chloro.plast-(DZA-13)[1]","DZA only"
"pSymA","gene-CDO30_21645","NP_435290.1","hypothetical protein",1,1,1,677698,677698,-0.0347902,-0.0347902,0.0347902,0.089,"chloro.plast-(DZA-13)[1]","DZA only"
"pSymA","gene-CDO30_21650","NP_435289.1","2-hydroxyacid dehydrogenase",1,1,1,678307,678307,-0.02978445,-0.02978445,0.02978445,0.11,"chloro.plast-(DZA-13)[1]","DZA only"
"pSymA","gene-CDO30_21675","NP_435284.1","LacI family transcriptional regulator",2,1,2,682298,682730,-0.02396381,0.03002679,0.0269953,0.1675,"chloro.plast-(DZA-13)[1], chloro.plast+(DZA-13)[1]","DZA only"
"pSymA","gene-CDO30_21695","NP_435280.1","ABC transporter permease",1,1,1,686590,686590,-0.03470704,-0.03470704,0.03470704,0.079,"chloro.plast-(DZA-13)[1]","DZA only"
"pSymA","gene-CDO30_21710","NP_435277.2","dehydratase",1,1,1,689640,689640,-0.03044919,-0.03044919,0.03044919,0.45,"chloro.plast-(A17-24)[1]","A17 only"
"pSymA","gene-CDO30_21720","NP_435275.1","GntR family transcriptional regulator",1,1,1,691340,691340,-0.0458501,-0.0458501,0.0458501,0.089,"chloro.plast-(A17-24)[1]","A17 only"
"pSymA","gene-CDO30_21790","NP_435263.1","ABC transporter ATP-binding protein",2,1,2,701605,701896,0.05162595,0.07981566,0.065720805,0.055,"chloro.plast+(DZA-13)[2]","DZA only"
"pSymA","gene-CDO30_21795","NP_435262.1","protease",1,1,1,703334,703334,-0.02440556,-0.02440556,0.02440556,0.246,"chloro.plast-(DZA-13)[1]","DZA only"
"pSymA","gene-CDO30_21865","YP_002000327.1","hypothetical protein",1,1,1,713547,713547,0.02606937,0.02606937,0.02606937,0.194,"chloro.plast+(DZA-13)[1]","DZA only"
"pSymA","gene-CDO30_21875","NP_435253.1","selenocysteine-specific translation elongation factor",1,1,1,715396,715396,-0.04088812,-0.04088812,0.04088812,0.052,"chloro.plast-(DZA-13)[1]","DZA only"
"pSymA","gene-CDO30_21885","NP_435251.1","L-selenocysteinyl-tRNA(Sec) synthase",1,1,1,717544,717544,0.02052907,0.02052907,0.02052907,0.346,"chloro.plast+(DZA-13)[1]","DZA only"
"pSymA","gene-CDO30_21890","NP_435250.1","formate dehydrogenase accessory protein FdhE",1,1,1,719075,719075,-0.02747318,-0.02747318,0.02747318,0.147,"chloro.plast-(DZA-13)[1]","DZA only"
"pSymA","gene-CDO30_21905","NP_435247.1","formate dehydrogenase-N subunit alpha",2,1,2,723145,723235,-0.04064955,-0.03061542,0.035632485,0.157,"chloro.plast-(DZA-13)[2]","DZA only"
"pSymA","gene-CDO30_21910","NP_436540.1","plasmid partitioning protein RepA",1,1,1,727368,727368,-0.02484708,-0.02484708,0.02484708,0.393,"chloro.plast-(DZA-13)[1]","DZA only"
"pSymA","gene-CDO30_21915","NP_436539.2","plasmid partitioning protein RepB",3,1,3,728177,728738,-0.02541889,0.03626592,0.0289314,0.171333333333333,"chloro.plast+(DZA-13)[2], chloro.plast-(DZA-13)[1]","DZA only"
"pSymA","gene-CDO30_21935","NP_436535.1","ABC transporter ATP-binding protein",1,1,1,732215,732215,-0.03436261,-0.03436261,0.03436261,0.084,"chloro.plast-(DZA-13)[1]","DZA only"
"pSymA","gene-CDO30_21955","NP_436532.1","catalase/peroxidase HPI",1,1,1,737360,737360,-0.05446468,-0.05446468,0.05446468,0.089,"chloro.plast-(A17-24)[1]","A17 only"
"pSymA","gene-CDO30_21970","YP_002000364.1","cupin",1,1,1,740639,740639,0.03661051,0.03661051,0.03661051,0.131,"chloro.plast+(DZA-13)[1]","DZA only"
"pSymA","gene-CDO30_21985","NP_436526.1","ABC transporter permease",1,1,1,744262,744262,-0.03284904,-0.03284904,0.03284904,0.141,"chloro.plast-(DZA-13)[1]","DZA only"
"pSymA","gene-CDO30_21990","NP_436525.1","ABC transporter ATP-binding protein",3,1,3,744776,745123,-0.03131071,-0.01966071,0.0257314233333333,0.269,"chloro.plast-(DZA-13)[3]","DZA only"
"pSymA","gene-CDO30_21995","NP_436524.1","amidase",1,1,1,747157,747157,0.03469161,0.03469161,0.03469161,0.241,"chloro.plast+(DZA-13)[1]","DZA only"
"pSymA","gene-CDO30_22000","NP_436523.1","BMP family ABC transporter substrate-binding protein",2,1,2,747416,747512,-0.02164559,0.0403153,0.030980445,0.1835,"chloro.plast+(DZA-13)[1], chloro.plast-(DZA-13)[1]","DZA only"
"pSymA","gene-CDO30_22010","NP_436521.2","adenylate/guanylate cyclase domain-containing protein",1,1,1,749803,749803,-0.03837479,-0.03837479,0.03837479,0.126,"chloro.plast-(DZA-13)[1]","DZA only"
"pSymA","gene-CDO30_22030","NP_436519.2","oxidoreductase",4,1,4,753360,754232,-0.0290743,-0.0218195,0.02656742,0.2145,"chloro.plast-(DZA-13)[4]","DZA only"
"pSymA","gene-CDO30_22035","NP_436518.1","molybdopterin dehydrogenase",2,1,2,756105,756298,-0.02498116,0.02720358,0.02609237,0.191,"chloro.plast+(DZA-13)[1], chloro.plast-(DZA-13)[1]","DZA only"
"pSymA","gene-CDO30_22045","NP_436516.2","class I SAM-dependent methyltransferase",1,1,1,757921,757921,-0.0429219,-0.0429219,0.0429219,0.105,"chloro.plast-(DZA-13)[1]","DZA only"
"pSymA","gene-CDO30_22135","NP_436500.1","potassium-transporting ATPase subunit B",2,1,2,777896,779684,0.02839825,0.03378629,0.03109227,0.178,"chloro.plast+(DZA-13)[2]","DZA only"
"pSymA","gene-CDO30_22140","NP_436499.1","potassium-transporting ATPase subunit C",3,1,3,780136,780256,-0.03214031,-0.01949858,0.0271687366666667,0.239333333333333,"chloro.plast-(DZA-13)[3]","DZA only"
"pSymA","gene-CDO30_22145","NP_436498.1","sensor histidine kinase KdpD",3,1,3,780441,781862,-0.03384313,0.02861058,0.0271008966666667,0.255,"chloro.plast+(DZA-13)[1], chloro.plast-(DZA-13)[2]","DZA only"
"pSymA","gene-CDO30_22150","NP_436497.1","DNA-binding response regulator",1,1,1,783737,783737,-0.02935682,-0.02935682,0.02935682,0.073,"chloro.plast-(DZA-13)[1]","DZA only"
"pSymA","gene-CDO30_22170","NP_436494.2","glutathione S-transferase family protein",1,1,1,787708,787708,-0.0407428,-0.0407428,0.0407428,0.126,"chloro.plast-(DZA-13)[1]","DZA only"
"pSymA","gene-CDO30_22175","WP_003525475.1","adenylyltransferase",1,1,1,788272,788272,-0.02888114,-0.02888114,0.02888114,0.199,"chloro.plast-(DZA-13)[1]","DZA only"
"pSymA","gene-CDO30_22180","NP_436491.1","oxidoreductase",4,1,4,789795,790945,-0.0359072,0.03537364,0.0341757975,0.1685,"chloro.plast-(DZA-13)[3], chloro.plast+(DZA-13)[1]","DZA only"
"pSymA","gene-CDO30_22205","NP_436486.1","sugar kinase",1,1,1,795595,795595,-0.0302639,-0.0302639,0.0302639,0.34,"chloro.plast-(A17-24)[1]","A17 only"
"pSymA","gene-CDO30_22210","NP_436485.1","GGDEF domain-containing protein",1,1,1,796877,796877,-0.03463166,-0.03463166,0.03463166,0.063,"chloro.plast-(DZA-13)[1]","DZA only"
"pSymA","gene-CDO30_22225","WP_020479365.1","hypothetical protein",1,1,1,800541,800541,0.03001865,0.03001865,0.03001865,0.241,"chloro.plast+(DZA-13)[1]","DZA only"
"pSymA","gene-CDO30_22230","NP_436482.1","penicillin-binding protein 2",1,1,1,801282,801282,-0.03854185,-0.03854185,0.03854185,0.131,"chloro.plast-(DZA-13)[1]","DZA only"
"pSymA","gene-CDO30_22235","NP_436481.1","penicillin-binding protein 1A",1,1,1,803371,803371,0.03836082,0.03836082,0.03836082,0.084,"chloro.plast+(DZA-13)[1]","DZA only"
"pSymA","gene-CDO30_22240","NP_436480.1","LysR family transcriptional regulator",2,1,2,805127,805163,-0.03503835,-0.03175044,0.033394395,0.233,"chloro.plast-(DZA-13)[2]","DZA only"
"pSymA","gene-CDO30_22315","NP_436465.1","hypothetical protein",1,1,1,813521,813521,0.04570068,0.04570068,0.04570068,0.058,"chloro.plast+(DZA-13)[1]","DZA only"
"pSymA","gene-CDO30_22320","YP_001314981.1","hypothetical protein",3,1,3,813845,813962,0.03954318,0.04600733,0.0438352333333333,0.155666666666667,"chloro.plast+(DZA-13)[3]","DZA only"
"pSymA","gene-CDO30_22610","NP_436416.2","transcriptional regulator",1,1,1,867234,867234,-0.05623322,-0.05623322,0.05623322,0.07,"chloro.plast-(A17-24)[1]","A17 only"
"pSymA","gene-CDO30_22720","NP_436397.2","hemolysin-type calcium-binding protein",2,1,2,889936,890097,0.02321697,0.0238388,0.023527885,0.4125,"chloro.plast+(DZA-13)[2]","DZA only"
"pSymA","gene-CDO30_23055","WP_017266788.1","LysR family transcriptional regulator",1,1,1,955129,955129,0.02318757,0.02318757,0.02318757,0.274,"chloro.plast+(DZA-13)[1]","DZA only"
"pSymA","gene-CDO30_23060","NP_436334.1","epimerase",1,1,1,956269,956269,0.02215577,0.02215577,0.02215577,0.468,"chloro.plast+(DZA-13)[1]","DZA only"
"pSymA","gene-CDO30_23065","NP_436333.1","LysR family transcriptional regulator",3,1,3,956865,957466,-0.04233056,-0.02980242,0.0380749,0.0843333333333333,"chloro.plast-(DZA-13)[2], chloro.plast-(A17-24)[1]","Both"
"pSymA","gene-CDO30_23070","NP_436332.2","haloacid dehalogenase type II",1,1,1,958169,958169,0.02580715,0.02580715,0.02580715,0.442,"chloro.plast+(DZA-13)[1]","DZA only"
"pSymA","gene-CDO30_23075","NP_436331.2","hypothetical protein",1,1,1,958575,958575,0.02253157,0.02253157,0.02253157,0.453,"chloro.plast+(DZA-13)[1]","DZA only"
"pSymA","gene-CDO30_23085","NP_436328.1","antibiotic biosynthesis monooxygenase",1,1,1,960852,960852,-0.02785766,-0.02785766,0.02785766,0.132,"chloro.plast-(DZA-13)[1]","DZA only"
"pSymA","gene-CDO30_23095","NP_436326.2","type 1 glutamine amidotransferase domain-containing protein",1,1,1,962400,962400,-0.01933412,-0.01933412,0.01933412,0.495,"chloro.plast-(DZA-13)[1]","DZA only"
"pSymA","gene-CDO30_23100","NP_436325.1","short-chain dehydrogenase",1,1,1,962878,962878,-0.03909815,-0.03909815,0.03909815,0.053,"chloro.plast-(DZA-13)[1]","DZA only"
"pSymA","gene-CDO30_23105","NP_436324.1","LysR family transcriptional regulator",1,1,1,963455,963455,-0.04519891,-0.04519891,0.04519891,0.052,"chloro.plast-(DZA-13)[1]","DZA only"
"pSymA","gene-CDO30_23135","NP_436318.1","NmrA family protein",1,1,1,969835,969835,-0.02286508,-0.02286508,0.02286508,0.479,"chloro.plast-(DZA-13)[1]","DZA only"
"pSymA","gene-CDO30_23140","NP_436317.2","LysR family transcriptional regulator",1,1,1,970930,970930,-0.02428647,-0.02428647,0.02428647,0.153,"chloro.plast-(DZA-13)[1]","DZA only"
"pSymA","gene-CDO30_23155","NP_436315.1","serine hydrolase",1,1,1,973745,973745,-0.02447469,-0.02447469,0.02447469,0.142,"chloro.plast-(DZA-13)[1]","DZA only"
"pSymA","gene-CDO30_23160","WP_015445499.1","class A beta-lactamase",1,1,1,974152,974152,-0.02882716,-0.02882716,0.02882716,0.126,"chloro.plast-(DZA-13)[1]","DZA only"
"pSymA","gene-CDO30_23185","NP_436311.1","EamA family transporter",1,1,1,977950,977950,-0.01968642,-0.01968642,0.01968642,0.463,"chloro.plast-(DZA-13)[1]","DZA only"
"pSymA","gene-CDO30_23195","NP_436309.1","hypothetical protein",1,1,1,980033,980033,-0.02080184,-0.02080184,0.02080184,0.468,"chloro.plast-(DZA-13)[1]","DZA only"
"pSymA","gene-CDO30_23320","NP_436294.1","penicillin-binding protein",1,1,1,998322,998322,0.04057167,0.04057167,0.04057167,0.089,"chloro.plast+(DZA-13)[1]","DZA only"
"pSymA","gene-CDO30_23335","YP_001314413.1","protease",2,1,2,1001352,1002364,-0.0208299,0.02440275,0.022616325,0.337,"chloro.plast-(DZA-13)[1], chloro.plast+(DZA-13)[1]","DZA only"
"pSymA","gene-CDO30_23340","NP_436291.1","hypothetical protein",1,1,1,1002802,1002802,0.02860227,0.02860227,0.02860227,0.287,"chloro.plast+(DZA-13)[1]","DZA only"
"pSymA","gene-CDO30_23345","NP_436290.1","osmotically inducible protein C",1,1,1,1003823,1003823,-0.02010091,-0.02010091,0.02010091,0.429,"chloro.plast-(DZA-13)[1]","DZA only"
"pSymA","gene-CDO30_23350","NP_436289.1","peptide-methionine (S)-S-oxide reductase",1,1,1,1005160,1005160,0.03116132,0.03116132,0.03116132,0.132,"chloro.plast+(DZA-13)[1]","DZA only"
"pSymA","gene-CDO30_23355","NP_436288.1","peptide-methionine (R)-S-oxide reductase",1,1,1,1005422,1005422,0.02973968,0.02973968,0.02973968,0.379,"chloro.plast+(DZA-13)[1]","DZA only"
"pSymA","gene-CDO30_23445","NP_436272.1","ABC transporter ATP-binding protein",1,1,1,1023448,1023448,-0.02585166,-0.02585166,0.02585166,0.16,"chloro.plast-(DZA-13)[1]","DZA only"
"pSymA","gene-CDO30_23450","NP_436271.1","ABC transporter permease",1,1,1,1024282,1024282,0.04237927,0.04237927,0.04237927,0.08,"chloro.plast+(DZA-13)[1]","DZA only"
"pSymA","gene-CDO30_23470","NP_436267.1","aspartate aminotransferase family protein",1,1,1,1029522,1029522,0.04596496,0.04596496,0.04596496,0.08,"chloro.plast+(DZA-13)[1]","DZA only"
"pSymA","gene-CDO30_23555","NP_436252.1","AraC family transcriptional regulator",1,1,1,1046956,1046956,0.0460388,0.0460388,0.0460388,0.111,"chloro.plast+(A17-24)[1]","A17 only"
"pSymA","gene-CDO30_23565","NP_436250.2","AraC family transcriptional regulator",1,1,1,1049124,1049124,0.03912659,0.03912659,0.03912659,0.063,"chloro.plast+(DZA-13)[1]","DZA only"
"pSymA","gene-CDO30_23595","NP_436245.1","MFS transporter",3,1,3,1053288,1054680,-0.01931313,0.0220082,0.0207103133333333,0.424666666666667,"chloro.plast+(DZA-13)[2], chloro.plast-(DZA-13)[1]","DZA only"
"pSymA","gene-CDO30_23600","NP_436244.1","MBL fold metallo-hydrolase",1,1,1,1055421,1055421,0.02258927,0.02258927,0.02258927,0.432,"chloro.plast+(DZA-13)[1]","DZA only"
"pSymA","gene-CDO30_23610","NP_436242.1","hypothetical protein",1,1,1,1056943,1056943,0.02126235,0.02126235,0.02126235,0.432,"chloro.plast+(DZA-13)[1]","DZA only"
"pSymA","gene-CDO30_23745","NP_436219.1","aminotransferase",2,1,2,1078215,1078518,-0.05190859,0.04785558,0.049882085,0.068,"chloro.plast+(DZA-13)[1], chloro.plast-(A17-24)[1]","Both"
"pSymA","gene-CDO30_23750","NP_436218.1","phosphotransferase",1,1,1,1079400,1079400,0.01949387,0.01949387,0.01949387,0.471,"chloro.plast+(DZA-13)[1]","DZA only"
"pSymA","gene-CDO30_23910","WP_017272267.1","hypothetical protein",1,1,1,1116083,1116083,0.04051864,0.04051864,0.04051864,0.099,"chloro.plast+(DZA-13)[1]","DZA only"
"pSymA","gene-CDO30_24020","NP_436166.2","amidohydrolase family protein",1,1,1,1139457,1139457,0.03825902,0.03825902,0.03825902,0.105,"chloro.plast+(DZA-13)[1]","DZA only"
"pSymA","gene-CDO30_24415","NP_436094.1","hybrid sensor histidine kinase/response regulator",1,1,1,1217705,1217705,-0.03360765,-0.03360765,0.03360765,0.173,"chloro.plast-(A17-24)[1]","A17 only"
"pSymA","gene-CDO30_24445","NP_436088.1","protein-L-isoaspartate O-methyltransferase",1,1,1,1226874,1226874,-0.04068222,-0.04068222,0.04068222,0.157,"chloro.plast-(A17-24)[1]","A17 only"
"pSymA","gene-CDO30_24450","NP_436087.2","NADH-quinone oxidoreductase subunit J",1,1,1,1227858,1227858,-0.03663569,-0.03663569,0.03663569,0.173,"chloro.plast-(A17-24)[1]","A17 only"
"pSymA","gene-CDO30_24460","NP_436085.1","cation:proton antiporter",1,1,1,1228621,1228621,-0.03538723,-0.03538723,0.03538723,0.147,"chloro.plast-(A17-24)[1]","A17 only"
"pSymA","gene-CDO30_24560","YP_001314499.1","GntR family transcriptional regulator",1,1,1,1250234,1250234,0.02223441,0.02223441,0.02223441,0.225,"chloro.plast+(DZA-13)[1]","DZA only"
"pSymA","gene-CDO30_24575","NP_436062.1","oxidoreductase",1,1,1,1252999,1252999,0.04599008,0.04599008,0.04599008,0.126,"chloro.plast+(A17-24)[1]","A17 only"
"pSymA","gene-CDO30_24605","NP_436056.1","oxidoreductase",1,1,1,1259133,1259133,-0.05200266,-0.05200266,0.05200266,0.068,"chloro.plast-(A17-24)[1]","A17 only"
"pSymA","gene-CDO30_24695","NP_436039.2","AraC family transcriptional regulator",1,1,1,1279111,1279111,0.06176669,0.06176669,0.06176669,0.063,"chloro.plast+(A17-24)[1]","A17 only"
"pSymA","gene-CDO30_24740","YP_001313791.1","ABC transporter permease",1,1,1,1288275,1288275,0.05269115,0.05269115,0.05269115,0.073,"chloro.plast+(A17-24)[1]","A17 only"
"pSymA","gene-CDO30_24870","NP_436006.1","LysR family transcriptional regulator",2,1,2,1316356,1316627,-0.03940658,0.05215522,0.0457809,0.102,"chloro.plast+(DZA-13)[1], chloro.plast-(A17-24)[1]","Both"
"pSymA","gene-CDO30_24875","WP_014528683.1","FAD-binding oxidoreductase",1,1,1,1317903,1317903,-0.03544784,-0.03544784,0.03544784,0.147,"chloro.plast-(A17-24)[1]","A17 only"
"pSymA","gene-CDO30_24885","NP_436004.1","oxidase",1,1,1,1319525,1319525,0.03989027,0.03989027,0.03989027,0.225,"chloro.plast+(DZA-13)[1]","DZA only"
"pSymA","gene-CDO30_24915","NP_435999.1","ABC transporter permease",1,1,2,1326104,1326104,-0.03788829,0.02995874,0.033923515,0.141,"chloro.plast+(DZA-13)[1], chloro.plast-(A17-24)[1]","Both"
"pSymA","gene-CDO30_24920","YP_001313776.1","ABC transporter ATP-binding protein",1,1,1,1326424,1326424,0.04165854,0.04165854,0.04165854,0.105,"chloro.plast+(DZA-13)[1]","DZA only"
"pSymA","gene-CDO30_24940","NP_435994.1","ATP-binding protein",1,1,1,1330076,1330076,0.04929229,0.04929229,0.04929229,0.084,"chloro.plast+(DZA-13)[1]","DZA only"
"pSymA","gene-CDO30_24990","NP_435985.1","sugar phosphate isomerase/epimerase",1,1,1,1338728,1338728,0.02794144,0.02794144,0.02794144,0.136,"chloro.plast+(DZA-13)[1]","DZA only"
"pSymA","gene-CDO30_25010","NP_435981.1","ABC transporter ATP-binding protein",1,1,1,1343223,1343223,0.03461457,0.03461457,0.03461457,0.115,"chloro.plast+(DZA-13)[1]","DZA only"
"pSymA","gene-CDO30_25035","NP_435977.2","ABC transporter substrate-binding protein",1,1,1,1347956,1347956,0.0427549,0.0427549,0.0427549,0.063,"chloro.plast+(DZA-13)[1]","DZA only"
"pSymA","gene-CDO30_25110","NP_435962.1","VirB4 family type IV secretion/conjugal transfer ATPase",1,1,1,1360646,1360646,-0.04121602,-0.04121602,0.04121602,0.179,"chloro.plast-(A17-24)[1]","A17 only"
"pSymB","gene-CDO30_25190","NP_438067.1","phosphomethylpyrimidine synthase ThiC",1,1,1,19333,19333,-0.03271039,-0.03271039,0.03271039,0.204,"chloro.plast-(A17-24)[1]","A17 only"
"pSymB","gene-CDO30_25210","NP_438070.1","thiamine phosphate synthase",1,1,1,22280,22280,-0.03394667,-0.03394667,0.03394667,0.194,"chloro.plast-(A17-24)[1]","A17 only"
"pSymB","gene-CDO30_25245","NP_438077.1","MFS transporter",1,1,1,29869,29869,-0.0273571,-0.0273571,0.0273571,0.466,"chloro.plast-(A17-24)[1]","A17 only"
"pSymB","gene-CDO30_25330","NP_438094.3","bifunctional aldehyde dehydrogenase/enoyl-CoA hydratase",4,1,4,47559,48915,-0.03209203,-0.0309476,0.0314531825,0.41075,"chloro.plast-(A17-24)[4]","A17 only"
"pSymB","gene-CDO30_25335","NP_438095.1","phenylacetic acid degradation protein",1,1,1,50321,50321,-0.0341184,-0.0341184,0.0341184,0.455,"chloro.plast-(A17-24)[1]","A17 only"
"pSymB","gene-CDO30_25345","NP_438097.1","phenylacetate-CoA oxygenase subunit PaaI",1,1,1,51175,51175,-0.03234773,-0.03234773,0.03234773,0.445,"chloro.plast-(A17-24)[1]","A17 only"
"pSymB","gene-CDO30_25355","NP_438099.1","phenylacetate-CoA oxygenase subunit PaaA",3,1,3,52407,52941,0.02700828,0.03169705,0.0299385366666667,0.474333333333333,"chloro.plast+(A17-24)[3]","A17 only"
"pSymB","gene-CDO30_25420","NP_436541.1","sugar ABC transporter substrate-binding protein",1,1,1,68134,68134,-0.02854061,-0.02854061,0.02854061,0.435,"chloro.plast-(A17-24)[1]","A17 only"
"pSymB","gene-CDO30_25555","NP_436565.1","dienelactone hydrolase family protein",1,1,1,98325,98325,-0.03212798,-0.03212798,0.03212798,0.089,"chloro.plast-(DZA-13)[1]","DZA only"
"pSymB","gene-CDO30_25560","NP_436566.1","5-oxoprolinase",1,1,1,99425,99425,-0.03103867,-0.03103867,0.03103867,0.094,"chloro.plast-(DZA-13)[1]","DZA only"
"pSymB","gene-CDO30_25630","NP_436580.1","shikimate dehydrogenase",1,1,1,115911,115911,-0.02001442,-0.02001442,0.02001442,0.372,"chloro.plast-(DZA-13)[1]","DZA only"
"pSymB","gene-CDO30_25655","NP_436585.1","hypothetical protein",1,1,1,120849,120849,0.01846437,0.01846437,0.01846437,0.497,"chloro.plast+(DZA-13)[1]","DZA only"
"pSymB","gene-CDO30_25660","NP_436586.1","glycosyl transferase",1,1,1,121569,121569,-0.02808608,-0.02808608,0.02808608,0.12,"chloro.plast-(DZA-13)[1]","DZA only"
"pSymB","gene-CDO30_25710","NP_436596.1","ABC transporter substrate-binding protein",1,1,1,134969,134969,-0.05418871,-0.05418871,0.05418871,0.068,"chloro.plast-(A17-24)[1]","A17 only"
"pSymB","gene-CDO30_25715","NP_436597.1","iron ABC transporter permease",2,1,2,135670,136012,-0.05392649,-0.03149943,0.04271296,0.0785,"chloro.plast-(DZA-13)[1], chloro.plast-(A17-24)[1]","Both"
"pSymB","gene-CDO30_25725","NP_436599.1","SAM-dependent methyltransferase",2,1,2,137181,137565,-0.05407622,-0.03280687,0.043441545,0.2355,"chloro.plast-(A17-24)[2]","A17 only"
"pSymB","gene-CDO30_25765","NP_436605.1","hypothetical protein",1,1,1,141808,141808,-0.02889245,-0.02889245,0.02889245,0.126,"chloro.plast-(DZA-13)[1]","DZA only"
"pSymB","gene-CDO30_25775","NP_436607.1","DNA-binding protein",1,1,1,142458,142458,-0.02944828,-0.02944828,0.02944828,0.366,"chloro.plast-(A17-24)[1]","A17 only"
"pSymB","gene-CDO30_25820","NP_436616.1","short-chain dehydrogenase",3,1,3,151945,152158,-0.04129061,-0.02678941,0.0341477766666667,0.148333333333333,"chloro.plast-(DZA-13)[1], chloro.plast-(A17-24)[2]","Both"
"pSymB","gene-CDO30_25825","NP_436617.1","sensor histidine kinase",4,1,4,152884,154168,-0.03629396,-0.03461717,0.0352944375,0.1465,"chloro.plast-(A17-24)[4]","A17 only"
"pSymB","gene-CDO30_25830","NP_436618.1","DNA-binding response regulator",1,1,1,154878,154878,-0.0414198,-0.0414198,0.0414198,0.152,"chloro.plast-(A17-24)[1]","A17 only"
"pSymB","gene-CDO30_25840","NP_436619.1","hemolysin D",3,1,3,155895,158633,-0.04612371,-0.03776403,0.0419956433333333,0.127333333333333,"chloro.plast-(A17-24)[3]","A17 only"
"pSymB","gene-CDO30_25845","NP_436620.2","glutathione-dependent formaldehyde dehydrogenase",2,1,2,159526,159967,-0.04607856,-0.03986911,0.042973835,0.149,"chloro.plast-(A17-24)[2]","A17 only"
"pSymB","gene-CDO30_25885","NP_436628.1","protein-L-isoaspartate O-methyltransferase",2,1,2,164219,164572,-0.03587736,-0.03576607,0.035821715,0.081,"chloro.plast-(DZA-13)[2]","DZA only"
"pSymB","gene-CDO30_25910","NP_436633.1","lysylphosphatidylglycerol synthetase family protein",1,1,1,168616,168616,-0.02811635,-0.02811635,0.02811635,0.267,"chloro.plast-(A17-24)[1]","A17 only"
"pSymB","gene-CDO30_25920","NP_436635.1","pyruvate oxidase",1,1,1,172275,172275,-0.04629716,-0.04629716,0.04629716,0.246,"chloro.plast-(A17-24)[1]","A17 only"
"pSymB","gene-CDO30_25925","NP_436636.1","sensory rhodopsin transducer",1,1,1,172826,172826,-0.03384172,-0.03384172,0.03384172,0.183,"chloro.plast-(A17-24)[1]","A17 only"
"pSymB","gene-CDO30_25930","NP_436637.1","oxidoreductase",1,1,1,174045,174045,-0.03027734,-0.03027734,0.03027734,0.445,"chloro.plast-(A17-24)[1]","A17 only"
"pSymB","gene-CDO30_25935","NP_436638.1","sensory rhodopsin transducer",2,1,2,174274,174597,-0.03426387,-0.03009602,0.032179945,0.254,"chloro.plast-(DZA-13)[1], chloro.plast-(A17-24)[1]","Both"
"pSymB","gene-CDO30_25965","NP_436644.1","anion permease",1,1,1,182825,182825,0.03245881,0.03245881,0.03245881,0.335,"chloro.plast+(A17-24)[1]","A17 only"
"pSymB","gene-CDO30_26010","NP_436653.1","2-hydroxyacid dehydrogenase",2,1,2,192534,193044,-0.02885493,0.02843494,0.028644935,0.398,"chloro.plast+(A17-24)[1], chloro.plast-(A17-24)[1]","A17 only"
"pSymB","gene-CDO30_26015","NP_436654.1","ribonuclease activity regulator RraA",2,1,2,193352,193814,-0.04033778,-0.03478059,0.037559185,0.157,"chloro.plast-(A17-24)[2]","A17 only"
"pSymB","gene-CDO30_26020","NP_436655.1","dihydroxy-acid dehydratase",1,1,1,194079,194079,-0.02844588,-0.02844588,0.02844588,0.44,"chloro.plast-(A17-24)[1]","A17 only"
"pSymB","gene-CDO30_26025","NP_436656.1","amylo-alpha-1%2C6-glucosidase",4,1,4,196368,197640,-0.03656648,-0.03074639,0.03399463,0.3915,"chloro.plast-(A17-24)[4]","A17 only"
"pSymB","gene-CDO30_26090","YP_001312749.1","BMP family ABC transporter substrate-binding protein",1,1,1,206801,206801,-0.03481766,-0.03481766,0.03481766,0.263,"chloro.plast-(A17-24)[1]","A17 only"
"pSymB","gene-CDO30_26125","NP_436674.1","permease",2,1,2,215236,215351,-0.03635046,-0.02621485,0.031282655,0.275,"chloro.plast-(A17-24)[2]","A17 only"
"pSymB","gene-CDO30_26175","NP_436684.1","peptide ABC transporter substrate-binding protein",1,1,1,226257,226257,-0.03585179,-0.03585179,0.03585179,0.058,"chloro.plast-(DZA-13)[1]","DZA only"
"pSymB","gene-CDO30_26355","NP_436719.1","hypothetical protein",1,1,1,264926,264926,0.02845444,0.02845444,0.02845444,0.183,"chloro.plast+(DZA-13)[1]","DZA only"
"pSymB","gene-CDO30_26365","NP_436721.1","ABC transporter substrate-binding protein",1,1,1,265928,265928,0.01961754,0.01961754,0.01961754,0.445,"chloro.plast+(DZA-13)[1]","DZA only"
"pSymB","gene-CDO30_26375","NP_436723.1","ABC transporter ATP-binding protein",1,1,1,267954,267954,-0.02554901,-0.02554901,0.02554901,0.492,"chloro.plast-(A17-24)[1]","A17 only"
"pSymB","gene-CDO30_26450","NP_436738.1","pyrroloquinoline quinone biosynthesis protein B",1,1,1,281641,281641,0.04145559,0.04145559,0.04145559,0.079,"chloro.plast+(DZA-13)[1]","DZA only"
"pSymB","gene-CDO30_26515","NP_436751.1","two-component sensor histidine kinase",1,1,1,294799,294799,0.03772784,0.03772784,0.03772784,0.089,"chloro.plast+(DZA-13)[1]","DZA only"
"pSymB","gene-CDO30_26565","NP_436759.1","phage holin family protein",1,1,1,301210,301210,0.02796374,0.02796374,0.02796374,0.141,"chloro.plast+(DZA-13)[1]","DZA only"
"pSymB","gene-CDO30_26625","NP_436770.1","glycosyltransferase",1,1,1,312748,312748,-0.03526184,-0.03526184,0.03526184,0.073,"chloro.plast-(DZA-13)[1]","DZA only"
"pSymB","gene-CDO30_26670","NP_436779.1","inositol-3-phosphate synthase",2,1,2,323135,323270,0.02573659,0.03970213,0.03271936,0.173,"chloro.plast+(DZA-13)[1], chloro.plast+(A17-24)[1]","Both"
"pSymB","gene-CDO30_26675","NP_436780.1","histidine phosphatase family protein",1,1,1,323956,323956,0.0236503,0.0236503,0.0236503,0.209,"chloro.plast+(DZA-13)[1]","DZA only"
"pSymB","gene-CDO30_26680","NP_436781.1","beta-xylosidase",1,1,1,325418,325418,0.02992668,0.02992668,0.02992668,0.162,"chloro.plast+(DZA-13)[1]","DZA only"
"pSymB","gene-CDO30_26690","YP_001312624.1","polysaccharide pyruvyl transferase family protein",1,1,1,327658,327658,-0.03299343,-0.03299343,0.03299343,0.079,"chloro.plast-(DZA-13)[1]","DZA only"
"pSymB","gene-CDO30_26710","NP_436787.1","adenylate/guanylate cyclase domain-containing protein",2,1,2,330541,330628,0.02155291,0.02232019,0.02193655,0.259,"chloro.plast+(DZA-13)[2]","DZA only"
"pSymB","gene-CDO30_26715","NP_436788.1","GntR family transcriptional regulator",1,1,1,331116,331116,0.03141709,0.03141709,0.03141709,0.178,"chloro.plast+(DZA-13)[1]","DZA only"
"pSymB","gene-CDO30_26720","NP_436789.1","dihydrodipicolinate synthase family protein",1,1,1,331935,331935,0.03314732,0.03314732,0.03314732,0.204,"chloro.plast+(DZA-13)[1]","DZA only"
"pSymB","gene-CDO30_26730","NP_436791.1","malate dehydrogenase",1,1,1,333264,333264,0.02105239,0.02105239,0.02105239,0.241,"chloro.plast+(DZA-13)[1]","DZA only"
"pSymB","gene-CDO30_26750","NP_436795.1","amino acid ABC transporter permease",1,1,1,338105,338105,0.03022394,0.03022394,0.03022394,0.267,"chloro.plast+(DZA-13)[1]","DZA only"
"pSymB","gene-CDO30_26760","NP_436797.1","amino acid dehydrogenase",1,1,1,340173,340173,-0.0418372,-0.0418372,0.0418372,0.115,"chloro.plast-(A17-24)[1]","A17 only"
"pSymB","gene-CDO30_26765","NP_436798.1","hydroxyproline-2-epimerase",2,1,2,340504,340846,0.02660778,0.02827892,0.02744335,0.238,"chloro.plast+(DZA-13)[2]","DZA only"
"pSymB","gene-CDO30_26770","NP_436799.1","hypothetical protein",1,1,1,342210,342210,0.02221108,0.02221108,0.02221108,0.377,"chloro.plast+(DZA-13)[1]","DZA only"
"pSymB","gene-CDO30_26785","NP_436802.1","MFS transporter",1,1,1,345002,345002,-0.05987687,-0.05987687,0.05987687,0.058,"chloro.plast-(A17-24)[1]","A17 only"
"pSymB","gene-CDO30_26790","NP_436803.1","hypothetical protein",1,1,1,346224,346224,0.02137138,0.02137138,0.02137138,0.304,"chloro.plast+(DZA-13)[1]","DZA only"
"pSymB","gene-CDO30_26795","WP_003525672.1","hypothetical protein",1,1,1,346573,346573,0.03611097,0.03611097,0.03611097,0.209,"chloro.plast+(DZA-13)[1]","DZA only"
"pSymB","gene-CDO30_26805","NP_436805.1","3-keto-5-aminohexanoate cleavage enzyme",2,1,2,347073,347394,-0.02462895,0.03353647,0.02908271,0.3375,"chloro.plast-(DZA-13)[1], chloro.plast+(DZA-13)[1]","DZA only"
"pSymB","gene-CDO30_26810","NP_436806.1","MurR/RpiR family transcriptional regulator",1,1,1,348298,348298,0.02678719,0.02678719,0.02678719,0.199,"chloro.plast+(DZA-13)[1]","DZA only"
"pSymB","gene-CDO30_26815","NP_436807.1","aspartate aminotransferase family protein",3,1,3,349343,349729,-0.0266856,0.03454911,0.0276483866666667,0.317666666666667,"chloro.plast+(DZA-13)[2], chloro.plast-(DZA-13)[1]","DZA only"
"pSymB","gene-CDO30_26830","NP_436810.1","NAD(P)/FAD-dependent oxidoreductase",1,1,1,352048,352048,0.03018303,0.03018303,0.03018303,0.136,"chloro.plast+(DZA-13)[1]","DZA only"
"pSymB","gene-CDO30_26955","NP_436837.1","dihydroxyacetone kinase subunit L",1,1,1,379632,379632,-0.02101541,-0.02101541,0.02101541,0.236,"chloro.plast-(DZA-13)[1]","DZA only"
"pSymB","gene-CDO30_26960","NP_436838.1","dihydroxyacetone kinase subunit DhaK",1,1,1,382116,382116,0.0554562,0.0554562,0.0554562,0.073,"chloro.plast+(DZA-13)[1]","DZA only"
"pSymB","gene-CDO30_27040","NP_436853.1","carbohydrate ABC transporter permease",1,1,1,398614,398614,-0.02462442,-0.02462442,0.02462442,0.246,"chloro.plast-(DZA-13)[1]","DZA only"
"pSymB","gene-CDO30_27050","NP_436855.1","trehalose utilization protein ThuA",2,1,2,400110,400294,-0.02736664,0.03592948,0.03164806,0.1885,"chloro.plast-(DZA-13)[1], chloro.plast+(DZA-13)[1]","DZA only"
"pSymB","gene-CDO30_27055","NP_436856.1","gfo/Idh/MocA family oxidoreductase",1,1,1,401848,401848,-0.02960016,-0.02960016,0.02960016,0.099,"chloro.plast-(DZA-13)[1]","DZA only"
"pSymB","gene-CDO30_27085","WP_017264403.1","DUF2950 domain-containing protein",1,1,1,406657,406657,0.0514387,0.0514387,0.0514387,0.101,"chloro.plast+(A17-24)[1]","A17 only"
"pSymB","gene-CDO30_27095","NP_436860.1","formylglycine-generating enzyme family protein",2,1,2,407401,407796,-0.03217902,0.04503336,0.03860619,0.0815,"chloro.plast-(DZA-13)[1], chloro.plast+(A17-24)[1]","Both"
"pSymB","gene-CDO30_27150","NP_436870.1","AraC family transcriptional regulator",1,1,1,416807,416807,0.02992934,0.02992934,0.02992934,0.12,"chloro.plast+(DZA-13)[1]","DZA only"
"pSymB","gene-CDO30_27185","NP_436876.1","DUF2291 domain-containing protein",1,1,1,425641,425641,-0.03752022,-0.03752022,0.03752022,0.068,"chloro.plast-(DZA-13)[1]","DZA only"
"pSymB","gene-CDO30_27210","NP_436881.1","DUF3365 domain-containing protein",1,1,1,431745,431745,-0.03710489,-0.03710489,0.03710489,0.079,"chloro.plast-(DZA-13)[1]","DZA only"
"pSymB","gene-CDO30_27225","NP_436884.1","adenylate cyclase",1,1,1,435699,435699,-0.03105484,-0.03105484,0.03105484,0.094,"chloro.plast-(DZA-13)[1]","DZA only"
"pSymB","gene-CDO30_27235","NP_436886.1","hypothetical protein",1,1,1,438513,438513,0.03109457,0.03109457,0.03109457,0.131,"chloro.plast+(DZA-13)[1]","DZA only"
"pSymB","gene-CDO30_27240","NP_436887.1","ion transporter",1,1,1,439721,439721,-0.03059037,-0.03059037,0.03059037,0.445,"chloro.plast-(A17-24)[1]","A17 only"
"pSymB","gene-CDO30_27245","NP_436888.1","inositol monophosphatase",2,1,2,440431,440471,-0.02947964,0.03053901,0.030009325,0.4685,"chloro.plast+(A17-24)[1], chloro.plast-(A17-24)[1]","A17 only"
"pSymB","gene-CDO30_27260","NP_436891.1","iron ABC transporter substrate-binding protein",1,1,1,445297,445297,0.02860008,0.02860008,0.02860008,0.435,"chloro.plast+(A17-24)[1]","A17 only"
"pSymB","gene-CDO30_27295","NP_436898.1","TRAP transporter large permease",1,1,1,452070,452070,-0.0251965,-0.0251965,0.0251965,0.163,"chloro.plast-(DZA-13)[1]","DZA only"
"pSymB","gene-CDO30_27305","NP_436900.1","TRAP transporter substrate-binding protein DctP",2,1,2,454046,454100,-0.02346051,0.03851496,0.030987735,0.179,"chloro.plast+(DZA-13)[1], chloro.plast-(DZA-13)[1]","DZA only"
"pSymB","gene-CDO30_27310","YP_001312488.1","FadR family transcriptional regulator",1,1,1,454457,454457,0.03201999,0.03201999,0.03201999,0.221,"chloro.plast+(DZA-13)[1]","DZA only"
"pSymB","gene-CDO30_27325","NP_436904.1","NAD-dependent succinate-semialdehyde dehydrogenase",1,1,1,456397,456397,0.02656769,0.02656769,0.02656769,0.163,"chloro.plast+(DZA-13)[1]","DZA only"
"pSymB","gene-CDO30_27330","NP_436905.1","aspartate aminotransferase family protein",1,1,1,457982,457982,0.02856469,0.02856469,0.02856469,0.253,"chloro.plast+(DZA-13)[1]","DZA only"
"pSymB","gene-CDO30_27355","NP_436910.1","dipeptidase",1,1,1,463233,463233,0.02660309,0.02660309,0.02660309,0.178,"chloro.plast+(DZA-13)[1]","DZA only"
"pSymB","gene-CDO30_27375","NP_436914.1","NADPH:quinone reductase",1,1,1,467922,467922,0.03448397,0.03448397,0.03448397,0.178,"chloro.plast+(DZA-13)[1]","DZA only"
"pSymB","gene-CDO30_27395","NP_436917.1","Curdlan synthase",1,1,1,471439,471439,0.02989387,0.02989387,0.02989387,0.199,"chloro.plast+(DZA-13)[1]","DZA only"
"pSymB","gene-CDO30_27410","NP_436920.1","Hrp-dependent type III effector protein",2,1,2,475769,476514,0.02955545,0.06170885,0.04563215,0.1365,"chloro.plast+(DZA-13)[1], chloro.plast+(A17-24)[1]","Both"
"pSymB","gene-CDO30_27420","NP_436922.1","dehydrogenase",1,1,1,479451,479451,0.02095174,0.02095174,0.02095174,0.293,"chloro.plast+(DZA-13)[1]","DZA only"
"pSymB","gene-CDO30_27450","NP_436928.1","alcohol dehydrogenase",2,1,2,483189,483690,0.02709837,0.02742938,0.027263875,0.249,"chloro.plast+(DZA-13)[2]","DZA only"
"pSymB","gene-CDO30_27460","NP_436930.1","aldehyde dehydrogenase",5,1,5,485262,486544,0.02426225,0.02870824,0.02651517,0.2386,"chloro.plast+(DZA-13)[5]","DZA only"
"pSymB","gene-CDO30_27520","NP_436942.1","sn-glycerol-3-phosphate-binding periplasmic protein UgpB",1,1,1,498222,498222,0.02748553,0.02748553,0.02748553,0.173,"chloro.plast+(DZA-13)[1]","DZA only"
"pSymB","gene-CDO30_27525","NP_436943.1","sn-glycerol 3-phosphate ABC transporter permease",1,1,1,498683,498683,0.02790848,0.02790848,0.02790848,0.199,"chloro.plast+(DZA-13)[1]","DZA only"
"pSymB","gene-CDO30_27535","NP_436945.1","sn-glycerol-3-phosphate import ATP-binding protein UgpC",1,1,1,501069,501069,-0.02487381,-0.02487381,0.02487381,0.168,"chloro.plast-(DZA-13)[1]","DZA only"
"pSymB","gene-CDO30_27555","NP_436949.1","aspartate aminotransferase family protein",1,1,1,506039,506039,0.03104122,0.03104122,0.03104122,0.12,"chloro.plast+(DZA-13)[1]","DZA only"
"pSymB","gene-CDO30_27560","NP_436950.1","NAD-dependent succinate-semialdehyde dehydrogenase",1,1,1,507302,507302,-0.03036261,-0.03036261,0.03036261,0.079,"chloro.plast-(DZA-13)[1]","DZA only"
"pSymB","gene-CDO30_27570","YP_002824530.1","PLP-dependent aminotransferase family protein",1,1,1,508881,508881,-0.02370723,-0.02370723,0.02370723,0.126,"chloro.plast-(DZA-13)[1]","DZA only"
"pSymB","gene-CDO30_27595","NP_436957.1","ectoine utilization protein EutA",1,1,1,513874,513874,-0.03142699,-0.03142699,0.03142699,0.173,"chloro.plast-(DZA-13)[1]","DZA only"
"pSymB","gene-CDO30_27605","NP_436959.1","cyclodeaminase",1,1,1,515014,515014,-0.03702766,-0.03702766,0.03702766,0.058,"chloro.plast-(DZA-13)[1]","DZA only"
"pSymB","gene-CDO30_27610","NP_436960.1","ectoine hydrolase DoeA",1,1,1,516267,516267,0.02182612,0.02182612,0.02182612,0.241,"chloro.plast+(DZA-13)[1]","DZA only"
"pSymB","gene-CDO30_27615","WP_003525897.1","N-alpha-acetyl diaminobutyric acid deacetylase DoeB",1,1,1,517120,517120,0.02176993,0.02176993,0.02176993,0.304,"chloro.plast+(DZA-13)[1]","DZA only"
"pSymB","gene-CDO30_27625","NP_436963.1","FadR family transcriptional regulator",2,1,2,520173,520446,-0.03352589,0.02401375,0.02876982,0.2745,"chloro.plast+(DZA-13)[1], chloro.plast-(DZA-13)[1]","DZA only"
"pSymB","gene-CDO30_27635","NP_436965.1","TRAP transporter small permease",1,1,1,522133,522133,-0.03252025,-0.03252025,0.03252025,0.126,"chloro.plast-(DZA-13)[1]","DZA only"
"pSymB","gene-CDO30_27645","NP_436967.1","L-idonate 5-dehydrogenase",3,1,3,523898,524207,-0.02477264,0.02506987,0.02369728,0.29,"chloro.plast-(DZA-13)[2], chloro.plast+(DZA-13)[1]","DZA only"
"pSymB","gene-CDO30_27650","NP_436968.1","mannonate dehydratase",4,1,4,525449,526126,-0.02784765,0.02479368,0.02412327,0.2305,"chloro.plast+(DZA-13)[3], chloro.plast-(DZA-13)[1]","DZA only"
"pSymB","gene-CDO30_27655","NP_436969.1","GGDEF-domain containing protein",1,1,1,526891,526891,-0.02755422,-0.02755422,0.02755422,0.147,"chloro.plast-(DZA-13)[1]","DZA only"
"pSymB","gene-CDO30_27715","NP_436981.1","UDP-glucose 4-epimerase GalE",1,1,1,539040,539040,0.03079398,0.03079398,0.03079398,0.141,"chloro.plast+(DZA-13)[1]","DZA only"
"pSymB","gene-CDO30_27720","NP_436982.1","N-acetylglucosaminyltransferase",1,1,1,541473,541473,-0.05801998,-0.05801998,0.05801998,0.058,"chloro.plast-(A17-24)[1]","A17 only"
"pSymB","gene-CDO30_27750","NP_436988.1","osmoprotectant NAGGN system M42 family peptidase",1,1,1,546981,546981,-0.0176266,-0.0176266,0.0176266,0.414,"chloro.plast-(DZA-13)[1]","DZA only"
"pSymB","gene-CDO30_27805","NP_436997.1","VOC family protein",1,1,1,555611,555611,-0.03317465,-0.03317465,0.03317465,0.126,"chloro.plast-(DZA-13)[1]","DZA only"
"pSymB","gene-CDO30_27810","NP_436998.1","ABC transporter substrate-binding protein",1,1,1,556588,556588,-0.02110603,-0.02110603,0.02110603,0.257,"chloro.plast-(DZA-13)[1]","DZA only"
"pSymB","gene-CDO30_27840","NP_437004.1","N-acetylglutaminylglutamine synthetase",1,1,1,565648,565648,-0.04057387,-0.04057387,0.04057387,0.063,"chloro.plast-(DZA-13)[1]","DZA only"
"pSymB","gene-CDO30_27870","NP_437010.1","sugar phosphate isomerase/epimerase",1,1,1,572507,572507,-0.03779037,-0.03779037,0.03779037,0.183,"chloro.plast-(DZA-13)[1]","DZA only"
"pSymB","gene-CDO30_27885","YP_002122330.1","DUF899 domain-containing protein",4,1,4,575186,575864,-0.03414791,0.01905656,0.02599777,0.29975,"chloro.plast-(DZA-13)[2], chloro.plast+(DZA-13)[1], chloro.plast-(A17-24)[1]","Both"
"pSymB","gene-CDO30_27895","NP_437014.1","oxidoreductase",1,1,1,577228,577228,0.03614937,0.03614937,0.03614937,0.194,"chloro.plast+(A17-24)[1]","A17 only"
"pSymB","gene-CDO30_27900","NP_437015.1","3-ketoacyl-ACP reductase",2,1,2,578344,578655,-0.02616257,0.02873511,0.02744884,0.1305,"chloro.plast+(DZA-13)[1], chloro.plast-(DZA-13)[1]","DZA only"
"pSymB","gene-CDO30_27915","NP_437017.1","hypothetical protein",4,1,4,580952,582448,-0.02574104,0.03698044,0.0321839875,0.12025,"chloro.plast+(DZA-13)[3], chloro.plast-(DZA-13)[1]","DZA only"
"pSymB","gene-CDO30_27925","NP_437018.1","GMC family oxidoreductase",1,1,1,583796,583796,0.04404832,0.04404832,0.04404832,0.089,"chloro.plast+(DZA-13)[1]","DZA only"
"pSymB","gene-CDO30_27930","NP_437019.1","carbohydrate kinase",3,1,3,584871,585390,-0.04049284,0.02949257,0.0326688333333333,0.338666666666667,"chloro.plast-(DZA-13)[1], chloro.plast+(A17-24)[2]","Both"
"pSymB","gene-CDO30_27940","NP_437021.1","glycerol-3-phosphate dehydrogenase/oxidase",3,1,3,587190,588651,0.03528695,0.05375077,0.0435742233333333,0.146666666666667,"chloro.plast+(DZA-13)[1], chloro.plast+(A17-24)[2]","Both"
"pSymB","gene-CDO30_27945","NP_437022.1","aldo/keto reductase",3,1,3,589250,589646,-0.03617749,-0.02218281,0.02965025,0.145,"chloro.plast-(DZA-13)[3]","DZA only"
"pSymB","gene-CDO30_27950","NP_437023.2","transcriptional regulator",3,1,4,589897,590644,-0.06271214,0.0399433,0.04090468,0.13125,"chloro.plast-(DZA-13)[2], chloro.plast-(A17-24)[1], chloro.plast+(A17-24)[1]","Both"
"pSymB","gene-CDO30_27955","NP_437024.1","ABC transporter permease",2,1,2,591072,591656,0.03058546,0.03532939,0.032957425,0.123,"chloro.plast+(DZA-13)[2]","DZA only"
"pSymB","gene-CDO30_27960","NP_437025.1","ribose import ATP-binding protein RbsA 2",2,1,2,593054,593102,-0.04692392,0.03168329,0.039303605,0.11,"chloro.plast+(DZA-13)[1], chloro.plast-(A17-24)[1]","Both"
"pSymB","gene-CDO30_27985","NP_437030.1","arabinose ABC transporter substrate-binding protein",1,1,1,598461,598461,0.02069739,0.02069739,0.02069739,0.246,"chloro.plast+(DZA-13)[1]","DZA only"
"pSymB","gene-CDO30_28015","NP_437035.1","chemotaxis protein CheB",1,1,1,604399,604399,-0.02185262,-0.02185262,0.02185262,0.34,"chloro.plast-(DZA-13)[1]","DZA only"
"pSymB","gene-CDO30_28020","NP_437036.1","chemotaxis protein",5,1,5,605309,605972,-0.027174,-0.02523501,0.026302358,0.3078,"chloro.plast-(DZA-13)[5]","DZA only"
"pSymB","gene-CDO30_28070","NP_437043.1","photosystem reaction center subunit H",1,1,1,615933,615933,0.02054035,0.02054035,0.02054035,0.361,"chloro.plast+(DZA-13)[1]","DZA only"
"pSymB","gene-CDO30_28140","NP_437054.1","dehydrogenase",1,1,1,626422,626422,-0.02220863,-0.02220863,0.02220863,0.268,"chloro.plast-(DZA-13)[1]","DZA only"
"pSymB","gene-CDO30_28145","NP_437055.1","DUF2264 domain-containing protein",1,1,1,628649,628649,-0.04148909,-0.04148909,0.04148909,0.074,"chloro.plast-(DZA-13)[1]","DZA only"
"pSymB","gene-CDO30_28150","NP_437056.1","LacI family transcriptional regulator",1,1,1,629234,629234,0.02523265,0.02523265,0.02523265,0.4,"chloro.plast+(A17-24)[1]","A17 only"
"pSymB","gene-CDO30_28165","NP_437058.1","adenylate/guanylate cyclase domain-containing protein",3,1,3,632336,633608,-0.02853948,-0.01952272,0.02292049,0.238333333333333,"chloro.plast-(DZA-13)[3]","DZA only"
"pSymB","gene-CDO30_28215","NP_437065.1","DUF982 domain-containing protein",1,1,1,639778,639778,0.05144526,0.05144526,0.05144526,0.175,"chloro.plast+(A17-24)[1]","A17 only"
"pSymB","gene-CDO30_28230","WP_015007763.1","GcrA cell cycle regulator",1,1,1,641237,641237,-0.02798865,-0.02798865,0.02798865,0.47,"chloro.plast-(A17-24)[1]","A17 only"
"pSymB","gene-CDO30_28255","NP_437069.1","DUF982 domain-containing protein",1,1,1,644131,644131,-0.03480817,-0.03480817,0.03480817,0.179,"chloro.plast-(A17-24)[1]","A17 only"
"pSymB","gene-CDO30_28260","NP_437070.1","DUF982 domain-containing protein",1,1,1,644817,644817,-0.01863732,-0.01863732,0.01863732,0.356,"chloro.plast-(DZA-13)[1]","DZA only"
"pSymB","gene-CDO30_28265","NP_437071.1","phospholipase",1,1,1,646122,646122,-0.02465681,-0.02465681,0.02465681,0.173,"chloro.plast-(DZA-13)[1]","DZA only"
"pSymB","gene-CDO30_28275","WP_014527394.1","hypothetical protein",1,1,1,646956,646956,-0.01889329,-0.01889329,0.01889329,0.403,"chloro.plast-(DZA-13)[1]","DZA only"
"pSymB","gene-CDO30_28290","NP_437075.2","cobalt transporter",1,1,1,648308,648308,-0.02689629,-0.02689629,0.02689629,0.136,"chloro.plast-(DZA-13)[1]","DZA only"
"pSymB","gene-CDO30_28300","WP_014527389.1","DUF454 domain-containing protein",2,1,2,650019,650156,-0.03958922,0.04985849,0.044723855,0.1255,"chloro.plast-(DZA-13)[1], chloro.plast+(A17-24)[1]","Both"
"pSymB","gene-CDO30_28320","NP_437079.1","copper chaperone",1,1,1,652314,652314,-0.02671276,-0.02671276,0.02671276,0.199,"chloro.plast-(DZA-13)[1]","DZA only"
"pSymB","gene-CDO30_28330","WP_003526551.1","nucleoside-diphosphate sugar epimerase",1,1,1,654651,654651,-0.02870153,-0.02870153,0.02870153,0.429,"chloro.plast-(A17-24)[1]","A17 only"
"pSymB","gene-CDO30_28355","NP_437085.1","glycosyl transferase",1,1,1,658457,658457,0.01935527,0.01935527,0.01935527,0.356,"chloro.plast+(DZA-13)[1]","DZA only"
"pSymB","gene-CDO30_28365","NP_437087.1","glycosyltransferase",1,1,1,659642,659642,0.05738209,0.05738209,0.05738209,0.068,"chloro.plast+(A17-24)[1]","A17 only"
"pSymB","gene-CDO30_28370","YP_001313730.1","hypothetical protein",2,1,2,661297,661481,0.03781631,0.06228072,0.050048515,0.1175,"chloro.plast+(DZA-13)[1], chloro.plast+(A17-24)[1]","Both"
"pSymB","gene-CDO30_28375","NP_437089.1","KpsF/GutQ family sugar isomerase",2,1,2,662074,662190,0.02572871,0.02955539,0.02764205,0.301,"chloro.plast+(DZA-13)[2]","DZA only"
"pSymB","gene-CDO30_28380","NP_437090.1","acyltransferase",6,1,6,663472,664933,0.02967947,0.05865087,0.04100897,0.169333333333333,"chloro.plast+(DZA-13)[6]","DZA only"
"pSymB","gene-CDO30_28395","NP_437093.2","ABC transporter ATP-binding protein",1,1,1,668059,668059,0.0269119,0.0269119,0.0269119,0.236,"chloro.plast+(DZA-13)[1]","DZA only"
"pSymB","gene-CDO30_28400","NP_437094.1","hypothetical protein",1,1,1,670081,670081,0.04220904,0.04220904,0.04220904,0.132,"chloro.plast+(DZA-13)[1]","DZA only"
"pSymB","gene-CDO30_28405","YP_001313723.1","membrane assembly protein AsmA",5,1,5,670521,673169,-0.02409722,0.05939417,0.039304494,0.154,"chloro.plast+(DZA-13)[3], chloro.plast-(DZA-13)[1], chloro.plast+(A17-24)[1]","Both"
"pSymB","gene-CDO30_28420","NP_437099.1","Rieske family ferredoxin",1,1,1,676004,676004,0.04860549,0.04860549,0.04860549,0.089,"chloro.plast+(DZA-13)[1]","DZA only"
"pSymB","gene-CDO30_28425","NP_437100.1","ferredoxin reductase",1,1,1,676548,676548,0.05047243,0.05047243,0.05047243,0.073,"chloro.plast+(DZA-13)[1]","DZA only"
"pSymB","gene-CDO30_28500","NP_437115.1","ABC transporter ATP-binding protein",2,1,2,691948,692461,0.03028294,0.03479139,0.032537165,0.165,"chloro.plast+(DZA-13)[2]","DZA only"
"pSymB","gene-CDO30_28510","NP_437117.1","cell surface protein",4,1,4,693722,694340,-0.04479708,0.03001299,0.0344896875,0.1825,"chloro.plast-(DZA-13)[2], chloro.plast+(DZA-13)[1], chloro.plast-(A17-24)[1]","Both"
"pSymB","gene-CDO30_28655","NP_437145.1","hypothetical protein",1,1,1,719494,719494,0.02923072,0.02923072,0.02923072,0.178,"chloro.plast+(DZA-13)[1]","DZA only"
"pSymB","gene-CDO30_28665","NP_437146.1","hypothetical protein",1,1,1,720189,720189,-0.02222358,-0.02222358,0.02222358,0.225,"chloro.plast-(DZA-13)[1]","DZA only"
"pSymB","gene-CDO30_28680","NP_437148.1","hypothetical protein",1,1,1,721514,721514,0.04019635,0.04019635,0.04019635,0.079,"chloro.plast+(DZA-13)[1]","DZA only"
"pSymB","gene-CDO30_28705","NP_437153.1","capsule biosynthesis protein CapA",2,1,2,727868,728323,0.03000895,0.05173953,0.04087424,0.0925,"chloro.plast+(DZA-13)[2]","DZA only"
"pSymB","gene-CDO30_28715","WP_017270003.1","hypothetical protein",1,1,1,730207,730207,-0.04011589,-0.04011589,0.04011589,0.123,"chloro.plast-(A17-24)[1]","A17 only"
"pSymB","gene-CDO30_28730","NP_437156.1","DNA ligase D",3,1,5,731431,732990,-0.04527923,0.03456891,0.034376222,0.224,"chloro.plast+(DZA-13)[1], chloro.plast-(DZA-13)[1], chloro.plast-(A17-24)[2], chloro.plast+(A17-24)[1]","Both"
"pSymB","gene-CDO30_28735","WP_017263565.1","hypothetical protein",1,1,1,733608,733608,-0.04571154,-0.04571154,0.04571154,0.068,"chloro.plast-(DZA-13)[1]","DZA only"
"pSymB","gene-CDO30_28750","WP_014527326.1","hypothetical protein",1,1,1,736273,736273,-0.02692603,-0.02692603,0.02692603,0.105,"chloro.plast-(DZA-13)[1]","DZA only"
"pSymB","gene-CDO30_28780","NP_437160.1","hypothetical protein",3,1,3,740670,740999,-0.03425013,-0.03011853,0.0315112333333333,0.217,"chloro.plast-(A17-24)[3]","A17 only"
"pSymB","gene-CDO30_28815","YP_001313568.1","acyl carrier protein",1,1,1,745124,745124,-0.05410859,-0.05410859,0.05410859,0.053,"chloro.plast-(A17-24)[1]","A17 only"
"pSymB","gene-CDO30_29020","NP_437206.1","Ti-type conjugative transfer relaxase TraA",7,1,7,794321,797705,-0.06942533,0.04492063,0.04128681,0.100285714285714,"chloro.plast-(DZA-13)[3], chloro.plast+(DZA-13)[2], chloro.plast-(A17-24)[2]","Both"
"pSymB","gene-CDO30_29030","YP_001313706.1","CoA transferase",1,1,1,798853,798853,-0.03752898,-0.03752898,0.03752898,0.147,"chloro.plast-(DZA-13)[1]","DZA only"
"pSymB","gene-CDO30_29035","NP_437209.1","carbohydrate ABC transporter substrate-binding protein",1,1,1,800546,800546,0.03321338,0.03321338,0.03321338,0.099,"chloro.plast+(DZA-13)[1]","DZA only"
"pSymB","gene-CDO30_29040","NP_437210.1","glycosyl hydrolase",1,1,1,801877,801877,0.03117757,0.03117757,0.03117757,0.12,"chloro.plast+(DZA-13)[1]","DZA only"
"pSymB","gene-CDO30_29045","NP_437211.1","N-acetyltransferase",1,1,1,802493,802493,-0.0247517,-0.0247517,0.0247517,0.168,"chloro.plast-(DZA-13)[1]","DZA only"
"pSymB","gene-CDO30_29105","NP_437223.2","sugar ABC transporter permease",1,1,1,814187,814187,-0.03677867,-0.03677867,0.03677867,0.157,"chloro.plast-(DZA-13)[1]","DZA only"
"pSymB","gene-CDO30_29110","NP_437224.1","carbohydrate ABC transporter permease",1,1,1,815092,815092,-0.03415097,-0.03415097,0.03415097,0.099,"chloro.plast-(DZA-13)[1]","DZA only"
"pSymB","gene-CDO30_29115","NP_437225.1","ABC transporter ATP-binding protein",1,1,1,816580,816580,-0.05502199,-0.05502199,0.05502199,0.052,"chloro.plast-(A17-24)[1]","A17 only"
"pSymB","gene-CDO30_29120","NP_437226.1","mandelate racemase",2,1,2,816995,817574,-0.02890007,-0.02299906,0.025949565,0.1885,"chloro.plast-(DZA-13)[2]","DZA only"
"pSymB","gene-CDO30_29130","NP_437228.1","gfo/Idh/MocA family oxidoreductase",2,1,2,818681,819009,-0.02419974,-0.02099074,0.02259524,0.215,"chloro.plast-(DZA-13)[2]","DZA only"
"pSymB","gene-CDO30_29165","NP_437235.1","antibiotic resistance protein",2,1,2,825278,825353,-0.02554415,-0.0226573,0.024100725,0.246,"chloro.plast-(DZA-13)[2]","DZA only"
"pSymB","gene-CDO30_29170","NP_437236.1","XRE family transcriptional regulator",1,1,1,825868,825868,0.02424923,0.02424923,0.02424923,0.241,"chloro.plast+(DZA-13)[1]","DZA only"
"pSymB","gene-CDO30_29175","WP_014530517.1","hypothetical protein",1,1,1,826311,826311,-0.0243028,-0.0243028,0.0243028,0.257,"chloro.plast-(DZA-13)[1]","DZA only"
"pSymB","gene-CDO30_29215","NP_437245.1","enoyl-CoA hydratase",1,1,1,833304,833304,0.01939271,0.01939271,0.01939271,0.461,"chloro.plast+(DZA-13)[1]","DZA only"
"pSymB","gene-CDO30_29220","NP_437246.1","DUF2384 domain-containing protein",2,1,2,834040,834373,-0.03273498,0.03536581,0.034050395,0.105,"chloro.plast-(DZA-13)[1], chloro.plast+(DZA-13)[1]","DZA only"
"pSymB","gene-CDO30_29225","NP_437247.1","hypothetical protein",1,1,1,834899,834899,0.02145725,0.02145725,0.02145725,0.356,"chloro.plast+(DZA-13)[1]","DZA only"
"pSymB","gene-CDO30_29230","YP_001313273.1","FAD-binding oxidoreductase",2,1,2,835344,836286,0.02520888,0.04113454,0.03317171,0.228,"chloro.plast+(DZA-13)[1], chloro.plast+(A17-24)[1]","Both"
"pSymB","gene-CDO30_29240","YP_001313275.1","sulfate ABC transporter permease subunit CysW",2,1,4,837936,838245,-0.02674858,0.04890542,0.036248665,0.178,"chloro.plast-(DZA-13)[2], chloro.plast+(A17-24)[2]","Both"
"pSymB","gene-CDO30_29270","NP_437256.1","amino acid ABC transporter permease",2,1,2,844037,844153,-0.02352379,-0.02256211,0.02304295,0.217,"chloro.plast-(DZA-13)[2]","DZA only"
"pSymB","gene-CDO30_29320","NP_437265.1","ABC transporter substrate-binding protein",2,1,2,851870,852056,-0.02677552,-0.0219479,0.02436171,0.199,"chloro.plast-(DZA-13)[2]","DZA only"
"pSymB","gene-CDO30_29325","NP_437266.1","sugar kinase",2,1,2,853625,853932,-0.02239951,-0.02229362,0.022346565,0.2565,"chloro.plast-(DZA-13)[2]","DZA only"
"pSymB","gene-CDO30_29340","NP_437269.1","3'(2')%2C5'-bisphosphate nucleotidase CysQ",2,1,2,857002,857191,-0.02894869,-0.02352282,0.026235755,0.1725,"chloro.plast-(DZA-13)[2]","DZA only"
"pSymB","gene-CDO30_29345","NP_437270.1","histidinol-phosphatase",1,1,1,858314,858314,-0.02823301,-0.02823301,0.02823301,0.126,"chloro.plast-(DZA-13)[1]","DZA only"
"pSymB","gene-CDO30_29370","NP_437274.1","glycosyl transferase",1,1,1,862855,862855,-0.02828302,-0.02828302,0.02828302,0.267,"chloro.plast-(A17-24)[1]","A17 only"
"pSymB","gene-CDO30_29380","WP_015243130.1","polysaccharide biosynthesis protein",3,1,3,864688,866005,-0.03061519,0.04142919,0.0323968266666667,0.141333333333333,"chloro.plast-(DZA-13)[2], chloro.plast+(DZA-13)[1]","DZA only"
"pSymB","gene-CDO30_29405","NP_437284.1","chain-length determining protein",2,1,2,872557,873565,-0.02709001,-0.01849111,0.02279056,0.2265,"chloro.plast-(DZA-13)[2]","DZA only"
"pSymB","gene-CDO30_29410","NP_437285.1","lipid A core--O-antigen ligase",1,1,1,874931,874931,-0.02125712,-0.02125712,0.02125712,0.246,"chloro.plast-(DZA-13)[1]","DZA only"
"pSymB","gene-CDO30_29425","NP_437288.1","hypothetical protein",5,1,5,878701,879063,-0.02260302,0.07618242,0.052699726,0.1112,"chloro.plast+(DZA-13)[4], chloro.plast-(DZA-13)[1]","DZA only"
"pSymB","gene-CDO30_29430","NP_437289.1","sugar ABC transporter substrate-binding protein",1,1,1,880977,880977,-0.03557123,-0.03557123,0.03557123,0.058,"chloro.plast-(DZA-13)[1]","DZA only"
"pSymB","gene-CDO30_29455","NP_437294.1","glycosyltransferase family 4 protein",1,1,1,886391,886391,-0.02634596,-0.02634596,0.02634596,0.217,"chloro.plast-(DZA-13)[1]","DZA only"
"pSymB","gene-CDO30_29470","NP_437297.1","polysaccharide deacetylase",1,1,1,890254,890254,-0.05339286,-0.05339286,0.05339286,0.058,"chloro.plast-(A17-24)[1]","A17 only"
"pSymB","gene-CDO30_29530","NP_437310.1","glycosyl transferase",1,1,1,907010,907010,-0.05869292,-0.05869292,0.05869292,0.063,"chloro.plast-(A17-24)[1]","A17 only"
"pSymB","gene-CDO30_29540","YP_001313333.1","ABC transporter ATP-binding protein",3,1,3,908420,909449,-0.03199917,0.03665331,0.0341968466666667,0.192333333333333,"chloro.plast+(DZA-13)[2], chloro.plast-(A17-24)[1]","Both"
"pSymB","gene-CDO30_29550","NP_437315.1","nucleotide-binding protein",2,1,2,911369,911716,0.03857421,0.04315508,0.040864645,0.1255,"chloro.plast+(DZA-13)[2]","DZA only"
"pSymB","gene-CDO30_29555","NP_437316.1","LacI family transcriptional regulator",1,1,1,912982,912982,0.05025105,0.05025105,0.05025105,0.105,"chloro.plast+(DZA-13)[1]","DZA only"
"pSymB","gene-CDO30_29560","NP_437317.1","ABC transporter substrate-binding protein",1,1,1,913554,913554,-0.03196619,-0.03196619,0.03196619,0.105,"chloro.plast-(DZA-13)[1]","DZA only"
"pSymB","gene-CDO30_29565","NP_437318.1","spermidine/putrescine ABC transporter permease",2,1,2,914776,914942,0.03748477,0.05739178,0.047438275,0.0865,"chloro.plast+(DZA-13)[1], chloro.plast+(A17-24)[1]","Both"
"pSymB","gene-CDO30_29575","YP_001313340.1","ABC transporter ATP-binding protein",1,1,1,916146,916146,-0.03554873,-0.03554873,0.03554873,0.063,"chloro.plast-(DZA-13)[1]","DZA only"
"pSymB","gene-CDO30_29580","NP_437321.1","nucleoside hydrolase",1,1,1,917776,917776,0.06614029,0.06614029,0.06614029,0.073,"chloro.plast+(A17-24)[1]","A17 only"
"pSymB","gene-CDO30_29625","NP_437330.1","xanthine dehydrogenase small subunit",2,1,2,927566,927611,-0.05974937,-0.05914862,0.059448995,0.063,"chloro.plast-(A17-24)[2]","A17 only"
"pSymB","gene-CDO30_29630","NP_437331.1","xanthine dehydrogenase molybdopterin binding subunit",1,1,1,928955,928955,-0.0514119,-0.0514119,0.0514119,0.073,"chloro.plast-(A17-24)[1]","A17 only"
"pSymB","gene-CDO30_29670","YP_001313357.1","molecular chaperone Hsp20",1,1,1,938065,938065,0.03063707,0.03063707,0.03063707,0.11,"chloro.plast+(DZA-13)[1]","DZA only"
"pSymB","gene-CDO30_29680","NP_437341.1","penicillin-binding protein 1C",1,1,1,940302,940302,-0.01827941,-0.01827941,0.01827941,0.45,"chloro.plast-(DZA-13)[1]","DZA only"
"pSymB","gene-CDO30_29685","NP_437342.1","hypothetical protein",6,1,6,942278,945685,0.02717794,0.05989069,0.03941299,0.1205,"chloro.plast+(DZA-13)[6]","DZA only"
"pSymB","gene-CDO30_29700","NP_437345.1","aldehyde dehydrogenase",2,1,2,950493,951027,0.02392453,0.03401551,0.02897002,0.1755,"chloro.plast+(DZA-13)[2]","DZA only"
"pSymB","gene-CDO30_29705","NP_437346.1","fucose-binding protein",2,1,2,951290,951328,0.0245048,0.02571894,0.02511187,0.254,"chloro.plast+(DZA-13)[2]","DZA only"
"pSymB","gene-CDO30_29710","NP_437347.1","ABC transporter ATP-binding protein",1,1,1,951831,951831,0.02888243,0.02888243,0.02888243,0.131,"chloro.plast+(DZA-13)[1]","DZA only"
"pSymB","gene-CDO30_29715","NP_437348.1","dimethylarginine dimethylaminohydrolase",2,1,2,952629,952881,0.03183866,0.03537514,0.0336069,0.3035,"chloro.plast+(A17-24)[2]","A17 only"
"pSymB","gene-CDO30_29720","NP_437349.3","mercuric reductase",2,1,2,953203,953450,-0.03499308,0.03211168,0.03355238,0.1705,"chloro.plast-(DZA-13)[1], chloro.plast+(A17-24)[1]","Both"
"pSymB","gene-CDO30_29725","NP_437350.1","ABC transporter substrate-binding protein",1,1,1,955387,955387,0.06556588,0.06556588,0.06556588,0.058,"chloro.plast+(A17-24)[1]","A17 only"
"pSymB","gene-CDO30_29730","NP_437351.1","ABC transporter permease",1,1,1,956542,956542,-0.03505089,-0.03505089,0.03505089,0.073,"chloro.plast-(DZA-13)[1]","DZA only"
"pSymB","gene-CDO30_29740","NP_437353.1","ABC transporter",2,1,2,958027,958104,-0.03617384,0.03104683,0.033610335,0.084,"chloro.plast-(DZA-13)[1], chloro.plast+(DZA-13)[1]","DZA only"
"pSymB","gene-CDO30_29745","NP_437354.1","gfo/Idh/MocA family oxidoreductase",3,1,3,959079,959772,-0.03404403,-0.03000175,0.0324471166666667,0.106333333333333,"chloro.plast-(DZA-13)[3]","DZA only"
"pSymB","gene-CDO30_29755","NP_437356.1","carbohydrate ABC transporter permease",1,1,1,960946,960946,-0.04159283,-0.04159283,0.04159283,0.492,"chloro.plast-(A17-24)[1]","A17 only"
"pSymB","gene-CDO30_29760","NP_437357.1","ABC transporter substrate-binding protein",1,1,1,962596,962596,-0.02917827,-0.02917827,0.02917827,0.105,"chloro.plast-(DZA-13)[1]","DZA only"
"pSymB","gene-CDO30_29765","NP_437358.1","ABC transporter ATP-binding protein",2,1,2,963419,963731,-0.03407017,-0.03169969,0.03288493,0.081,"chloro.plast-(DZA-13)[2]","DZA only"
"pSymB","gene-CDO30_29775","NP_437360.1","VOC family protein",1,1,1,965256,965256,0.03428645,0.03428645,0.03428645,0.274,"chloro.plast+(A17-24)[1]","A17 only"
"pSymB","gene-CDO30_29780","NP_437361.1","microcystin LR degradation protein MlrC-like protein",1,1,1,965774,965774,0.02895354,0.02895354,0.02895354,0.361,"chloro.plast+(A17-24)[1]","A17 only"
"pSymB","gene-CDO30_29820","YP_001313386.1","urocanate hydratase",1,1,1,974410,974410,-0.04814632,-0.04814632,0.04814632,0.079,"chloro.plast-(A17-24)[1]","A17 only"
"pSymB","gene-CDO30_29830","NP_437371.1","histidine ammonia-lyase",1,1,1,976909,976909,0.08142836,0.08142836,0.08142836,0.058,"chloro.plast+(A17-24)[1]","A17 only"
"pSymB","gene-CDO30_29845","NP_437374.1","MFS transporter",1,1,1,981462,981462,-0.03544204,-0.03544204,0.03544204,0.063,"chloro.plast-(DZA-13)[1]","DZA only"
"pSymB","gene-CDO30_29880","NP_437381.1","phosphonate ABC transporter%2C permease protein PhnE",1,1,1,988106,988106,-0.05382052,-0.05382052,0.05382052,0.094,"chloro.plast-(A17-24)[1]","A17 only"
"pSymB","gene-CDO30_29895","NP_437384.1","trimethylamine--corrinoid methyltransferase",1,1,1,991286,991286,-0.02881516,-0.02881516,0.02881516,0.277,"chloro.plast-(A17-24)[1]","A17 only"
"pSymB","gene-CDO30_30035","NP_437412.1","ABC transporter ATP-binding protein",1,1,1,1024975,1024975,0.03086191,0.03086191,0.03086191,0.126,"chloro.plast+(DZA-13)[1]","DZA only"
"pSymB","gene-CDO30_30110","YP_001313438.1","glycosyl transferase",1,1,1,1042131,1042131,0.03210719,0.03210719,0.03210719,0.12,"chloro.plast+(DZA-13)[1]","DZA only"
"pSymB","gene-CDO30_30120","NP_437429.1","glycosyl transferase family 2",1,1,1,1045094,1045094,-0.03578576,-0.03578576,0.03578576,0.068,"chloro.plast-(DZA-13)[1]","DZA only"
"pSymB","gene-CDO30_30130","NP_437431.1","HlyD family type I secretion periplasmic adaptor subunit",1,1,1,1047385,1047385,-0.02565801,-0.02565801,0.02565801,0.126,"chloro.plast-(DZA-13)[1]","DZA only"
"pSymB","gene-CDO30_30225","NP_437450.1","DUF1236 domain-containing protein",1,1,1,1067302,1067302,-0.0194113,-0.0194113,0.0194113,0.497,"chloro.plast-(DZA-13)[1]","DZA only"
"pSymB","gene-CDO30_30230","NP_437451.1","AI-2E family transporter",1,1,1,1068539,1068539,-0.02954325,-0.02954325,0.02954325,0.099,"chloro.plast-(DZA-13)[1]","DZA only"
"pSymB","gene-CDO30_30275","NP_437461.1","sugar ABC transporter substrate-binding protein",3,1,3,1078202,1078374,-0.04178796,0.02429625,0.0286593166666667,0.312666666666667,"chloro.plast+(DZA-13)[2], chloro.plast-(DZA-13)[1]","DZA only"
"pSymB","gene-CDO30_30290","NP_437464.1","2-deoxy-D-gluconate 3-dehydrogenase",1,1,1,1080692,1080692,-0.02047537,-0.02047537,0.02047537,0.33,"chloro.plast-(DZA-13)[1]","DZA only"
"pSymB","gene-CDO30_30320","NP_437470.1","uronate isomerase",1,1,1,1086617,1086617,-0.03625732,-0.03625732,0.03625732,0.073,"chloro.plast-(DZA-13)[1]","DZA only"
"pSymB","gene-CDO30_30325","NP_437471.1","gfo/Idh/MocA family oxidoreductase",1,1,1,1087629,1087629,0.04402697,0.04402697,0.04402697,0.068,"chloro.plast+(DZA-13)[1]","DZA only"
"pSymB","gene-CDO30_30405","NP_437487.1","sodium:calcium exchanger",1,1,1,1098994,1098994,-0.03290351,-0.03290351,0.03290351,0.084,"chloro.plast-(DZA-13)[1]","DZA only"
"pSymB","gene-CDO30_30415","NP_437489.1","hypothetical protein",1,1,1,1102699,1102699,-0.0196075,-0.0196075,0.0196075,0.387,"chloro.plast-(DZA-13)[1]","DZA only"
"pSymB","gene-CDO30_30420","NP_437490.1","LacI family transcriptional regulator",1,1,1,1103594,1103594,-0.02650317,-0.02650317,0.02650317,0.257,"chloro.plast-(DZA-13)[1]","DZA only"
"pSymB","gene-CDO30_30430","NP_437492.1","sugar kinase",2,1,2,1105511,1105944,-0.01986032,0.05086205,0.035361185,0.2305,"chloro.plast+(DZA-13)[1], chloro.plast-(DZA-13)[1]","DZA only"
"pSymB","gene-CDO30_30440","NP_437494.1","sugar ABC transporter ATP-binding protein",1,1,1,1108130,1108130,-0.0214182,-0.0214182,0.0214182,0.241,"chloro.plast-(DZA-13)[1]","DZA only"
"pSymB","gene-CDO30_30445","NP_437495.1","sugar ABC transporter substrate-binding protein",2,1,2,1108858,1108954,-0.03298234,-0.03114076,0.03206155,0.0865,"chloro.plast-(DZA-13)[2]","DZA only"
"pSymB","gene-CDO30_30500","NP_437506.1","taurine import ATP-binding protein TauB",1,1,1,1118827,1118827,-0.03803228,-0.03803228,0.03803228,0.084,"chloro.plast-(DZA-13)[1]","DZA only"
"pSymB","gene-CDO30_30520","NP_437510.1","sulfoacetaldehyde acetyltransferase",2,1,2,1123010,1123140,-0.02543845,-0.02096242,0.023200435,0.191,"chloro.plast-(DZA-13)[2]","DZA only"
"pSymB","gene-CDO30_30530","NP_437512.1","phosphate acetyltransferase",1,1,1,1125137,1125137,-0.03283516,-0.03283516,0.03283516,0.126,"chloro.plast-(DZA-13)[1]","DZA only"
"pSymB","gene-CDO30_30600","NP_437526.1","DNA-binding response regulator",1,1,1,1145867,1145867,-0.02530027,-0.02530027,0.02530027,0.188,"chloro.plast-(DZA-13)[1]","DZA only"
"pSymB","gene-CDO30_30630","NP_437532.1","hypothetical protein",1,1,1,1157489,1157489,-0.03587958,-0.03587958,0.03587958,0.053,"chloro.plast-(DZA-13)[1]","DZA only"
"pSymB","gene-CDO30_30755","NP_437556.1","ArsR family transcriptional regulator",1,1,1,1181800,1181800,-0.05702684,-0.05702684,0.05702684,0.068,"chloro.plast-(A17-24)[1]","A17 only"
"pSymB","gene-CDO30_31040","NP_437611.1","succinoglycan biosynthesis protein ExoU",1,1,1,1241436,1241436,-0.01940676,-0.01940676,0.01940676,0.382,"chloro.plast-(DZA-13)[1]","DZA only"
"pSymB","gene-CDO30_31050","NP_437613.1","succinoglycan biosynthesis protein exow",1,1,1,1243226,1243226,-0.05071796,-0.05071796,0.05071796,0.068,"chloro.plast-(A17-24)[1]","A17 only"
"pSymB","gene-CDO30_31105","NP_437624.1","succinoglycan biosynthesis protein ExoO",1,1,1,1252756,1252756,-0.01978513,-0.01978513,0.01978513,0.251,"chloro.plast-(DZA-13)[1]","DZA only"
"pSymB","gene-CDO30_31145","NP_437632.1","LacI family transcriptional regulator",2,1,2,1263221,1263322,-0.02866644,-0.02629363,0.027480035,0.136,"chloro.plast-(DZA-13)[2]","DZA only"
"pSymB","gene-CDO30_31170","NP_437637.1","ABC transporter ATP-binding protein",1,1,1,1269523,1269523,-0.02932137,-0.02932137,0.02932137,0.241,"chloro.plast-(DZA-13)[1]","DZA only"
"pSymB","gene-CDO30_31290","NP_437657.1","hypothetical protein",1,1,1,1295091,1295091,-0.03279458,-0.03279458,0.03279458,0.183,"chloro.plast-(DZA-13)[1]","DZA only"
"pSymB","gene-CDO30_31315","NP_437662.1","hypothetical protein",2,1,2,1300452,1300494,-0.02333765,-0.01937991,0.02135878,0.249,"chloro.plast-(DZA-13)[2]","DZA only"
"pSymB","gene-CDO30_31395","WP_014527075.1","hypothetical protein",1,1,1,1313966,1313966,-0.0375377,-0.0375377,0.0375377,0.089,"chloro.plast-(DZA-13)[1]","DZA only"
"pSymB","gene-CDO30_31400","NP_437678.1","xanthine dehydrogenase molybdopterin binding subunit",3,1,3,1314847,1315858,-0.0303389,-0.02486259,0.0269104966666667,0.261666666666667,"chloro.plast-(DZA-13)[3]","DZA only"
"pSymB","gene-CDO30_31425","NP_437683.1","alpha-hydroxy-acid oxidizing enzyme",1,1,1,1321401,1321401,-0.02241199,-0.02241199,0.02241199,0.246,"chloro.plast-(DZA-13)[1]","DZA only"
"pSymB","gene-CDO30_31445","NP_437687.1","ABC transporter permease",1,1,1,1326581,1326581,-0.02711563,-0.02711563,0.02711563,0.11,"chloro.plast-(DZA-13)[1]","DZA only"
"pSymB","gene-CDO30_31455","NP_437689.1","ABC transporter substrate-binding protein",1,1,1,1328520,1328520,-0.04045127,-0.04045127,0.04045127,0.079,"chloro.plast-(DZA-13)[1]","DZA only"
"pSymB","gene-CDO30_31690","NP_437735.1","bifunctional diguanylate cyclase/phosphodiesterase",1,1,1,1376912,1376912,-0.02512521,-0.02512521,0.02512521,0.254,"chloro.plast-(DZA-13)[1]","DZA only"
"pSymB","gene-CDO30_31920","NP_437777.1","class I SAM-dependent methyltransferase",1,1,1,1406852,1406852,-0.02742823,-0.02742823,0.02742823,0.12,"chloro.plast-(DZA-13)[1]","DZA only"
"pSymB","gene-CDO30_32100","NP_437813.1","osmotic sensory protein",1,1,1,1438824,1438824,-0.03982332,-0.03982332,0.03982332,0.058,"chloro.plast-(DZA-13)[1]","DZA only"
"pSymB","gene-CDO30_32190","NP_437829.1","6-phospho-beta-glucosidase",1,1,1,1456635,1456635,-0.02708353,-0.02708353,0.02708353,0.136,"chloro.plast-(DZA-13)[1]","DZA only"
"pSymB","gene-CDO30_32225","NP_437836.1","DUF982 domain-containing protein",1,1,2,1464017,1464017,-0.06371583,-0.05214175,0.05792879,0.052,"chloro.plast-(DZA-13)[1], chloro.plast-(A17-24)[1]","Both"
"pSymB","gene-CDO30_32265","NP_437843.1","group II intron reverse transcriptase/maturase",1,1,1,1467804,1467804,-0.05217328,-0.05217328,0.05217328,0.063,"chloro.plast-(A17-24)[1]","A17 only"
"pSymB","gene-CDO30_32330","NP_437855.1","cytochrome ubiquinol oxidase subunit II",1,1,1,1475563,1475563,-0.02556666,-0.02556666,0.02556666,0.152,"chloro.plast-(DZA-13)[1]","DZA only"
"pSymB","gene-CDO30_32345","YP_002122335.1","cytochrome o ubiquinol oxidase subunit IV",1,1,1,1478394,1478394,-0.02651453,-0.02651453,0.02651453,0.199,"chloro.plast-(DZA-13)[1]","DZA only"
"pSymB","gene-CDO30_32365","NP_437862.1","Lrp/AsnC family transcriptional regulator",1,1,1,1481509,1481509,-0.03393773,-0.03393773,0.03393773,0.079,"chloro.plast-(DZA-13)[1]","DZA only"
"pSymB","gene-CDO30_32400","NP_437869.1","glycoside hydrolase",1,1,1,1491134,1491134,0.02287494,0.02287494,0.02287494,0.246,"chloro.plast+(DZA-13)[1]","DZA only"
"pSymB","gene-CDO30_32405","NP_437870.1","glycosyl transferase",1,1,1,1491434,1491434,0.02212929,0.02212929,0.02212929,0.257,"chloro.plast+(DZA-13)[1]","DZA only"
"pSymB","gene-CDO30_32475","NP_437885.1","hypothetical protein",1,1,1,1506284,1506284,0.0463911,0.0463911,0.0463911,0.052,"chloro.plast+(DZA-13)[1]","DZA only"
"pSymB","gene-CDO30_32605","NP_437908.1","ABC transporter ATP-binding protein",1,1,1,1528874,1528874,-0.02966923,-0.02966923,0.02966923,0.188,"chloro.plast-(DZA-13)[1]","DZA only"
"pSymB","gene-CDO30_32945","NP_437976.1","hypothetical protein",1,1,1,1599310,1599310,-0.04477239,-0.04477239,0.04477239,0.105,"chloro.plast-(A17-24)[1]","A17 only"
"pSymB","gene-CDO30_32970","NP_437980.1","glycosyl transferase",1,1,1,1602987,1602987,-0.03478461,-0.03478461,0.03478461,0.204,"chloro.plast-(A17-24)[1]","A17 only"
"pSymB","gene-CDO30_32975","NP_437981.1","mannitol dehydrogenase family protein",1,1,1,1604791,1604791,-0.03359885,-0.03359885,0.03359885,0.188,"chloro.plast-(A17-24)[1]","A17 only"
"pSymB","gene-CDO30_33000","YP_001312978.1","XRE family transcriptional regulator",2,1,2,1610442,1611213,-0.0391931,-0.03771075,0.038451925,0.131,"chloro.plast-(A17-24)[2]","A17 only"
"pSymB","gene-CDO30_33010","NP_437988.1","acetyl/propionyl-CoA carboxylase subunit alpha",2,1,2,1613375,1614950,-0.05896077,-0.04225893,0.05060985,0.115,"chloro.plast-(A17-24)[2]","A17 only"
"pSymB","gene-CDO30_33015","NP_437989.1","methylmalonyl-CoA mutase",3,1,3,1615841,1616876,-0.05850717,-0.03957364,0.0511094533333333,0.0873333333333333,"chloro.plast-(A17-24)[3]","A17 only"
"pSymB","gene-CDO30_33040","NP_437994.1","alpha-D-ribose 1-methylphosphonate 5-phosphate C-P-lyase",1,1,1,1620524,1620524,-0.05104125,-0.05104125,0.05104125,0.063,"chloro.plast-(A17-24)[1]","A17 only"
"pSymB","gene-CDO30_33065","NP_438000.1","sugar phosphate isomerase/epimerase",2,1,2,1626084,1626141,-0.04644903,-0.04331566,0.044882345,0.1255,"chloro.plast-(A17-24)[2]","A17 only"
"pSymB","gene-CDO30_33070","NP_438001.1","tripartite tricarboxylate transporter permease",4,1,4,1627108,1627712,-0.06470753,-0.03773519,0.0509653625,0.13625,"chloro.plast-(A17-24)[4]","A17 only"
"pSymB","gene-CDO30_33075","NP_438002.1","tripartite tricarboxylate transporter TctB family protein",1,1,1,1627884,1627884,-0.0337276,-0.0337276,0.0337276,0.199,"chloro.plast-(A17-24)[1]","A17 only"
"pSymB","gene-CDO30_33080","NP_438003.1","tricarboxylate transporter",2,1,2,1628748,1629192,-0.03955913,-0.03548709,0.03752311,0.186,"chloro.plast-(A17-24)[2]","A17 only"
"pSymB","gene-CDO30_33100","NP_438007.1","TonB-dependent receptor",2,1,2,1632627,1635486,-0.03939707,-0.03870911,0.03905309,0.225,"chloro.plast-(A17-24)[2]","A17 only"
"pSymB","gene-CDO30_33145","NP_438018.1","branched-chain amino acid ABC transporter permease",1,1,1,1644176,1644176,-0.03570154,-0.03570154,0.03570154,0.178,"chloro.plast-(A17-24)[1]","A17 only"
"pSymB","gene-CDO30_33155","YP_001312955.1","ABC transporter substrate-binding protein",1,1,1,1646431,1646431,-0.03318217,-0.03318217,0.03318217,0.204,"chloro.plast-(A17-24)[1]","A17 only"
"pSymB","gene-CDO30_33240","NP_438037.1","gamma-glutamyltransferase",1,1,1,1665584,1665584,0.05624721,0.05624721,0.05624721,0.063,"chloro.plast+(A17-24)[1]","A17 only"
"pSymB","gene-CDO30_33250","NP_438039.1","3-oxoadipate--succinyl-CoA transferase subunit A",1,1,1,1667501,1667501,-0.04008568,-0.04008568,0.04008568,0.052,"chloro.plast-(DZA-13)[1]","DZA only"
