"region","gene_ID","RefSeq_ID","ncbi_func","traits","lines","overlap"
"Chromosome","CDO30_00655","WP_003534680.1","hypothetical protein","chloro","DZA","trait_only"
"Chromosome","CDO30_00665","NP_385518.1","hypothetical protein","chloro, chloro.plast","DZA, A17","both_traits"
"Chromosome","CDO30_00995","NP_385454.1","DNA-directed RNA polymerase subunit beta","chloro","A17","trait_only"
"Chromosome","CDO30_01045","WP_003525183.1","elongation factor Tu","chloro, chloro.plast","A17","both_traits"
"Chromosome","CDO30_01270","NP_385407.1","DNA-protecting protein DprA","chloro","A17","trait_only"
"Chromosome","CDO30_01345","NP_385392.1","proline--tRNA ligase","chloro","A17","trait_only"
"Chromosome","CDO30_01545","NP_385358.1","cytochrome P450","chloro","A17","trait_only"
"Chromosome","CDO30_01710","NP_385326.1","ubiquinol-cytochrome C chaperone","chloro, chloro.plast","A17","both_traits"
"Chromosome","CDO30_02175","NP_385236.1","AzlD family protein","chloro.plast","DZA","plast_only"
"Chromosome","CDO30_02190","NP_385233.1","alanine racemase","chloro.plast","DZA","plast_only"
"Chromosome","CDO30_02525","NP_385167.1","outer membrane autotransporter barrel domain-containing protein","chloro","A17","trait_only"
"Chromosome","CDO30_02680","NP_385139.1","electron transfer flavoprotein-ubiquinone oxidoreductase","chloro, chloro.plast","DZA","both_traits"
"Chromosome","CDO30_02870","NP_385105.1","transcriptional regulator","chloro, chloro.plast","A17","both_traits"
"Chromosome","CDO30_03210","NP_385042.1","MBL fold metallo-hydrolase","chloro.plast","A17","plast_only"
"Chromosome","CDO30_03230","NP_385038.1","pyruvate%2C phosphate dikinase","chloro","A17","trait_only"
"Chromosome","CDO30_04335","NP_384829.1","NAD(P)-dependent oxidoreductase","chloro.plast","DZA","plast_only"
"Chromosome","CDO30_04440","NP_384810.1","glucose-6-phosphate 1-dehydrogenase","chloro","A17","trait_only"
"Chromosome","CDO30_06240","NP_384460.1","5-dehydro-2-deoxygluconokinase","chloro","DZA","trait_only"
"Chromosome","CDO30_06560","NP_384396.1","LysR family transcriptional regulator","chloro, chloro.plast","DZA","both_traits"
"Chromosome","CDO30_07155","NP_384284.1","lysylphosphatidylglycerol synthetase family protein","chloro, chloro.plast","A17","both_traits"
"Chromosome","CDO30_07740","NP_384176.1","ABC transporter substrate-binding protein","chloro","DZA","trait_only"
"Chromosome","CDO30_07775","YP_001328930.1","L%2CD-transpeptidase","chloro","DZA","trait_only"
"Chromosome","CDO30_08705","NP_387338.1","heme transporter HemC","chloro","A17","trait_only"
"Chromosome","CDO30_11270","NP_386868.1","transketolase","chloro","DZA","trait_only"
"Chromosome","CDO30_11820","NP_386762.1","ABC transporter permease","chloro, chloro.plast","A17, DZA","both_traits"
"Chromosome","CDO30_12265","NP_386682.1","oxidoreductase","chloro.plast","A17","plast_only"
"Chromosome","CDO30_13240","NP_386492.1","cation transporter","chloro, chloro.plast","A17","both_traits"
"Chromosome","CDO30_13670","NP_386408.1","MBOAT family protein","chloro, chloro.plast","DZA, A17","both_traits"
"Chromosome","CDO30_13675","NP_386407.1","VOC family protein","chloro","DZA","trait_only"
"Chromosome","CDO30_13680","WP_013844672.1","DNA helicase","chloro","DZA","trait_only"
"Chromosome","CDO30_14015","NP_386342.1","ABC transporter ATP-binding protein","chloro, chloro.plast","DZA","both_traits"
"Chromosome","CDO30_14995","NP_386156.1","adenylate/guanylate cyclase domain-containing protein","chloro","DZA","trait_only"
"Chromosome","CDO30_17685","NP_385668.1","N-acetyltransferase","chloro.plast","DZA","plast_only"
"pSymA","CDO30_17830","NP_435959.2","hypothetical protein","chloro","DZA","trait_only"
"pSymA","CDO30_17840","NP_435957.1","P-type conjugative transfer protein VirB9","chloro.plast","DZA","plast_only"
"pSymA","CDO30_17850","NP_435955.1","P-type DNA transfer ATPase VirB11","chloro.plast","DZA","plast_only"
"pSymA","CDO30_17855","NP_435954.2","MFS transporter","chloro, chloro.plast","DZA","both_traits"
"pSymA","CDO30_18025","NP_435923.1","periplasmic nitrate reductase%2C NapE protein","chloro, chloro.plast","DZA","both_traits"
"pSymA","CDO30_18040","NP_435920.1","periplasmic nitrate reductase subunit alpha","chloro","DZA","trait_only"
"pSymA","CDO30_18045","NP_435919.1","nitrate reductase","chloro, chloro.plast","DZA","both_traits"
"pSymA","CDO30_18050","NP_435918.1","cytochrome C","chloro, chloro.plast","DZA","both_traits"
"pSymA","CDO30_18065","NP_435915.1","DNA-binding response regulator","chloro","A17","trait_only"
"pSymA","CDO30_18075","NP_435913.1","nitrogen fixation regulation protein FixK","chloro.plast","DZA","plast_only"
"pSymA","CDO30_18085","NP_435911.1","cytochrome c oxidase subunit 1","chloro","DZA","trait_only"
"pSymA","CDO30_18100","NP_435908.1","cbb3-type cytochrome c oxidase subunit FixP","chloro, chloro.plast","DZA","both_traits"
"pSymA","CDO30_18105","NP_435907.1","nitrogen fixation protein FixG","chloro.plast","A17","plast_only"
"pSymA","CDO30_18115","NP_435905.1","nitrogen fixation protein FixI","chloro.plast","DZA","plast_only"
"pSymA","CDO30_18125","NP_435903.2","Crp/Fnr family transcriptional regulator","chloro, chloro.plast","DZA","both_traits"
"pSymA","CDO30_18140","NP_435900.1","copper resistance protein CopC","chloro","A17","trait_only"
"pSymA","CDO30_18805","NP_435777.2","LysR family transcriptional regulator","chloro","DZA","trait_only"
"pSymA","CDO30_18815","WP_013845417.1","AbrB/MazE/SpoVT family DNA-binding domain-containing protein","chloro, chloro.plast","DZA","both_traits"
"pSymA","CDO30_18820","NP_435775.1","PIN domain-containing protein","chloro","DZA","trait_only"
"pSymA","CDO30_18935","NP_435753.1","sensor histidine kinase","chloro","DZA","trait_only"
"pSymA","CDO30_18940","NP_435752.1","mechanosensitive ion channel family protein","chloro, chloro.plast","DZA","both_traits"
"pSymA","CDO30_18945","NP_435751.1","Ti-type conjugative transfer relaxase TraA","chloro, chloro.plast","A17, DZA","both_traits"
"pSymA","CDO30_18950","NP_435750.1","pilus assembly protein","chloro","A17","trait_only"
"pSymA","CDO30_18960","NP_435748.1","Ti-type conjugative transfer system protein TraG","chloro","DZA","trait_only"
"pSymA","CDO30_18995","NP_435745.1","hypothetical protein","chloro, chloro.plast","A17","both_traits"
"pSymA","CDO30_19020","NP_435741.1","DUF1173 domain-containing protein","chloro, chloro.plast","A17, DZA","both_traits"
"pSymA","CDO30_19025","NP_435740.1","hypothetical protein","chloro","DZA","trait_only"
"pSymA","CDO30_19100","NP_435728.1","glutamine--fructose-6-phosphate aminotransferase","chloro.plast","DZA, A17","plast_only"
"pSymA","CDO30_19115","NP_435725.1","nodulation protein N","chloro, chloro.plast","DZA","both_traits"
"pSymA","CDO30_19160","WP_014531651.1","hypothetical protein","chloro","DZA","trait_only"
"pSymA","CDO30_19170","NP_435715.1","adenylyl-sulfate kinase","chloro","A17","trait_only"
"pSymA","CDO30_19190","NP_435712.1","nodulation protein E","chloro","DZA","trait_only"
"pSymA","CDO30_19200","NP_435710.1","nodulation protein H","chloro, chloro.plast","DZA","both_traits"
"pSymA","CDO30_19275","NP_435698.1","nitrogenase iron-molybdenum cofactor biosynthesis protein NifE","chloro, chloro.plast","DZA","both_traits"
"pSymA","CDO30_19280","NP_435697.1","nitrogenase molybdenum-iron protein subunit beta","chloro","DZA","trait_only"
"pSymA","CDO30_19320","NP_435693.1","protein FixA","chloro, chloro.plast","DZA","both_traits"
"pSymA","CDO30_19325","YP_001314765.1","electron transfer flavoprotein subunit alpha/FixB family protein","chloro.plast","DZA","plast_only"
"pSymA","CDO30_19360","NP_435685.2","hypothetical protein","chloro, chloro.plast","DZA","both_traits"
"pSymA","CDO30_19385","NP_435680.1","ABC transporter permease","chloro, chloro.plast","DZA","both_traits"
"pSymA","CDO30_19390","NP_435679.2","ABC transporter substrate-binding protein","chloro.plast","DZA","plast_only"
"pSymA","CDO30_19415","NP_435674.1","alpha/beta hydrolase","chloro.plast","DZA","plast_only"
"pSymA","CDO30_19510","NP_435662.1","nodulation protein NoeA","chloro, chloro.plast","DZA","both_traits"
"pSymA","CDO30_19525","NP_435660.1","hypothetical protein","chloro, chloro.plast","DZA, A17","both_traits"
"pSymA","CDO30_19530","NP_435659.1","cytochrome-c oxidase%2C cbb3-type subunit III","chloro, chloro.plast","DZA","both_traits"
"pSymA","CDO30_19540","NP_435657.1","cytochrome c oxidase%2C cbb3-type subunit II","chloro","A17","trait_only"
"pSymA","CDO30_19545","NP_435656.1","cytochrome c oxidase%2C cbb3-type subunit I","chloro, chloro.plast","DZA","both_traits"
"pSymA","CDO30_19555","NP_435654.1","transcriptional regulator","chloro, chloro.plast","DZA","both_traits"
"pSymA","CDO30_19590","NP_435648.1","flavin reductase","chloro, chloro.plast","DZA","both_traits"
"pSymA","CDO30_19625","WP_015338933.1","co-chaperone GroES","chloro, chloro.plast","DZA","both_traits"
"pSymA","CDO30_19630","NP_435641.1","molecular chaperone GroEL","chloro, chloro.plast","DZA, A17","both_traits"
"pSymA","CDO30_19665","NP_435634.1","DUF2280 domain-containing protein","chloro, chloro.plast","DZA","both_traits"
"pSymA","CDO30_19685","NP_435632.2","N-acetyltransferase","chloro","A17, DZA","trait_only"
"pSymA","CDO30_19690","NP_435630.1","VOC family protein","chloro.plast","DZA","plast_only"
"pSymA","CDO30_19695","NP_435629.1","IS66 family insertion sequence hypothetical protein","chloro","DZA, A17","trait_only"
"pSymA","CDO30_19700","NP_435628.1","NAD(P)-dependent oxidoreductase","chloro","DZA","trait_only"
"pSymA","CDO30_19705","NP_435627.1","IclR family transcriptional regulator","chloro, chloro.plast","DZA","both_traits"
"pSymA","CDO30_19710","NP_435626.1","NAD(P)-dependent oxidoreductase","chloro, chloro.plast","DZA, A17","both_traits"
"pSymA","CDO30_19725","NP_435623.1","carbohydrate ABC transporter permease","chloro, chloro.plast","DZA","both_traits"
"pSymA","CDO30_19735","NP_435621.1","sugar ABC transporter substrate-binding protein","chloro, chloro.plast","A17, DZA","both_traits"
"pSymA","CDO30_19745","NP_435619.1","dihydrodipicolinate synthase family protein","chloro.plast","DZA","plast_only"
"pSymA","CDO30_19750","NP_435618.2","2-dehydro-3-deoxygalactonokinase","chloro.plast","A17","plast_only"
"pSymA","CDO30_19755","NP_435617.1","Ion channel","chloro, chloro.plast","DZA","both_traits"
"pSymA","CDO30_19760","YP_001314405.1","glycerol transporter","chloro, chloro.plast","DZA","both_traits"
"pSymA","CDO30_19770","NP_435615.1","carbamate kinase","chloro.plast","DZA","plast_only"
"pSymA","CDO30_19790","NP_435612.1","DUF3300 domain-containing protein","chloro.plast","A17","plast_only"
"pSymA","CDO30_19805","NP_435609.1","amino acid permease","chloro, chloro.plast","A17, DZA","both_traits"
"pSymA","CDO30_19815","NP_435607.4","lysine decarboxylase","chloro, chloro.plast","DZA","both_traits"
"pSymA","CDO30_19830","NP_435607.4","lysine decarboxylase","chloro.plast","DZA","plast_only"
"pSymA","CDO30_19835","YP_001313905.1","amino acid decarboxylase","chloro, chloro.plast","DZA, A17","both_traits"
"pSymA","CDO30_19840","NP_435605.1","putrescine-ornithine antiporter","chloro","A17, DZA","trait_only"
"pSymA","CDO30_19845","NP_435604.2","amino acid ABC transporter substrate-binding protein","chloro, chloro.plast","A17, DZA","both_traits"
"pSymA","CDO30_19850","NP_435603.2","calcium/proton exchanger","chloro, chloro.plast","DZA","both_traits"
"pSymA","CDO30_19875","NP_435600.1","polyphosphate kinase 2","chloro, chloro.plast","DZA","both_traits"
"pSymA","CDO30_19880","NP_435599.1","HlyD family secretion protein","chloro, chloro.plast","DZA","both_traits"
"pSymA","CDO30_19885","NP_435598.1","hypothetical protein","chloro, chloro.plast","DZA","both_traits"
"pSymA","CDO30_19890","NP_435597.2","AI-2E family transporter","chloro, chloro.plast","DZA","both_traits"
"pSymA","CDO30_19895","NP_435596.1","hypothetical protein","chloro, chloro.plast","DZA","both_traits"
"pSymA","CDO30_20010","NP_435579.1","hypothetical protein","chloro, chloro.plast","A17","both_traits"
"pSymA","CDO30_20015","NP_435578.1","hypothetical protein","chloro, chloro.plast","DZA","both_traits"
"pSymA","CDO30_20020","NP_435577.1","mechanosensitive ion channel family protein","chloro, chloro.plast","A17, DZA","both_traits"
"pSymA","CDO30_20050","YP_001314543.1","hypothetical protein","chloro, chloro.plast","DZA","both_traits"
"pSymA","CDO30_20055","NP_435572.1","cbb3-type cytochrome oxidase assembly protein CcoS","chloro","DZA","trait_only"
"pSymA","CDO30_20060","NP_435571.1","copper-translocating P-type ATPase","chloro.plast","DZA","plast_only"
"pSymA","CDO30_20085","NP_435567.1","cytochrome c oxidase%2C cbb3-type subunit II","chloro.plast","DZA","plast_only"
"pSymA","CDO30_20090","NP_435566.1","cytochrome c oxidase%2C cbb3-type subunit I","chloro, chloro.plast","DZA","both_traits"
"pSymA","CDO30_20100","YP_001313599.1","cell envelope protein","chloro, chloro.plast","DZA","both_traits"
"pSymA","CDO30_20105","NP_435563.1","hypothetical protein","chloro, chloro.plast","DZA","both_traits"
"pSymA","CDO30_20125","NP_435560.2","adenylate cyclase","chloro, chloro.plast","DZA, A17","both_traits"
"pSymA","CDO30_20130","NP_435559.2","alpha/beta hydrolase","chloro","DZA","trait_only"
"pSymA","CDO30_20165","NP_435552.1","nitrate ABC transporter%2C permease protein","chloro.plast","A17","plast_only"
"pSymA","CDO30_20175","NP_435549.2","guanylate cyclase","chloro, chloro.plast","DZA, A17","both_traits"
"pSymA","CDO30_20180","NP_435548.1","branched chain amino acid ABC transporter substrate-binding protein","chloro, chloro.plast","DZA, A17","both_traits"
"pSymA","CDO30_20200","WP_013845882.1","addiction module antitoxin","chloro","DZA","trait_only"
"pSymA","CDO30_21045","NP_435400.1","TIGR02588 family protein","chloro","DZA","trait_only"
"pSymA","CDO30_21070","NP_435396.1","glutaredoxin","chloro","DZA","trait_only"
"pSymA","CDO30_21095","NP_435392.1","protease","chloro","A17","trait_only"
"pSymA","CDO30_21105","NP_435390.1","ABC transporter permease","chloro, chloro.plast","A17, DZA","both_traits"
"pSymA","CDO30_21110","NP_435389.1","sugar ABC transporter ATP-binding protein","chloro, chloro.plast","A17","both_traits"
"pSymA","CDO30_21125","NP_435386.1","alcohol dehydrogenase","chloro, chloro.plast","DZA","both_traits"
"pSymA","CDO30_21135","NP_435384.1","alpha/beta hydrolase","chloro.plast","A17","plast_only"
"pSymA","CDO30_21150","NP_435381.1","hypothetical protein","chloro","DZA","trait_only"
"pSymA","CDO30_21155","NP_435380.1","TRAP transporter substrate-binding protein","chloro.plast","DZA","plast_only"
"pSymA","CDO30_21160","NP_435379.1","L-dehydroascorbate transporter large permease subunit","chloro.plast","DZA","plast_only"
"pSymA","CDO30_21165","NP_435378.1","TRAP transporter permease DctQ","chloro.plast","DZA","plast_only"
"pSymA","CDO30_21190","NP_435373.1","NAD(P)-dependent oxidoreductase","chloro, chloro.plast","DZA","both_traits"
"pSymA","CDO30_21195","NP_435372.1","dihydroxy-acid dehydratase","chloro, chloro.plast","DZA, A17","both_traits"
"pSymA","CDO30_21215","WP_014990337.1","hypothetical protein","chloro","DZA","trait_only"
"pSymA","CDO30_21220","NP_435368.1","glutamate dehydrogenase","chloro, chloro.plast","A17","both_traits"
"pSymA","CDO30_21230","NP_435366.2","MFS transporter","chloro","DZA","trait_only"
"pSymA","CDO30_21235","NP_435365.2","TetR/AcrR family transcriptional regulator","chloro","A17","trait_only"
"pSymA","CDO30_21245","NP_435363.1","sorbosone dehydrogenase","chloro, chloro.plast","A17","both_traits"
"pSymA","CDO30_21250","NP_435362.2","ABC transporter substrate-binding protein","chloro","DZA","trait_only"
"pSymA","CDO30_21255","NP_435361.2","ABC transporter permease","chloro, chloro.plast","A17","both_traits"
"pSymA","CDO30_21260","YP_001313952.1","sugar ABC transporter ATP-binding protein","chloro, chloro.plast","A17","both_traits"
"pSymA","CDO30_21265","NP_435359.2","5-keto-4-deoxyuronate isomerase","chloro.plast","DZA","plast_only"
"pSymA","CDO30_21275","NP_435357.2","hypothetical protein","chloro","A17","trait_only"
"pSymA","CDO30_21285","NP_435355.1","DNA-binding response regulator","chloro","DZA","trait_only"
"pSymA","CDO30_21295","NP_435353.2","ABC transporter substrate-binding protein","chloro.plast","DZA","plast_only"
"pSymA","CDO30_21345","NP_435345.1","hypothetical protein","chloro.plast","DZA","plast_only"
"pSymA","CDO30_21355","NP_435343.1","MFS transporter","chloro, chloro.plast","DZA","both_traits"
"pSymA","CDO30_21365","NP_435341.1","PhzF family phenazine biosynthesis protein","chloro, chloro.plast","DZA, A17","both_traits"
"pSymA","CDO30_21380","YP_002823300.1","GYD domain-containing protein","chloro, chloro.plast","A17","both_traits"
"pSymA","CDO30_21385","NP_435339.1","mechanosensitive ion channel family protein","chloro","DZA, A17","trait_only"
"pSymA","CDO30_21390","NP_435338.1","polyphosphate kinase 2","chloro, chloro.plast","A17, DZA","both_traits"
"pSymA","CDO30_21395","NP_435337.1","alpha/beta hydrolase","chloro, chloro.plast","A17","both_traits"
"pSymA","CDO30_21400","NP_435336.1","class I SAM-dependent methyltransferase","chloro","A17","trait_only"
"pSymA","CDO30_21405","NP_435335.1","class I SAM-dependent methyltransferase","chloro.plast","DZA","plast_only"
"pSymA","CDO30_21410","NP_435334.1","hypothetical protein","chloro","DZA","trait_only"
"pSymA","CDO30_21420","NP_435332.2","secretin","chloro, chloro.plast","DZA","both_traits"
"pSymA","CDO30_21425","NP_435330.1","GntR family transcriptional regulator","chloro.plast","DZA","plast_only"
"pSymA","CDO30_21435","NP_435328.1","TRAP transporter small permease","chloro, chloro.plast","DZA, A17","both_traits"
"pSymA","CDO30_21440","YP_001313846.1","TRAP transporter large permease","chloro, chloro.plast","A17, DZA","both_traits"
"pSymA","CDO30_21445","YP_001313847.1","MCD%2C Malonyl-CoA decarboxylase MCD","chloro, chloro.plast","DZA, A17","both_traits"
"pSymA","CDO30_21450","NP_435326.1","malonyl-CoA synthase","chloro, chloro.plast","DZA","both_traits"
"pSymA","CDO30_21475","NP_435321.2","RNA polymerase sigma factor","chloro, chloro.plast","DZA","both_traits"
"pSymA","CDO30_21480","NP_435320.1","protease","chloro.plast","DZA, A17","plast_only"
"pSymA","CDO30_21490","NP_435318.2","bifunctional diguanylate cyclase/phosphodiesterase","chloro, chloro.plast","A17, DZA","both_traits"
"pSymA","CDO30_21495","NP_435317.2","AI-2E family transporter","chloro.plast","DZA","plast_only"
"pSymA","CDO30_21505","NP_435316.1","hypothetical protein","chloro.plast","DZA","plast_only"
"pSymA","CDO30_21515","NP_435314.1","fatty acid desaturase","chloro, chloro.plast","DZA","both_traits"
"pSymA","CDO30_21520","NP_435313.1","hypothetical protein","chloro, chloro.plast","DZA","both_traits"
"pSymA","CDO30_21530","NP_435311.1","co-chaperone GroES","chloro","A17","trait_only"
"pSymA","CDO30_21535","NP_435310.1","molecular chaperone GroEL","chloro.plast","DZA, A17","plast_only"
"pSymA","CDO30_21550","NP_435307.1","cytochrome C","chloro","A17","trait_only"
"pSymA","CDO30_21555","NP_435306.1","hypothetical protein","chloro, chloro.plast","A17, DZA","both_traits"
"pSymA","CDO30_21560","NP_435305.2","molecular chaperone DnaJ","chloro.plast","DZA","plast_only"
"pSymA","CDO30_21575","NP_435303.1","histidine kinase","chloro, chloro.plast","DZA, A17","both_traits"
"pSymA","CDO30_21580","NP_435302.1","aldehyde-activating protein","chloro, chloro.plast","A17","both_traits"
"pSymA","CDO30_21590","NP_435301.1","ABC transporter ATP-binding protein","chloro, chloro.plast","DZA, A17","both_traits"
"pSymA","CDO30_21595","NP_435300.1","ABC transporter ATP-binding protein","chloro, chloro.plast","A17, DZA","both_traits"
"pSymA","CDO30_21615","NP_435296.1","amidohydrolase","chloro, chloro.plast","A17, DZA","both_traits"
"pSymA","CDO30_21620","NP_435295.1","LysR family transcriptional regulator","chloro.plast","DZA, A17","plast_only"
"pSymA","CDO30_21625","NP_435294.1","D-aminopeptidase","chloro, chloro.plast","A17, DZA","both_traits"
"pSymA","CDO30_21630","NP_435293.1","D-amino acid aminotransferase","chloro.plast","DZA","plast_only"
"pSymA","CDO30_21635","NP_435292.1","BA14K family protein","chloro.plast","DZA","plast_only"
"pSymA","CDO30_21645","NP_435290.1","hypothetical protein","chloro.plast","DZA","plast_only"
"pSymA","CDO30_21650","NP_435289.1","2-hydroxyacid dehydrogenase","chloro.plast","DZA","plast_only"
"pSymA","CDO30_21675","NP_435284.1","LacI family transcriptional regulator","chloro.plast","DZA","plast_only"
"pSymA","CDO30_21685","NP_435282.1","NAD(P)-dependent oxidoreductase","chloro","DZA","trait_only"
"pSymA","CDO30_21695","NP_435280.1","ABC transporter permease","chloro, chloro.plast","DZA","both_traits"
"pSymA","CDO30_21710","NP_435277.2","dehydratase","chloro, chloro.plast","A17","both_traits"
"pSymA","CDO30_21720","NP_435275.1","GntR family transcriptional regulator","chloro, chloro.plast","A17","both_traits"
"pSymA","CDO30_21725","NP_435274.1","gluconolactonase","chloro","DZA","trait_only"
"pSymA","CDO30_21790","NP_435263.1","ABC transporter ATP-binding protein","chloro, chloro.plast","DZA","both_traits"
"pSymA","CDO30_21795","NP_435262.1","protease","chloro.plast","DZA","plast_only"
"pSymA","CDO30_21865","YP_002000327.1","hypothetical protein","chloro.plast","DZA","plast_only"
"pSymA","CDO30_21875","NP_435253.1","selenocysteine-specific translation elongation factor","chloro, chloro.plast","DZA, A17","both_traits"
"pSymA","CDO30_21885","NP_435251.1","L-selenocysteinyl-tRNA(Sec) synthase","chloro, chloro.plast","DZA","both_traits"
"pSymA","CDO30_21890","NP_435250.1","formate dehydrogenase accessory protein FdhE","chloro.plast","DZA","plast_only"
"pSymA","CDO30_21905","NP_435247.1","formate dehydrogenase-N subunit alpha","chloro, chloro.plast","DZA","both_traits"
"pSymA","CDO30_21910","NP_436540.1","plasmid partitioning protein RepA","chloro, chloro.plast","DZA","both_traits"
"pSymA","CDO30_21915","NP_436539.2","plasmid partitioning protein RepB","chloro, chloro.plast","DZA","both_traits"
"pSymA","CDO30_21935","NP_436535.1","ABC transporter ATP-binding protein","chloro, chloro.plast","DZA","both_traits"
"pSymA","CDO30_21955","NP_436532.1","catalase/peroxidase HPI","chloro, chloro.plast","A17","both_traits"
"pSymA","CDO30_21970","YP_002000364.1","cupin","chloro, chloro.plast","DZA","both_traits"
"pSymA","CDO30_21975","NP_436528.1","cytosine deaminase","chloro","DZA","trait_only"
"pSymA","CDO30_21985","NP_436526.1","ABC transporter permease","chloro, chloro.plast","DZA","both_traits"
"pSymA","CDO30_21990","NP_436525.1","ABC transporter ATP-binding protein","chloro, chloro.plast","DZA","both_traits"
"pSymA","CDO30_21995","NP_436524.1","amidase","chloro, chloro.plast","DZA","both_traits"
"pSymA","CDO30_22000","NP_436523.1","BMP family ABC transporter substrate-binding protein","chloro.plast","DZA","plast_only"
"pSymA","CDO30_22010","NP_436521.2","adenylate/guanylate cyclase domain-containing protein","chloro, chloro.plast","DZA","both_traits"
"pSymA","CDO30_22015","WP_013845185.1","hypothetical protein","chloro","DZA","trait_only"
"pSymA","CDO30_22030","NP_436519.2","oxidoreductase","chloro, chloro.plast","DZA, A17","both_traits"
"pSymA","CDO30_22035","NP_436518.1","molybdopterin dehydrogenase","chloro.plast","DZA","plast_only"
"pSymA","CDO30_22040","NP_436517.1","aldehyde dehydrogenase iron-sulfur subunit","chloro","A17","trait_only"
"pSymA","CDO30_22045","NP_436516.2","class I SAM-dependent methyltransferase","chloro, chloro.plast","DZA","both_traits"
"pSymA","CDO30_22060","NP_436514.1","NAD(P)-dependent oxidoreductase","chloro","A17","trait_only"
"pSymA","CDO30_22135","NP_436500.1","potassium-transporting ATPase subunit B","chloro, chloro.plast","DZA","both_traits"
"pSymA","CDO30_22140","NP_436499.1","potassium-transporting ATPase subunit C","chloro, chloro.plast","DZA","both_traits"
"pSymA","CDO30_22145","NP_436498.1","sensor histidine kinase KdpD","chloro, chloro.plast","DZA","both_traits"
"pSymA","CDO30_22150","NP_436497.1","DNA-binding response regulator","chloro.plast","DZA","plast_only"
"pSymA","CDO30_22160","NP_436495.1","ATP-dependent helicase","chloro","DZA","trait_only"
"pSymA","CDO30_22170","NP_436494.2","glutathione S-transferase family protein","chloro, chloro.plast","DZA","both_traits"
"pSymA","CDO30_22175","WP_003525475.1","adenylyltransferase","chloro, chloro.plast","DZA","both_traits"
"pSymA","CDO30_22180","NP_436491.1","oxidoreductase","chloro, chloro.plast","DZA","both_traits"
"pSymA","CDO30_22205","NP_436486.1","sugar kinase","chloro, chloro.plast","A17","both_traits"
"pSymA","CDO30_22210","NP_436485.1","GGDEF domain-containing protein","chloro, chloro.plast","A17, DZA","both_traits"
"pSymA","CDO30_22225","WP_020479365.1","hypothetical protein","chloro, chloro.plast","DZA","both_traits"
"pSymA","CDO30_22230","NP_436482.1","penicillin-binding protein 2","chloro, chloro.plast","DZA","both_traits"
"pSymA","CDO30_22235","NP_436481.1","penicillin-binding protein 1A","chloro, chloro.plast","DZA","both_traits"
"pSymA","CDO30_22240","NP_436480.1","LysR family transcriptional regulator","chloro, chloro.plast","DZA","both_traits"
"pSymA","CDO30_22255","NP_436477.2","LysR family transcriptional regulator","chloro","DZA","trait_only"
"pSymA","CDO30_22315","NP_436465.1","hypothetical protein","chloro.plast","DZA","plast_only"
"pSymA","CDO30_22320","YP_001314981.1","hypothetical protein","chloro, chloro.plast","DZA","both_traits"
"pSymA","CDO30_22610","NP_436416.2","transcriptional regulator","chloro, chloro.plast","DZA, A17","both_traits"
"pSymA","CDO30_22615","WP_013851101.1","addiction module toxin RelE","chloro","DZA","trait_only"
"pSymA","CDO30_22720","NP_436397.2","hemolysin-type calcium-binding protein","chloro.plast","DZA","plast_only"
"pSymA","CDO30_22820","NP_436377.2","CsbD family protein","chloro","A17","trait_only"
"pSymA","CDO30_23055","WP_017266788.1","LysR family transcriptional regulator","chloro, chloro.plast","DZA","both_traits"
"pSymA","CDO30_23060","NP_436334.1","epimerase","chloro.plast","DZA","plast_only"
"pSymA","CDO30_23065","NP_436333.1","LysR family transcriptional regulator","chloro.plast","DZA, A17","plast_only"
"pSymA","CDO30_23070","NP_436332.2","haloacid dehalogenase type II","chloro, chloro.plast","DZA","both_traits"
"pSymA","CDO30_23075","NP_436331.2","hypothetical protein","chloro.plast","DZA","plast_only"
"pSymA","CDO30_23085","NP_436328.1","antibiotic biosynthesis monooxygenase","chloro.plast","DZA","plast_only"
"pSymA","CDO30_23095","NP_436326.2","type 1 glutamine amidotransferase domain-containing protein","chloro.plast","DZA","plast_only"
"pSymA","CDO30_23100","NP_436325.1","short-chain dehydrogenase","chloro.plast","DZA","plast_only"
"pSymA","CDO30_23105","NP_436324.1","LysR family transcriptional regulator","chloro.plast","DZA","plast_only"
"pSymA","CDO30_23120","NP_436321.2","polyhydroxybutyrate depolymerase","chloro","A17","trait_only"
"pSymA","CDO30_23130","NP_436319.2","MFS transporter","chloro","DZA","trait_only"
"pSymA","CDO30_23135","NP_436318.1","NmrA family protein","chloro.plast","DZA","plast_only"
"pSymA","CDO30_23140","NP_436317.2","LysR family transcriptional regulator","chloro.plast","DZA","plast_only"
"pSymA","CDO30_23155","NP_436315.1","serine hydrolase","chloro.plast","DZA","plast_only"
"pSymA","CDO30_23160","WP_015445499.1","class A beta-lactamase","chloro.plast","DZA","plast_only"
"pSymA","CDO30_23175","NP_436312.1","Crp/Fnr family transcriptional regulator","chloro","DZA","trait_only"
"pSymA","CDO30_23185","NP_436311.1","EamA family transporter","chloro, chloro.plast","DZA","both_traits"
"pSymA","CDO30_23195","NP_436309.1","hypothetical protein","chloro.plast","DZA","plast_only"
"pSymA","CDO30_23320","NP_436294.1","penicillin-binding protein","chloro.plast","DZA","plast_only"
"pSymA","CDO30_23335","YP_001314413.1","protease","chloro.plast","DZA","plast_only"
"pSymA","CDO30_23340","NP_436291.1","hypothetical protein","chloro.plast","DZA","plast_only"
"pSymA","CDO30_23345","NP_436290.1","osmotically inducible protein C","chloro, chloro.plast","DZA","both_traits"
"pSymA","CDO30_23350","NP_436289.1","peptide-methionine (S)-S-oxide reductase","chloro, chloro.plast","DZA","both_traits"
"pSymA","CDO30_23355","NP_436288.1","peptide-methionine (R)-S-oxide reductase","chloro, chloro.plast","DZA","both_traits"
"pSymA","CDO30_23445","NP_436272.1","ABC transporter ATP-binding protein","chloro, chloro.plast","A17, DZA","both_traits"
"pSymA","CDO30_23450","NP_436271.1","ABC transporter permease","chloro, chloro.plast","DZA","both_traits"
"pSymA","CDO30_23455","NP_436270.1","ABC transporter permease","chloro","DZA","trait_only"
"pSymA","CDO30_23470","NP_436267.1","aspartate aminotransferase family protein","chloro, chloro.plast","DZA","both_traits"
"pSymA","CDO30_23475","YP_001314274.1","N-acetyltransferase","chloro","DZA","trait_only"
"pSymA","CDO30_23500","NP_436261.1","aldehyde dehydrogenase","chloro","A17","trait_only"
"pSymA","CDO30_23555","NP_436252.1","AraC family transcriptional regulator","chloro.plast","A17","plast_only"
"pSymA","CDO30_23565","NP_436250.2","AraC family transcriptional regulator","chloro, chloro.plast","DZA","both_traits"
"pSymA","CDO30_23595","NP_436245.1","MFS transporter","chloro.plast","DZA","plast_only"
"pSymA","CDO30_23600","NP_436244.1","MBL fold metallo-hydrolase","chloro.plast","DZA","plast_only"
"pSymA","CDO30_23610","NP_436242.1","hypothetical protein","chloro.plast","DZA","plast_only"
"pSymA","CDO30_23745","NP_436219.1","aminotransferase","chloro, chloro.plast","DZA, A17","both_traits"
"pSymA","CDO30_23750","NP_436218.1","phosphotransferase","chloro.plast","DZA","plast_only"
"pSymA","CDO30_23905","NP_436188.1","adenine deaminase","chloro","DZA","trait_only"
"pSymA","CDO30_23910","WP_017272267.1","hypothetical protein","chloro, chloro.plast","DZA","both_traits"
"pSymA","CDO30_24000","NP_436170.1","arylsulfatase","chloro","DZA","trait_only"
"pSymA","CDO30_24020","NP_436166.2","amidohydrolase family protein","chloro, chloro.plast","DZA","both_traits"
"pSymA","CDO30_24380","NP_436101.1","pilus assembly protein CpaE","chloro","A17","trait_only"
"pSymA","CDO30_24415","NP_436094.1","hybrid sensor histidine kinase/response regulator","chloro.plast","A17","plast_only"
"pSymA","CDO30_24440","NP_436089.2","GGDEF domain-containing protein","chloro","A17","trait_only"
"pSymA","CDO30_24445","NP_436088.1","protein-L-isoaspartate O-methyltransferase","chloro.plast","A17","plast_only"
"pSymA","CDO30_24450","NP_436087.2","NADH-quinone oxidoreductase subunit J","chloro.plast","A17","plast_only"
"pSymA","CDO30_24460","NP_436085.1","cation:proton antiporter","chloro.plast","A17","plast_only"
"pSymA","CDO30_24560","YP_001314499.1","GntR family transcriptional regulator","chloro.plast","DZA","plast_only"
"pSymA","CDO30_24575","NP_436062.1","oxidoreductase","chloro.plast","A17","plast_only"
"pSymA","CDO30_24595","NP_436058.1","LysR family transcriptional regulator","chloro","DZA","trait_only"
"pSymA","CDO30_24605","NP_436056.1","oxidoreductase","chloro, chloro.plast","A17","both_traits"
"pSymA","CDO30_24615","NP_436054.2","MFS transporter","chloro","DZA","trait_only"
"pSymA","CDO30_24635","NP_436051.1","methyltransferase","chloro","A17","trait_only"
"pSymA","CDO30_24680","NP_436042.1","dehydrogenase","chloro","A17","trait_only"
"pSymA","CDO30_24695","NP_436039.2","AraC family transcriptional regulator","chloro, chloro.plast","A17","both_traits"
"pSymA","CDO30_24705","NP_436037.1","acetyl-CoA acetyltransferase","chloro","A17","trait_only"
"pSymA","CDO30_24730","NP_436033.1","5-dehydro-4-deoxyglucarate dehydratase","chloro","DZA","trait_only"
"pSymA","CDO30_24740","YP_001313791.1","ABC transporter permease","chloro, chloro.plast","A17","both_traits"
"pSymA","CDO30_24870","NP_436006.1","LysR family transcriptional regulator","chloro, chloro.plast","DZA, A17","both_traits"
"pSymA","CDO30_24875","WP_014528683.1","FAD-binding oxidoreductase","chloro, chloro.plast","DZA, A17","both_traits"
"pSymA","CDO30_24885","NP_436004.1","oxidase","chloro, chloro.plast","DZA","both_traits"
"pSymA","CDO30_24915","NP_435999.1","ABC transporter permease","chloro, chloro.plast","DZA, A17","both_traits"
"pSymA","CDO30_24920","YP_001313776.1","ABC transporter ATP-binding protein","chloro, chloro.plast","DZA","both_traits"
"pSymA","CDO30_24935","NP_435995.2","short-chain dehydrogenase","chloro","A17","trait_only"
"pSymA","CDO30_24940","NP_435994.1","ATP-binding protein","chloro, chloro.plast","DZA","both_traits"
"pSymA","CDO30_24945","YP_002000353.1","RelE/ParE family toxin","chloro","A17","trait_only"
"pSymA","CDO30_24955","NP_435992.1","sugar ABC transporter permease","chloro","DZA","trait_only"
"pSymA","CDO30_24965","WP_014531531.1","hypothetical protein","chloro","DZA","trait_only"
"pSymA","CDO30_24980","NP_435987.1","DUF1206 domain-containing protein","chloro","DZA","trait_only"
"pSymA","CDO30_24990","NP_435985.1","sugar phosphate isomerase/epimerase","chloro, chloro.plast","DZA","both_traits"
"pSymA","CDO30_25010","NP_435981.1","ABC transporter ATP-binding protein","chloro, chloro.plast","DZA","both_traits"
"pSymA","CDO30_25030","NP_435978.2","sugar ABC transporter permease","chloro","DZA","trait_only"
"pSymA","CDO30_25035","NP_435977.2","ABC transporter substrate-binding protein","chloro, chloro.plast","DZA","both_traits"
"pSymA","CDO30_25065","NP_435971.1","MFS transporter","chloro","DZA","trait_only"
"pSymA","CDO30_25110","NP_435962.1","VirB4 family type IV secretion/conjugal transfer ATPase","chloro, chloro.plast","DZA, A17","both_traits"
"pSymA","CDO30_25115","NP_435961.2","P-type DNA transfer protein VirB5","chloro","DZA","trait_only"
"pSymB","CDO30_25185","NP_438066.1","hypothetical protein","chloro","A17","trait_only"
"pSymB","CDO30_25190","NP_438067.1","phosphomethylpyrimidine synthase ThiC","chloro.plast","A17","plast_only"
"pSymB","CDO30_25195","NP_438068.1","glycine oxidase ThiO","chloro","A17","trait_only"
"pSymB","CDO30_25200","YP_001312910.1","thiamine biosynthesis protein ThiS","chloro","A17","trait_only"
"pSymB","CDO30_25210","NP_438070.1","thiamine phosphate synthase","chloro, chloro.plast","A17","both_traits"
"pSymB","CDO30_25245","NP_438077.1","MFS transporter","chloro, chloro.plast","A17","both_traits"
"pSymB","CDO30_25280","NP_438084.1","carbohydrate ABC transporter permease","chloro","DZA","trait_only"
"pSymB","CDO30_25310","NP_438090.1","carboxynorspermidine decarboxylase","chloro","A17","trait_only"
"pSymB","CDO30_25330","NP_438094.3","bifunctional aldehyde dehydrogenase/enoyl-CoA hydratase","chloro, chloro.plast","A17","both_traits"
"pSymB","CDO30_25335","NP_438095.1","phenylacetic acid degradation protein","chloro, chloro.plast","A17","both_traits"
"pSymB","CDO30_25345","NP_438097.1","phenylacetate-CoA oxygenase subunit PaaI","chloro, chloro.plast","A17","both_traits"
"pSymB","CDO30_25355","NP_438099.1","phenylacetate-CoA oxygenase subunit PaaA","chloro, chloro.plast","A17","both_traits"
"pSymB","CDO30_25395","NP_438107.1","alpha-glucosidase/alpha-galactosidase","chloro","A17","trait_only"
"pSymB","CDO30_25420","NP_436541.1","sugar ABC transporter substrate-binding protein","chloro, chloro.plast","A17","both_traits"
"pSymB","CDO30_25450","NP_436547.1","LysR family transcriptional regulator","chloro","A17","trait_only"
"pSymB","CDO30_25465","NP_436550.1","catalase C","chloro","A17","trait_only"
"pSymB","CDO30_25480","NP_436553.1","alpha/beta hydrolase","chloro","A17","trait_only"
"pSymB","CDO30_25510","NP_436559.1","ABC transporter permease","chloro","DZA","trait_only"
"pSymB","CDO30_25530","NP_436562.1","dihydrolipoamide succinyltransferase","chloro","DZA","trait_only"
"pSymB","CDO30_25540","NP_436564.1","Lrp/AsnC family transcriptional regulator","chloro","DZA","trait_only"
"pSymB","CDO30_25555","NP_436565.1","dienelactone hydrolase family protein","chloro, chloro.plast","DZA","both_traits"
"pSymB","CDO30_25560","NP_436566.1","5-oxoprolinase","chloro, chloro.plast","DZA, A17","both_traits"
"pSymB","CDO30_25620","NP_436578.1","ABC transporter permease","chloro","DZA","trait_only"
"pSymB","CDO30_25630","NP_436580.1","shikimate dehydrogenase","chloro, chloro.plast","DZA","both_traits"
"pSymB","CDO30_25655","NP_436585.1","hypothetical protein","chloro.plast","DZA","plast_only"
"pSymB","CDO30_25660","NP_436586.1","glycosyl transferase","chloro.plast","DZA","plast_only"
"pSymB","CDO30_25670","NP_436588.1","plasmid partitioning protein RepB","chloro","DZA","trait_only"
"pSymB","CDO30_25695","NP_436593.1","hypothetical protein","chloro","DZA","trait_only"
"pSymB","CDO30_25700","NP_436594.1","alpha/beta hydrolase","chloro","DZA","trait_only"
"pSymB","CDO30_25710","NP_436596.1","ABC transporter substrate-binding protein","chloro, chloro.plast","A17","both_traits"
"pSymB","CDO30_25715","NP_436597.1","iron ABC transporter permease","chloro, chloro.plast","A17, DZA","both_traits"
"pSymB","CDO30_25725","NP_436599.1","SAM-dependent methyltransferase","chloro, chloro.plast","A17","both_traits"
"pSymB","CDO30_25760","WP_010968459.1","helix-turn-helix domain-containing protein","chloro","A17","trait_only"
"pSymB","CDO30_25765","NP_436605.1","hypothetical protein","chloro.plast","DZA","plast_only"
"pSymB","CDO30_25775","NP_436607.1","DNA-binding protein","chloro.plast","A17","plast_only"
"pSymB","CDO30_25820","NP_436616.1","short-chain dehydrogenase","chloro, chloro.plast","A17, DZA","both_traits"
"pSymB","CDO30_25825","NP_436617.1","sensor histidine kinase","chloro.plast","A17","plast_only"
"pSymB","CDO30_25830","NP_436618.1","DNA-binding response regulator","chloro, chloro.plast","A17","both_traits"
"pSymB","CDO30_25840","NP_436619.1","hemolysin D","chloro, chloro.plast","A17","both_traits"
"pSymB","CDO30_25845","NP_436620.2","glutathione-dependent formaldehyde dehydrogenase","chloro, chloro.plast","A17","both_traits"
"pSymB","CDO30_25855","NP_436622.1","hypothetical protein","chloro","A17","trait_only"
"pSymB","CDO30_25885","NP_436628.1","protein-L-isoaspartate O-methyltransferase","chloro.plast","DZA","plast_only"
"pSymB","CDO30_25905","YP_001312786.1","EEP domain-containing protein","chloro","A17","trait_only"
"pSymB","CDO30_25910","NP_436633.1","lysylphosphatidylglycerol synthetase family protein","chloro, chloro.plast","A17","both_traits"
"pSymB","CDO30_25920","NP_436635.1","pyruvate oxidase","chloro, chloro.plast","DZA, A17","both_traits"
"pSymB","CDO30_25925","NP_436636.1","sensory rhodopsin transducer","chloro.plast","A17","plast_only"
"pSymB","CDO30_25930","NP_436637.1","oxidoreductase","chloro, chloro.plast","A17","both_traits"
"pSymB","CDO30_25935","NP_436638.1","sensory rhodopsin transducer","chloro.plast","DZA, A17","plast_only"
"pSymB","CDO30_25940","NP_436639.1","maltose alpha-D-glucosyltransferase","chloro","DZA","trait_only"
"pSymB","CDO30_25955","NP_436642.1","sigma-54-dependent Fis family transcriptional regulator","chloro","DZA","trait_only"
"pSymB","CDO30_25960","NP_436643.1","FAD-dependent oxidoreductase","chloro","A17","trait_only"
"pSymB","CDO30_25965","NP_436644.1","anion permease","chloro.plast","A17","plast_only"
"pSymB","CDO30_25975","NP_436646.1","FadR family transcriptional regulator","chloro","DZA","trait_only"
"pSymB","CDO30_25980","NP_436647.1","dihydrodipicolinate synthase family protein","chloro","DZA","trait_only"
"pSymB","CDO30_26010","NP_436653.1","2-hydroxyacid dehydrogenase","chloro, chloro.plast","A17, DZA","both_traits"
"pSymB","CDO30_26015","NP_436654.1","ribonuclease activity regulator RraA","chloro, chloro.plast","A17","both_traits"
"pSymB","CDO30_26020","NP_436655.1","dihydroxy-acid dehydratase","chloro, chloro.plast","A17, DZA","both_traits"
"pSymB","CDO30_26025","NP_436656.1","amylo-alpha-1%2C6-glucosidase","chloro, chloro.plast","A17","both_traits"
"pSymB","CDO30_26030","NP_436657.1","glycosyltransferase family 4 protein","chloro","A17","trait_only"
"pSymB","CDO30_26075","NP_436664.1","ABC transporter ATP-binding protein","chloro","A17","trait_only"
"pSymB","CDO30_26090","YP_001312749.1","BMP family ABC transporter substrate-binding protein","chloro, chloro.plast","A17","both_traits"
"pSymB","CDO30_26125","NP_436674.1","permease","chloro, chloro.plast","A17","both_traits"
"pSymB","CDO30_26175","NP_436684.1","peptide ABC transporter substrate-binding protein","chloro.plast","DZA","plast_only"
"pSymB","CDO30_26310","NP_436710.1","S-(hydroxymethyl)glutathione dehydrogenase","chloro","DZA","trait_only"
"pSymB","CDO30_26325","NP_436713.1","PQQ-dependent dehydrogenase%2C methanol/ethanol family","chloro","DZA","trait_only"
"pSymB","CDO30_26350","NP_436718.1","branched-chain amino acid ABC transporter substrate-binding protein","chloro","DZA","trait_only"
"pSymB","CDO30_26355","NP_436719.1","hypothetical protein","chloro, chloro.plast","DZA","both_traits"
"pSymB","CDO30_26365","NP_436721.1","ABC transporter substrate-binding protein","chloro.plast","DZA","plast_only"
"pSymB","CDO30_26375","NP_436723.1","ABC transporter ATP-binding protein","chloro.plast","A17","plast_only"
"pSymB","CDO30_26450","NP_436738.1","pyrroloquinoline quinone biosynthesis protein B","chloro.plast","DZA","plast_only"
"pSymB","CDO30_26515","NP_436751.1","two-component sensor histidine kinase","chloro.plast","DZA","plast_only"
"pSymB","CDO30_26565","NP_436759.1","phage holin family protein","chloro.plast","DZA","plast_only"
"pSymB","CDO30_26570","NP_436760.1","nutrient deprivation-induced protein","chloro","DZA","trait_only"
"pSymB","CDO30_26625","NP_436770.1","glycosyltransferase","chloro.plast","DZA","plast_only"
"pSymB","CDO30_26655","NP_436776.1","L-iditol 2-dehydrogenase","chloro","A17","trait_only"
"pSymB","CDO30_26670","NP_436779.1","inositol-3-phosphate synthase","chloro.plast","DZA, A17","plast_only"
"pSymB","CDO30_26675","NP_436780.1","histidine phosphatase family protein","chloro.plast","DZA","plast_only"
"pSymB","CDO30_26680","NP_436781.1","beta-xylosidase","chloro.plast","DZA","plast_only"
"pSymB","CDO30_26685","NP_436782.1","coenzyme F420 hydrogenase","chloro","A17","trait_only"
"pSymB","CDO30_26690","YP_001312624.1","polysaccharide pyruvyl transferase family protein","chloro.plast","DZA","plast_only"
"pSymB","CDO30_26710","NP_436787.1","adenylate/guanylate cyclase domain-containing protein","chloro.plast","DZA","plast_only"
"pSymB","CDO30_26715","NP_436788.1","GntR family transcriptional regulator","chloro.plast","DZA","plast_only"
"pSymB","CDO30_26720","NP_436789.1","dihydrodipicolinate synthase family protein","chloro.plast","DZA","plast_only"
"pSymB","CDO30_26730","NP_436791.1","malate dehydrogenase","chloro.plast","DZA","plast_only"
"pSymB","CDO30_26735","NP_436792.1","aldehyde dehydrogenase (NADP(+))","chloro","DZA","trait_only"
"pSymB","CDO30_26750","NP_436795.1","amino acid ABC transporter permease","chloro, chloro.plast","DZA","both_traits"
"pSymB","CDO30_26760","NP_436797.1","amino acid dehydrogenase","chloro.plast","A17","plast_only"
"pSymB","CDO30_26765","NP_436798.1","hydroxyproline-2-epimerase","chloro.plast","DZA","plast_only"
"pSymB","CDO30_26770","NP_436799.1","hypothetical protein","chloro, chloro.plast","DZA","both_traits"
"pSymB","CDO30_26785","NP_436802.1","MFS transporter","chloro, chloro.plast","DZA, A17","both_traits"
"pSymB","CDO30_26790","NP_436803.1","hypothetical protein","chloro.plast","DZA","plast_only"
"pSymB","CDO30_26795","WP_003525672.1","hypothetical protein","chloro, chloro.plast","DZA","both_traits"
"pSymB","CDO30_26805","NP_436805.1","3-keto-5-aminohexanoate cleavage enzyme","chloro, chloro.plast","DZA","both_traits"
"pSymB","CDO30_26810","NP_436806.1","MurR/RpiR family transcriptional regulator","chloro.plast","DZA","plast_only"
"pSymB","CDO30_26815","NP_436807.1","aspartate aminotransferase family protein","chloro, chloro.plast","DZA","both_traits"
"pSymB","CDO30_26830","NP_436810.1","NAD(P)/FAD-dependent oxidoreductase","chloro, chloro.plast","DZA","both_traits"
"pSymB","CDO30_26915","NP_436827.1","TRAP transporter large permease","chloro","A17","trait_only"
"pSymB","CDO30_26920","NP_436828.1","dihydrodipicolinate synthase family protein","chloro","A17","trait_only"
"pSymB","CDO30_26955","NP_436837.1","dihydroxyacetone kinase subunit L","chloro.plast","DZA","plast_only"
"pSymB","CDO30_26960","NP_436838.1","dihydroxyacetone kinase subunit DhaK","chloro, chloro.plast","DZA","both_traits"
"pSymB","CDO30_26975","NP_436841.2","ABC transporter permease","chloro","A17","trait_only"
"pSymB","CDO30_27005","NP_436846.1","C4-dicarboxylate ABC transporter permease","chloro","A17","trait_only"
"pSymB","CDO30_27040","NP_436853.1","carbohydrate ABC transporter permease","chloro.plast","DZA","plast_only"
"pSymB","CDO30_27050","NP_436855.1","trehalose utilization protein ThuA","chloro, chloro.plast","DZA","both_traits"
"pSymB","CDO30_27055","NP_436856.1","gfo/Idh/MocA family oxidoreductase","chloro.plast","DZA","plast_only"
"pSymB","CDO30_27065","WP_017264406.1","hypothetical protein","chloro","A17","trait_only"
"pSymB","CDO30_27070","NP_436858.1","sulfatase","chloro","DZA","trait_only"
"pSymB","CDO30_27085","WP_017264403.1","DUF2950 domain-containing protein","chloro.plast","A17","plast_only"
"pSymB","CDO30_27095","NP_436860.1","formylglycine-generating enzyme family protein","chloro, chloro.plast","DZA, A17","both_traits"
"pSymB","CDO30_27140","NP_436868.1","twin-arginine translocation pathway signal protein","chloro","A17","trait_only"
"pSymB","CDO30_27150","NP_436870.1","AraC family transcriptional regulator","chloro.plast","DZA","plast_only"
"pSymB","CDO30_27155","NP_436871.1","AcrB/AcrD/AcrF family protein","chloro","A17","trait_only"
"pSymB","CDO30_27185","NP_436876.1","DUF2291 domain-containing protein","chloro, chloro.plast","DZA","both_traits"
"pSymB","CDO30_27205","NP_436880.1","hypothetical protein","chloro","A17","trait_only"
"pSymB","CDO30_27210","NP_436881.1","DUF3365 domain-containing protein","chloro, chloro.plast","DZA","both_traits"
"pSymB","CDO30_27225","NP_436884.1","adenylate cyclase","chloro, chloro.plast","DZA","both_traits"
"pSymB","CDO30_27230","NP_436885.1","hypothetical protein","chloro","A17","trait_only"
"pSymB","CDO30_27235","NP_436886.1","hypothetical protein","chloro.plast","DZA","plast_only"
"pSymB","CDO30_27240","NP_436887.1","ion transporter","chloro, chloro.plast","A17","both_traits"
"pSymB","CDO30_27245","NP_436888.1","inositol monophosphatase","chloro.plast","A17","plast_only"
"pSymB","CDO30_27260","NP_436891.1","iron ABC transporter substrate-binding protein","chloro.plast","A17","plast_only"
"pSymB","CDO30_27295","NP_436898.1","TRAP transporter large permease","chloro.plast","DZA","plast_only"
"pSymB","CDO30_27305","NP_436900.1","TRAP transporter substrate-binding protein DctP","chloro, chloro.plast","DZA, A17","both_traits"
"pSymB","CDO30_27310","YP_001312488.1","FadR family transcriptional regulator","chloro, chloro.plast","DZA","both_traits"
"pSymB","CDO30_27325","NP_436904.1","NAD-dependent succinate-semialdehyde dehydrogenase","chloro.plast","DZA","plast_only"
"pSymB","CDO30_27330","NP_436905.1","aspartate aminotransferase family protein","chloro, chloro.plast","DZA","both_traits"
"pSymB","CDO30_27355","NP_436910.1","dipeptidase","chloro.plast","DZA","plast_only"
"pSymB","CDO30_27365","NP_436912.1","hypothetical protein","chloro","DZA","trait_only"
"pSymB","CDO30_27375","NP_436914.1","NADPH:quinone reductase","chloro.plast","DZA","plast_only"
"pSymB","CDO30_27395","NP_436917.1","Curdlan synthase","chloro.plast","DZA","plast_only"
"pSymB","CDO30_27405","NP_436919.1","ribulose 1%2C5-bisphosphate carboxylase","chloro","A17","trait_only"
"pSymB","CDO30_27410","NP_436920.1","Hrp-dependent type III effector protein","chloro, chloro.plast","DZA, A17","both_traits"
"pSymB","CDO30_27415","NP_436921.1","dehydrogenase","chloro","A17","trait_only"
"pSymB","CDO30_27420","NP_436922.1","dehydrogenase","chloro.plast","DZA","plast_only"
"pSymB","CDO30_27450","NP_436928.1","alcohol dehydrogenase","chloro, chloro.plast","DZA","both_traits"
"pSymB","CDO30_27460","NP_436930.1","aldehyde dehydrogenase","chloro, chloro.plast","DZA, A17","both_traits"
"pSymB","CDO30_27520","NP_436942.1","sn-glycerol-3-phosphate-binding periplasmic protein UgpB","chloro.plast","DZA","plast_only"
"pSymB","CDO30_27525","NP_436943.1","sn-glycerol 3-phosphate ABC transporter permease","chloro.plast","DZA","plast_only"
"pSymB","CDO30_27535","NP_436945.1","sn-glycerol-3-phosphate import ATP-binding protein UgpC","chloro.plast","DZA","plast_only"
"pSymB","CDO30_27555","NP_436949.1","aspartate aminotransferase family protein","chloro.plast","DZA","plast_only"
"pSymB","CDO30_27560","NP_436950.1","NAD-dependent succinate-semialdehyde dehydrogenase","chloro, chloro.plast","DZA","both_traits"
"pSymB","CDO30_27570","YP_002824530.1","PLP-dependent aminotransferase family protein","chloro, chloro.plast","DZA","both_traits"
"pSymB","CDO30_27580","NP_436954.1","ectoine/hydroxyectoine ABC transporter substrate-binding protein EhuB","chloro","DZA","trait_only"
"pSymB","CDO30_27590","NP_436956.1","ectoine/hydroxyectoine ABC transporter permease subunit EhuD","chloro","A17","trait_only"
"pSymB","CDO30_27595","NP_436957.1","ectoine utilization protein EutA","chloro, chloro.plast","DZA, A17","both_traits"
"pSymB","CDO30_27605","NP_436959.1","cyclodeaminase","chloro.plast","DZA","plast_only"
"pSymB","CDO30_27610","NP_436960.1","ectoine hydrolase DoeA","chloro, chloro.plast","DZA, A17","both_traits"
"pSymB","CDO30_27615","WP_003525897.1","N-alpha-acetyl diaminobutyric acid deacetylase DoeB","chloro.plast","DZA","plast_only"
"pSymB","CDO30_27620","NP_436962.1","NarK/NasA family nitrate transporter","chloro","A17","trait_only"
"pSymB","CDO30_27625","NP_436963.1","FadR family transcriptional regulator","chloro, chloro.plast","DZA","both_traits"
"pSymB","CDO30_27635","NP_436965.1","TRAP transporter small permease","chloro.plast","DZA","plast_only"
"pSymB","CDO30_27645","NP_436967.1","L-idonate 5-dehydrogenase","chloro.plast","DZA","plast_only"
"pSymB","CDO30_27650","NP_436968.1","mannonate dehydratase","chloro, chloro.plast","DZA","both_traits"
"pSymB","CDO30_27655","NP_436969.1","GGDEF-domain containing protein","chloro, chloro.plast","A17, DZA","both_traits"
"pSymB","CDO30_27660","NP_436970.1","ubiquinone biosynthesis methyltransferase UbiE","chloro","A17","trait_only"
"pSymB","CDO30_27665","YP_001312427.1","SAM-dependent methyltransferase","chloro","A17","trait_only"
"pSymB","CDO30_27685","NP_436975.1","gluconolactonase","chloro","A17","trait_only"
"pSymB","CDO30_27715","NP_436981.1","UDP-glucose 4-epimerase GalE","chloro.plast","DZA","plast_only"
"pSymB","CDO30_27720","NP_436982.1","N-acetylglucosaminyltransferase","chloro, chloro.plast","A17","both_traits"
"pSymB","CDO30_27725","NP_436983.1","DUF995 domain-containing protein","chloro","A17","trait_only"
"pSymB","CDO30_27730","NP_436984.1","beta-mannosidase","chloro","A17","trait_only"
"pSymB","CDO30_27735","NP_436985.1","DUF995 domain-containing protein","chloro","A17","trait_only"
"pSymB","CDO30_27740","NP_436986.1","hypothetical protein","chloro","DZA","trait_only"
"pSymB","CDO30_27750","NP_436988.1","osmoprotectant NAGGN system M42 family peptidase","chloro.plast","DZA","plast_only"
"pSymB","CDO30_27805","NP_436997.1","VOC family protein","chloro.plast","DZA","plast_only"
"pSymB","CDO30_27810","NP_436998.1","ABC transporter substrate-binding protein","chloro.plast","DZA","plast_only"
"pSymB","CDO30_27815","NP_436999.1","ABC transporter permease","chloro","A17","trait_only"
"pSymB","CDO30_27820","NP_437000.1","peptide ABC transporter permease","chloro","DZA","trait_only"
"pSymB","CDO30_27825","NP_437001.1","ABC transporter ATP-binding protein","chloro","A17","trait_only"
"pSymB","CDO30_27830","NP_437002.1","FadR family transcriptional regulator","chloro","DZA","trait_only"
"pSymB","CDO30_27840","NP_437004.1","N-acetylglutaminylglutamine synthetase","chloro.plast","DZA","plast_only"
"pSymB","CDO30_27855","NP_437007.1","sugar ABC transporter ATP-binding protein","chloro","A17, DZA","trait_only"
"pSymB","CDO30_27860","NP_437008.1","ABC transporter permease","chloro","A17","trait_only"
"pSymB","CDO30_27870","NP_437010.1","sugar phosphate isomerase/epimerase","chloro, chloro.plast","DZA","both_traits"
"pSymB","CDO30_27875","NP_437011.1","carbohydrate kinase","chloro","DZA","trait_only"
"pSymB","CDO30_27880","NP_437012.1","class II aldolase","chloro","A17","trait_only"
"pSymB","CDO30_27885","YP_002122330.1","DUF899 domain-containing protein","chloro, chloro.plast","A17, DZA","both_traits"
"pSymB","CDO30_27895","NP_437014.1","oxidoreductase","chloro.plast","A17","plast_only"
"pSymB","CDO30_27900","NP_437015.1","3-ketoacyl-ACP reductase","chloro, chloro.plast","DZA","both_traits"
"pSymB","CDO30_27905","NP_437016.1","LysR family transcriptional regulator","chloro","A17","trait_only"
"pSymB","CDO30_27915","NP_437017.1","hypothetical protein","chloro, chloro.plast","A17, DZA","both_traits"
"pSymB","CDO30_27925","NP_437018.1","GMC family oxidoreductase","chloro.plast","DZA","plast_only"
"pSymB","CDO30_27930","NP_437019.1","carbohydrate kinase","chloro, chloro.plast","DZA, A17","both_traits"
"pSymB","CDO30_27935","NP_437020.1","aldolase","chloro","DZA","trait_only"
"pSymB","CDO30_27940","NP_437021.1","glycerol-3-phosphate dehydrogenase/oxidase","chloro, chloro.plast","DZA, A17","both_traits"
"pSymB","CDO30_27945","NP_437022.1","aldo/keto reductase","chloro, chloro.plast","A17, DZA","both_traits"
"pSymB","CDO30_27950","NP_437023.2","transcriptional regulator","chloro, chloro.plast","DZA, A17","both_traits"
"pSymB","CDO30_27955","NP_437024.1","ABC transporter permease","chloro, chloro.plast","DZA","both_traits"
"pSymB","CDO30_27960","NP_437025.1","ribose import ATP-binding protein RbsA 2","chloro, chloro.plast","A17, DZA","both_traits"
"pSymB","CDO30_27970","NP_437027.1","trifolitoxin immunity protein","chloro","DZA","trait_only"
"pSymB","CDO30_27975","NP_437028.1","L-arabinose ABC transporter permease AraH","chloro","DZA","trait_only"
"pSymB","CDO30_27980","NP_437029.1","arabinose import ATP-binding protein AraG","chloro","DZA","trait_only"
"pSymB","CDO30_27985","NP_437030.1","arabinose ABC transporter substrate-binding protein","chloro, chloro.plast","A17, DZA","both_traits"
"pSymB","CDO30_27990","NP_437031.1","FadR family transcriptional regulator","chloro","A17, DZA","trait_only"
"pSymB","CDO30_28010","NP_437034.1","hypothetical protein","chloro","DZA","trait_only"
"pSymB","CDO30_28015","NP_437035.1","chemotaxis protein CheB","chloro, chloro.plast","DZA","both_traits"
"pSymB","CDO30_28020","NP_437036.1","chemotaxis protein","chloro, chloro.plast","DZA","both_traits"
"pSymB","CDO30_28070","NP_437043.1","photosystem reaction center subunit H","chloro, chloro.plast","A17, DZA","both_traits"
"pSymB","CDO30_28135","NP_437053.1","sugar phosphate isomerase/epimerase","chloro","DZA","trait_only"
"pSymB","CDO30_28140","NP_437054.1","dehydrogenase","chloro.plast","DZA","plast_only"
"pSymB","CDO30_28145","NP_437055.1","DUF2264 domain-containing protein","chloro, chloro.plast","DZA","both_traits"
"pSymB","CDO30_28150","NP_437056.1","LacI family transcriptional regulator","chloro.plast","A17","plast_only"
"pSymB","CDO30_28155","NP_437057.1","carbohydrate ABC transporter substrate-binding protein","chloro","DZA","trait_only"
"pSymB","CDO30_28160","WP_013850968.1","hypothetical protein","chloro","A17","trait_only"
"pSymB","CDO30_28165","NP_437058.1","adenylate/guanylate cyclase domain-containing protein","chloro, chloro.plast","DZA","both_traits"
"pSymB","CDO30_28215","NP_437065.1","DUF982 domain-containing protein","chloro, chloro.plast","A17","both_traits"
"pSymB","CDO30_28230","WP_015007763.1","GcrA cell cycle regulator","chloro, chloro.plast","A17","both_traits"
"pSymB","CDO30_28255","NP_437069.1","DUF982 domain-containing protein","chloro, chloro.plast","A17","both_traits"
"pSymB","CDO30_28260","NP_437070.1","DUF982 domain-containing protein","chloro, chloro.plast","DZA, A17","both_traits"
"pSymB","CDO30_28265","NP_437071.1","phospholipase","chloro, chloro.plast","DZA","both_traits"
"pSymB","CDO30_28275","WP_014527394.1","hypothetical protein","chloro, chloro.plast","DZA","both_traits"
"pSymB","CDO30_28280","NP_437073.1","DUF1643 domain-containing protein","chloro","A17","trait_only"
"pSymB","CDO30_28290","NP_437075.2","cobalt transporter","chloro, chloro.plast","DZA, A17","both_traits"
"pSymB","CDO30_28300","WP_014527389.1","DUF454 domain-containing protein","chloro, chloro.plast","A17, DZA","both_traits"
"pSymB","CDO30_28315","NP_437078.2","hypothetical protein","chloro","DZA","trait_only"
"pSymB","CDO30_28320","NP_437079.1","copper chaperone","chloro, chloro.plast","DZA","both_traits"
"pSymB","CDO30_28325","YP_001313738.1","glycosyl transferase","chloro","DZA","trait_only"
"pSymB","CDO30_28330","WP_003526551.1","nucleoside-diphosphate sugar epimerase","chloro, chloro.plast","A17","both_traits"
"pSymB","CDO30_28355","NP_437085.1","glycosyl transferase","chloro.plast","DZA","plast_only"
"pSymB","CDO30_28365","NP_437087.1","glycosyltransferase","chloro.plast","A17","plast_only"
"pSymB","CDO30_28370","YP_001313730.1","hypothetical protein","chloro, chloro.plast","A17, DZA","both_traits"
"pSymB","CDO30_28375","NP_437089.1","KpsF/GutQ family sugar isomerase","chloro, chloro.plast","DZA, A17","both_traits"
"pSymB","CDO30_28380","NP_437090.1","acyltransferase","chloro, chloro.plast","DZA","both_traits"
"pSymB","CDO30_28395","NP_437093.2","ABC transporter ATP-binding protein","chloro.plast","DZA","plast_only"
"pSymB","CDO30_28400","NP_437094.1","hypothetical protein","chloro, chloro.plast","DZA, A17","both_traits"
"pSymB","CDO30_28405","YP_001313723.1","membrane assembly protein AsmA","chloro, chloro.plast","DZA, A17","both_traits"
"pSymB","CDO30_28410","NP_437097.1","LacI family transcriptional regulator","chloro","A17","trait_only"
"pSymB","CDO30_28415","NP_437098.2","fatty acid desaturase","chloro","DZA","trait_only"
"pSymB","CDO30_28420","NP_437099.1","Rieske family ferredoxin","chloro, chloro.plast","DZA, A17","both_traits"
"pSymB","CDO30_28425","NP_437100.1","ferredoxin reductase","chloro, chloro.plast","DZA, A17","both_traits"
"pSymB","CDO30_28500","NP_437115.1","ABC transporter ATP-binding protein","chloro, chloro.plast","DZA","both_traits"
"pSymB","CDO30_28505","YP_001313708.1","sugar ABC transporter","chloro","DZA","trait_only"
"pSymB","CDO30_28510","NP_437117.1","cell surface protein","chloro, chloro.plast","DZA, A17","both_traits"
"pSymB","CDO30_28655","NP_437145.1","hypothetical protein","chloro.plast","DZA","plast_only"
"pSymB","CDO30_28660","WP_014526772.1","hypothetical protein","chloro","DZA","trait_only"
"pSymB","CDO30_28665","NP_437146.1","hypothetical protein","chloro, chloro.plast","DZA","both_traits"
"pSymB","CDO30_28680","NP_437148.1","hypothetical protein","chloro.plast","DZA","plast_only"
"pSymB","CDO30_28695","NP_437151.1","ABC transporter permease","chloro","DZA","trait_only"
"pSymB","CDO30_28705","NP_437153.1","capsule biosynthesis protein CapA","chloro, chloro.plast","A17, DZA","both_traits"
"pSymB","CDO30_28715","WP_017270003.1","hypothetical protein","chloro.plast","A17","plast_only"
"pSymB","CDO30_28730","NP_437156.1","DNA ligase D","chloro, chloro.plast","DZA, A17","both_traits"
"pSymB","CDO30_28735","WP_017263565.1","hypothetical protein","chloro.plast","DZA","plast_only"
"pSymB","CDO30_28750","WP_014527326.1","hypothetical protein","chloro, chloro.plast","DZA, A17","both_traits"
"pSymB","CDO30_28780","NP_437160.1","hypothetical protein","chloro, chloro.plast","DZA, A17","both_traits"
"pSymB","CDO30_28815","YP_001313568.1","acyl carrier protein","chloro.plast","A17","plast_only"
"pSymB","CDO30_29020","NP_437206.1","Ti-type conjugative transfer relaxase TraA","chloro, chloro.plast","DZA, A17","both_traits"
"pSymB","CDO30_29030","YP_001313706.1","CoA transferase","chloro, chloro.plast","DZA, A17","both_traits"
"pSymB","CDO30_29035","NP_437209.1","carbohydrate ABC transporter substrate-binding protein","chloro, chloro.plast","DZA","both_traits"
"pSymB","CDO30_29040","NP_437210.1","glycosyl hydrolase","chloro.plast","DZA","plast_only"
"pSymB","CDO30_29045","NP_437211.1","N-acetyltransferase","chloro, chloro.plast","DZA","both_traits"
"pSymB","CDO30_29050","NP_437212.1","LysR family transcriptional regulator","chloro","A17","trait_only"
"pSymB","CDO30_29055","NP_437213.1","argininosuccinate lyase","chloro","A17","trait_only"
"pSymB","CDO30_29065","NP_437215.2","amino acid ABC transporter ATP-binding protein","chloro","A17","trait_only"
"pSymB","CDO30_29080","NP_437219.1","polysaccharide deacetylase","chloro","A17","trait_only"
"pSymB","CDO30_29090","NP_437220.1","amidohydrolase","chloro","DZA, A17","trait_only"
"pSymB","CDO30_29095","NP_437221.1","IclR family transcriptional regulator","chloro","A17","trait_only"
"pSymB","CDO30_29100","NP_437222.1","sugar ABC transporter substrate-binding protein","chloro","A17","trait_only"
"pSymB","CDO30_29105","NP_437223.2","sugar ABC transporter permease","chloro, chloro.plast","DZA","both_traits"
"pSymB","CDO30_29110","NP_437224.1","carbohydrate ABC transporter permease","chloro, chloro.plast","DZA, A17","both_traits"
"pSymB","CDO30_29115","NP_437225.1","ABC transporter ATP-binding protein","chloro.plast","A17","plast_only"
"pSymB","CDO30_29120","NP_437226.1","mandelate racemase","chloro, chloro.plast","DZA","both_traits"
"pSymB","CDO30_29130","NP_437228.1","gfo/Idh/MocA family oxidoreductase","chloro.plast","DZA","plast_only"
"pSymB","CDO30_29140","NP_437230.1","NAD(P)-dependent oxidoreductase","chloro","A17","trait_only"
"pSymB","CDO30_29155","NP_437233.1","ABC transporter substrate-binding protein","chloro","A17","trait_only"
"pSymB","CDO30_29165","NP_437235.1","antibiotic resistance protein","chloro.plast","DZA","plast_only"
"pSymB","CDO30_29170","NP_437236.1","XRE family transcriptional regulator","chloro, chloro.plast","DZA","both_traits"
"pSymB","CDO30_29175","WP_014530517.1","hypothetical protein","chloro.plast","DZA","plast_only"
"pSymB","CDO30_29200","NP_437242.1","RidA family protein","chloro","A17","trait_only"
"pSymB","CDO30_29205","NP_437243.1","acetyl/propionyl/methylcrotonyl-CoA carboxylase subunit alpha","chloro","A17","trait_only"
"pSymB","CDO30_29215","NP_437245.1","enoyl-CoA hydratase","chloro.plast","DZA","plast_only"
"pSymB","CDO30_29220","NP_437246.1","DUF2384 domain-containing protein","chloro.plast","DZA","plast_only"
"pSymB","CDO30_29225","NP_437247.1","hypothetical protein","chloro, chloro.plast","DZA","both_traits"
"pSymB","CDO30_29230","YP_001313273.1","FAD-binding oxidoreductase","chloro.plast","DZA, A17","plast_only"
"pSymB","CDO30_29240","YP_001313275.1","sulfate ABC transporter permease subunit CysW","chloro, chloro.plast","A17, DZA","both_traits"
"pSymB","CDO30_29270","NP_437256.1","amino acid ABC transporter permease","chloro.plast","DZA","plast_only"
"pSymB","CDO30_29320","NP_437265.1","ABC transporter substrate-binding protein","chloro, chloro.plast","DZA","both_traits"
"pSymB","CDO30_29325","NP_437266.1","sugar kinase","chloro, chloro.plast","DZA","both_traits"
"pSymB","CDO30_29335","NP_437268.1","adenylyl-sulfate kinase","chloro","DZA","trait_only"
"pSymB","CDO30_29340","NP_437269.1","3'(2')%2C5'-bisphosphate nucleotidase CysQ","chloro.plast","DZA","plast_only"
"pSymB","CDO30_29345","NP_437270.1","histidinol-phosphatase","chloro, chloro.plast","DZA","both_traits"
"pSymB","CDO30_29370","NP_437274.1","glycosyl transferase","chloro.plast","A17","plast_only"
"pSymB","CDO30_29375","NP_437275.1","glycosyltransferase family 1 protein","chloro","DZA","trait_only"
"pSymB","CDO30_29380","WP_015243130.1","polysaccharide biosynthesis protein","chloro, chloro.plast","DZA","both_traits"
"pSymB","CDO30_29400","WP_003531367.1","pectate lyase","chloro","DZA","trait_only"
"pSymB","CDO30_29405","NP_437284.1","chain-length determining protein","chloro, chloro.plast","DZA","both_traits"
"pSymB","CDO30_29410","NP_437285.1","lipid A core--O-antigen ligase","chloro.plast","DZA","plast_only"
"pSymB","CDO30_29425","NP_437288.1","hypothetical protein","chloro, chloro.plast","DZA","both_traits"
"pSymB","CDO30_29430","NP_437289.1","sugar ABC transporter substrate-binding protein","chloro.plast","DZA","plast_only"
"pSymB","CDO30_29455","NP_437294.1","glycosyltransferase family 4 protein","chloro, chloro.plast","DZA","both_traits"
"pSymB","CDO30_29460","NP_437295.1","mechanosensitive ion channel family protein","chloro","DZA","trait_only"
"pSymB","CDO30_29470","NP_437297.1","polysaccharide deacetylase","chloro.plast","A17","plast_only"
"pSymB","CDO30_29505","NP_437305.1","peptide ABC transporter substrate-binding protein","chloro","A17","trait_only"
"pSymB","CDO30_29530","NP_437310.1","glycosyl transferase","chloro, chloro.plast","A17","both_traits"
"pSymB","CDO30_29535","NP_437311.1","hypothetical protein","chloro","A17","trait_only"
"pSymB","CDO30_29540","YP_001313333.1","ABC transporter ATP-binding protein","chloro, chloro.plast","DZA, A17","both_traits"
"pSymB","CDO30_29550","NP_437315.1","nucleotide-binding protein","chloro, chloro.plast","DZA","both_traits"
"pSymB","CDO30_29555","NP_437316.1","LacI family transcriptional regulator","chloro, chloro.plast","DZA","both_traits"
"pSymB","CDO30_29560","NP_437317.1","ABC transporter substrate-binding protein","chloro, chloro.plast","DZA","both_traits"
"pSymB","CDO30_29565","NP_437318.1","spermidine/putrescine ABC transporter permease","chloro.plast","DZA, A17","plast_only"
"pSymB","CDO30_29575","YP_001313340.1","ABC transporter ATP-binding protein","chloro.plast","DZA","plast_only"
"pSymB","CDO30_29580","NP_437321.1","nucleoside hydrolase","chloro, chloro.plast","DZA, A17","both_traits"
"pSymB","CDO30_29585","NP_437322.1","adenine deaminase","chloro","DZA","trait_only"
"pSymB","CDO30_29610","NP_437327.1","allantoicase","chloro","DZA","trait_only"
"pSymB","CDO30_29625","NP_437330.1","xanthine dehydrogenase small subunit","chloro, chloro.plast","A17","both_traits"
"pSymB","CDO30_29630","NP_437331.1","xanthine dehydrogenase molybdopterin binding subunit","chloro, chloro.plast","A17","both_traits"
"pSymB","CDO30_29655","NP_437336.1","cysteine desulfurase","chloro","DZA, A17","trait_only"
"pSymB","CDO30_29670","YP_001313357.1","molecular chaperone Hsp20","chloro.plast","DZA","plast_only"
"pSymB","CDO30_29680","NP_437341.1","penicillin-binding protein 1C","chloro.plast","DZA","plast_only"
"pSymB","CDO30_29685","NP_437342.1","hypothetical protein","chloro, chloro.plast","DZA, A17","both_traits"
"pSymB","CDO30_29700","NP_437345.1","aldehyde dehydrogenase","chloro, chloro.plast","A17, DZA","both_traits"
"pSymB","CDO30_29705","NP_437346.1","fucose-binding protein","chloro.plast","DZA","plast_only"
"pSymB","CDO30_29710","NP_437347.1","ABC transporter ATP-binding protein","chloro, chloro.plast","DZA, A17","both_traits"
"pSymB","CDO30_29715","NP_437348.1","dimethylarginine dimethylaminohydrolase","chloro, chloro.plast","A17","both_traits"
"pSymB","CDO30_29720","NP_437349.3","mercuric reductase","chloro, chloro.plast","DZA, A17","both_traits"
"pSymB","CDO30_29725","NP_437350.1","ABC transporter substrate-binding protein","chloro, chloro.plast","A17","both_traits"
"pSymB","CDO30_29730","NP_437351.1","ABC transporter permease","chloro.plast","DZA","plast_only"
"pSymB","CDO30_29735","NP_437352.1","amino acid ABC transporter ATP-binding protein","chloro","A17","trait_only"
"pSymB","CDO30_29740","NP_437353.1","ABC transporter","chloro.plast","DZA","plast_only"
"pSymB","CDO30_29745","NP_437354.1","gfo/Idh/MocA family oxidoreductase","chloro, chloro.plast","DZA","both_traits"
"pSymB","CDO30_29755","NP_437356.1","carbohydrate ABC transporter permease","chloro, chloro.plast","A17","both_traits"
"pSymB","CDO30_29760","NP_437357.1","ABC transporter substrate-binding protein","chloro.plast","DZA","plast_only"
"pSymB","CDO30_29765","NP_437358.1","ABC transporter ATP-binding protein","chloro.plast","DZA","plast_only"
"pSymB","CDO30_29775","NP_437360.1","VOC family protein","chloro.plast","A17","plast_only"
"pSymB","CDO30_29780","NP_437361.1","microcystin LR degradation protein MlrC-like protein","chloro.plast","A17","plast_only"
"pSymB","CDO30_29805","NP_437366.1","beta-N-acetylhexosaminidase","chloro","A17","trait_only"
"pSymB","CDO30_29820","YP_001313386.1","urocanate hydratase","chloro.plast","A17","plast_only"
"pSymB","CDO30_29830","NP_437371.1","histidine ammonia-lyase","chloro.plast","A17","plast_only"
"pSymB","CDO30_29845","NP_437374.1","MFS transporter","chloro.plast","DZA","plast_only"
"pSymB","CDO30_29880","NP_437381.1","phosphonate ABC transporter%2C permease protein PhnE","chloro, chloro.plast","A17","both_traits"
"pSymB","CDO30_29895","NP_437384.1","trimethylamine--corrinoid methyltransferase","chloro.plast","A17","plast_only"
"pSymB","CDO30_29900","WP_017276276.1","FAD-binding oxidoreductase","chloro","DZA","trait_only"
"pSymB","CDO30_29935","NP_437392.1","aspartate aminotransferase family protein","chloro","A17","trait_only"
"pSymB","CDO30_29965","NP_437398.1","fructose-bisphosphate aldolase class II","chloro","A17","trait_only"
"pSymB","CDO30_30035","NP_437412.1","ABC transporter ATP-binding protein","chloro.plast","DZA","plast_only"
"pSymB","CDO30_30040","NP_437413.1","transporter","chloro","A17","trait_only"
"pSymB","CDO30_30110","YP_001313438.1","glycosyl transferase","chloro.plast","DZA","plast_only"
"pSymB","CDO30_30120","NP_437429.1","glycosyl transferase family 2","chloro, chloro.plast","DZA","both_traits"
"pSymB","CDO30_30130","NP_437431.1","HlyD family type I secretion periplasmic adaptor subunit","chloro, chloro.plast","A17, DZA","both_traits"
"pSymB","CDO30_30135","NP_437432.1","type I secretion system permease/ATPase","chloro","A17","trait_only"
"pSymB","CDO30_30160","NP_437437.1","polysaccharide pyruvyl transferase family protein","chloro","DZA","trait_only"
"pSymB","CDO30_30225","NP_437450.1","DUF1236 domain-containing protein","chloro, chloro.plast","DZA","both_traits"
"pSymB","CDO30_30230","NP_437451.1","AI-2E family transporter","chloro.plast","DZA","plast_only"
"pSymB","CDO30_30255","NP_437457.1","phytanoyl-CoA dioxygenase","chloro","DZA","trait_only"
"pSymB","CDO30_30275","NP_437461.1","sugar ABC transporter substrate-binding protein","chloro, chloro.plast","DZA","both_traits"
"pSymB","CDO30_30290","NP_437464.1","2-deoxy-D-gluconate 3-dehydrogenase","chloro.plast","DZA","plast_only"
"pSymB","CDO30_30320","NP_437470.1","uronate isomerase","chloro, chloro.plast","DZA","both_traits"
"pSymB","CDO30_30325","NP_437471.1","gfo/Idh/MocA family oxidoreductase","chloro, chloro.plast","DZA","both_traits"
"pSymB","CDO30_30330","NP_437472.1","YihY/virulence factor BrkB family protein","chloro","DZA","trait_only"
"pSymB","CDO30_30405","NP_437487.1","sodium:calcium exchanger","chloro.plast","DZA","plast_only"
"pSymB","CDO30_30415","NP_437489.1","hypothetical protein","chloro.plast","DZA","plast_only"
"pSymB","CDO30_30420","NP_437490.1","LacI family transcriptional regulator","chloro, chloro.plast","DZA","both_traits"
"pSymB","CDO30_30430","NP_437492.1","sugar kinase","chloro, chloro.plast","DZA","both_traits"
"pSymB","CDO30_30440","NP_437494.1","sugar ABC transporter ATP-binding protein","chloro, chloro.plast","DZA","both_traits"
"pSymB","CDO30_30445","NP_437495.1","sugar ABC transporter substrate-binding protein","chloro.plast","DZA","plast_only"
"pSymB","CDO30_30500","NP_437506.1","taurine import ATP-binding protein TauB","chloro, chloro.plast","DZA","both_traits"
"pSymB","CDO30_30520","NP_437510.1","sulfoacetaldehyde acetyltransferase","chloro, chloro.plast","DZA, A17","both_traits"
"pSymB","CDO30_30530","NP_437512.1","phosphate acetyltransferase","chloro.plast","DZA","plast_only"
"pSymB","CDO30_30600","NP_437526.1","DNA-binding response regulator","chloro.plast","DZA","plast_only"
"pSymB","CDO30_30630","NP_437532.1","hypothetical protein","chloro, chloro.plast","A17, DZA","both_traits"
"pSymB","CDO30_30755","NP_437556.1","ArsR family transcriptional regulator","chloro, chloro.plast","A17","both_traits"
"pSymB","CDO30_30865","NP_437577.1","gfo/Idh/MocA family oxidoreductase","chloro","DZA","trait_only"
"pSymB","CDO30_31010","NP_437605.1","UDP-glucose 4-epimerase","chloro","DZA","trait_only"
"pSymB","CDO30_31020","NP_437607.1","exopolysaccharide production protein ExoQ","chloro","DZA, A17","trait_only"
"pSymB","CDO30_31040","NP_437611.1","succinoglycan biosynthesis protein ExoU","chloro.plast","DZA","plast_only"
"pSymB","CDO30_31050","NP_437613.1","succinoglycan biosynthesis protein exow","chloro, chloro.plast","A17","both_traits"
"pSymB","CDO30_31065","NP_437616.1","succinoglycan biosynthesis protein exoi","chloro","DZA","trait_only"
"pSymB","CDO30_31105","NP_437624.1","succinoglycan biosynthesis protein ExoO","chloro.plast","DZA","plast_only"
"pSymB","CDO30_31125","NP_437627.1","bifunctional hydroxymethylpyrimidine kinase/phosphomethylpyrimidine kinase","chloro","DZA, A17","trait_only"
"pSymB","CDO30_31140","NP_437631.1","beta-galactosidase","chloro","DZA, A17","trait_only"
"pSymB","CDO30_31145","NP_437632.1","LacI family transcriptional regulator","chloro, chloro.plast","DZA, A17","both_traits"
"pSymB","CDO30_31150","NP_437633.1","glycoside hydrolase family 37","chloro","DZA, A17","trait_only"
"pSymB","CDO30_31165","NP_437636.1","sugar ABC transporter substrate-binding protein","chloro","A17","trait_only"
"pSymB","CDO30_31170","NP_437637.1","ABC transporter ATP-binding protein","chloro, chloro.plast","A17, DZA","both_traits"
"pSymB","CDO30_31175","NP_437638.1","4-aminobutyrate aminotransferase","chloro","A17","trait_only"
"pSymB","CDO30_31190","NP_437641.1","basic amino acid ABC transporter substrate-binding protein","chloro","A17","trait_only"
"pSymB","CDO30_31195","NP_437642.1","LacI family transcriptional regulator","chloro","A17","trait_only"
"pSymB","CDO30_31250","NP_437651.1","nitrate reductase","chloro","A17","trait_only"
"pSymB","CDO30_31255","NP_437652.1","siroheme synthase","chloro","A17","trait_only"
"pSymB","CDO30_31285","NP_437656.1","hydroxyacylglutathione hydrolase","chloro","A17","trait_only"
"pSymB","CDO30_31290","NP_437657.1","hypothetical protein","chloro, chloro.plast","DZA, A17","both_traits"
"pSymB","CDO30_31315","NP_437662.1","hypothetical protein","chloro, chloro.plast","A17, DZA","both_traits"
"pSymB","CDO30_31380","NP_437675.1","glycerol kinase","chloro","A17","trait_only"
"pSymB","CDO30_31390","NP_437677.1","xanthine dehydrogenase small subunit","chloro","A17","trait_only"
"pSymB","CDO30_31395","WP_014527075.1","hypothetical protein","chloro, chloro.plast","DZA","both_traits"
"pSymB","CDO30_31400","NP_437678.1","xanthine dehydrogenase molybdopterin binding subunit","chloro.plast","DZA","plast_only"
"pSymB","CDO30_31425","NP_437683.1","alpha-hydroxy-acid oxidizing enzyme","chloro.plast","DZA","plast_only"
"pSymB","CDO30_31445","NP_437687.1","ABC transporter permease","chloro.plast","DZA","plast_only"
"pSymB","CDO30_31455","NP_437689.1","ABC transporter substrate-binding protein","chloro, chloro.plast","DZA","both_traits"
"pSymB","CDO30_31495","NP_437697.1","mechanosensitive ion channel family protein","chloro","DZA","trait_only"
"pSymB","CDO30_31535","NP_437704.1","LysR family transcriptional regulator","chloro","DZA","trait_only"
"pSymB","CDO30_31585","NP_437714.1","ATP-dependent helicase","chloro","DZA","trait_only"
"pSymB","CDO30_31685","NP_437734.1","inositol 2-dehydrogenase","chloro","A17","trait_only"
"pSymB","CDO30_31690","NP_437735.1","bifunctional diguanylate cyclase/phosphodiesterase","chloro, chloro.plast","DZA","both_traits"
"pSymB","CDO30_31725","NP_437741.1","integrase","chloro","DZA","trait_only"
"pSymB","CDO30_31845","NP_437765.1","hypothetical protein","chloro","DZA","trait_only"
"pSymB","CDO30_31905","NP_437774.1","Ku protein","chloro","DZA","trait_only"
"pSymB","CDO30_31920","NP_437777.1","class I SAM-dependent methyltransferase","chloro, chloro.plast","DZA","both_traits"
"pSymB","CDO30_31940","NP_437781.1","aspartate aminotransferase family protein","chloro","A17","trait_only"
"pSymB","CDO30_31995","NP_437792.1","esterase","chloro","DZA","trait_only"
"pSymB","CDO30_32045","NP_437803.1","LysR family transcriptional regulator","chloro","DZA","trait_only"
"pSymB","CDO30_32050","NP_437804.1","Zn-dependent hydrolase","chloro","A17","trait_only"
"pSymB","CDO30_32075","NP_437809.1","DUF4168 domain-containing protein","chloro","DZA","trait_only"
"pSymB","CDO30_32100","NP_437813.1","osmotic sensory protein","chloro.plast","DZA","plast_only"
"pSymB","CDO30_32160","NP_437823.1","hypothetical protein","chloro","DZA","trait_only"
"pSymB","CDO30_32170","NP_437825.1","sugar ABC transporter permease","chloro","DZA","trait_only"
"pSymB","CDO30_32175","NP_437826.1","ABC transporter ATP-binding protein","chloro","DZA","trait_only"
"pSymB","CDO30_32190","NP_437829.1","6-phospho-beta-glucosidase","chloro, chloro.plast","DZA, A17","both_traits"
"pSymB","CDO30_32215","NP_437834.1","hypothetical protein","chloro","DZA","trait_only"
"pSymB","CDO30_32220","NP_437835.1","DUF982 domain-containing protein","chloro","DZA","trait_only"
"pSymB","CDO30_32225","NP_437836.1","DUF982 domain-containing protein","chloro, chloro.plast","DZA, A17","both_traits"
"pSymB","CDO30_32245","NP_437840.1","NAD(P)-dependent oxidoreductase","chloro","DZA","trait_only"
"pSymB","CDO30_32265","NP_437843.1","group II intron reverse transcriptase/maturase","chloro, chloro.plast","A17","both_traits"
"pSymB","CDO30_32330","NP_437855.1","cytochrome ubiquinol oxidase subunit II","chloro, chloro.plast","DZA","both_traits"
"pSymB","CDO30_32335","NP_437856.1","cytochrome ubiquinol oxidase subunit I","chloro","DZA","trait_only"
"pSymB","CDO30_32345","YP_002122335.1","cytochrome o ubiquinol oxidase subunit IV","chloro, chloro.plast","DZA","both_traits"
"pSymB","CDO30_32365","NP_437862.1","Lrp/AsnC family transcriptional regulator","chloro, chloro.plast","DZA","both_traits"
"pSymB","CDO30_32370","NP_437863.1","ornithine cyclodeaminase","chloro","DZA","trait_only"
"pSymB","CDO30_32395","NP_437868.1","hydrophobe/amphiphile efflux-1 family RND transporter","chloro","DZA","trait_only"
"pSymB","CDO30_32400","NP_437869.1","glycoside hydrolase","chloro.plast","DZA","plast_only"
"pSymB","CDO30_32405","NP_437870.1","glycosyl transferase","chloro.plast","DZA","plast_only"
"pSymB","CDO30_32425","NP_437874.1","polysaccharide deacetylase","chloro","DZA","trait_only"
"pSymB","CDO30_32435","NP_437876.1","cell shape-determining protein","chloro","A17","trait_only"
"pSymB","CDO30_32460","NP_437882.1","GNAT family N-acetyltransferase","chloro","DZA","trait_only"
"pSymB","CDO30_32470","NP_437884.1","methyltransferase","chloro","DZA","trait_only"
"pSymB","CDO30_32475","NP_437885.1","hypothetical protein","chloro, chloro.plast","DZA, A17","both_traits"
"pSymB","CDO30_32545","NP_437898.1","AMP-dependent synthetase","chloro","DZA","trait_only"
"pSymB","CDO30_32555","NP_437900.1","asparagine synthetase B","chloro","DZA","trait_only"
"pSymB","CDO30_32595","NP_437906.1","sugar ABC transporter permease","chloro","A17","trait_only"
"pSymB","CDO30_32600","NP_437907.1","carbohydrate ABC transporter substrate-binding protein","chloro","A17","trait_only"
"pSymB","CDO30_32605","NP_437908.1","ABC transporter ATP-binding protein","chloro, chloro.plast","DZA","both_traits"
"pSymB","CDO30_32635","NP_437914.1","LacI family transcriptional regulator","chloro","DZA","trait_only"
"pSymB","CDO30_32725","NP_437932.1","DNA ligase D","chloro","DZA","trait_only"
"pSymB","CDO30_32730","NP_437933.1","Ku protein","chloro","DZA","trait_only"
"pSymB","CDO30_32735","NP_437934.1","O-linked GlcNAc transferase","chloro","DZA","trait_only"
"pSymB","CDO30_32885","NP_437964.1","LacI family transcriptional regulator","chloro","DZA","trait_only"
"pSymB","CDO30_32915","NP_437970.1","iron ABC transporter","chloro","A17","trait_only"
"pSymB","CDO30_32945","NP_437976.1","hypothetical protein","chloro, chloro.plast","DZA, A17","both_traits"
"pSymB","CDO30_32970","NP_437980.1","glycosyl transferase","chloro, chloro.plast","A17","both_traits"
"pSymB","CDO30_32975","NP_437981.1","mannitol dehydrogenase family protein","chloro, chloro.plast","A17","both_traits"
"pSymB","CDO30_33000","YP_001312978.1","XRE family transcriptional regulator","chloro.plast","A17","plast_only"
"pSymB","CDO30_33010","NP_437988.1","acetyl/propionyl-CoA carboxylase subunit alpha","chloro, chloro.plast","DZA, A17","both_traits"
"pSymB","CDO30_33015","NP_437989.1","methylmalonyl-CoA mutase","chloro, chloro.plast","DZA, A17","both_traits"
"pSymB","CDO30_33040","NP_437994.1","alpha-D-ribose 1-methylphosphonate 5-phosphate C-P-lyase","chloro.plast","A17","plast_only"
"pSymB","CDO30_33060","NP_437999.1","erythrulose kinase","chloro","DZA, A17","trait_only"
"pSymB","CDO30_33065","NP_438000.1","sugar phosphate isomerase/epimerase","chloro, chloro.plast","A17","both_traits"
"pSymB","CDO30_33070","NP_438001.1","tripartite tricarboxylate transporter permease","chloro, chloro.plast","A17","both_traits"
"pSymB","CDO30_33075","NP_438002.1","tripartite tricarboxylate transporter TctB family protein","chloro, chloro.plast","A17","both_traits"
"pSymB","CDO30_33080","NP_438003.1","tricarboxylate transporter","chloro, chloro.plast","A17","both_traits"
"pSymB","CDO30_33085","NP_438004.1","4-hydroxythreonine-4-phosphate dehydrogenase 3","chloro","A17","trait_only"
"pSymB","CDO30_33090","NP_438005.1","GntR family transcriptional regulator","chloro","A17","trait_only"
"pSymB","CDO30_33100","NP_438007.1","TonB-dependent receptor","chloro, chloro.plast","A17","both_traits"
"pSymB","CDO30_33135","NP_438016.1","ABC transporter ATP-binding protein","chloro","A17","trait_only"
"pSymB","CDO30_33140","NP_438017.1","ABC transporter ATP-binding protein","chloro","A17","trait_only"
"pSymB","CDO30_33145","NP_438018.1","branched-chain amino acid ABC transporter permease","chloro, chloro.plast","A17","both_traits"
"pSymB","CDO30_33155","YP_001312955.1","ABC transporter substrate-binding protein","chloro, chloro.plast","A17","both_traits"
"pSymB","CDO30_33190","NP_438027.1","3-carboxy-cis%2Ccis-muconate cycloisomerase","chloro","A17","trait_only"
"pSymB","CDO30_33200","NP_438029.1","protocatechuate 3%2C4-dioxygenase subunit beta","chloro","A17","trait_only"
"pSymB","CDO30_33210","NP_438031.1","3-oxoadipate enol-lactonase","chloro","A17","trait_only"
"pSymB","CDO30_33215","NP_438032.1","pca operon transcription factor PcaQ","chloro","A17","trait_only"
"pSymB","CDO30_33220","NP_438033.1","4-hydroxyphenylpyruvate dioxygenase","chloro","A17","trait_only"
"pSymB","CDO30_33235","NP_438036.2","sulfite oxidase-like oxidoreductase","chloro","A17","trait_only"
"pSymB","CDO30_33240","NP_438037.1","gamma-glutamyltransferase","chloro, chloro.plast","A17","both_traits"
"pSymB","CDO30_33250","NP_438039.1","3-oxoadipate--succinyl-CoA transferase subunit A","chloro.plast","DZA","plast_only"
"pSymB","CDO30_33255","NP_438040.1","3-oxoadipate--succinyl-CoA transferase subunit B","chloro","DZA","trait_only"
"pSymB","CDO30_33305","NP_438051.1","plasmid partitioning protein RepB","chloro","A17","trait_only"
"pSymB","CDO30_33315","WP_016555896.1","urea ABC transporter ATP-binding subunit UrtE","chloro","A17","trait_only"
