rack,pos,treat_type,plant_ID,strain_ID,plant_line,leaf1,height1,height1_adj,chloro1,pheno1_notes,leaf2,height2,height2_adj,chloro2,pheno2_notes,shoot,root,biomass_notes,nod_sampled,researcher,nod,tube_weight,total_weight,nod_weight,nod_notes,RNAexclude
D7,7,exp,3442,31,A17,0,NA,NA,NA,Dead,NA,NA,#VALUE!,NA,Dead,NA,NA,Shoot and root samples missing,NA,NA,NA,NA,NA,0,Nodule number and tube weight missing,exclude
E5,2,exp,3517,31,A17,0,NA,NA,NA,Dead,NA,NA,#VALUE!,NA,Dead,NA,NA,Shoot and root samples missing,NA,KDH,NA,NA,NA,0,No Root,exclude
C9,3,exp,3358,31,A17,3,1.1,2.1,33,NA,8,4.6,5.6,36.1,NA,0.068,0.03,NA,26,MM,26,2169.8,2209.2,39.4,NA,NA
D6,1,exp,3428,31,A17,5,3.2,4.2,44.7,NA,18,5.7,6.7,51,NA,0.3,0.14,NA,NA,SL,NA,2165.152,2224.4,59.248,No nodule number,????
B7,2,exp,3245,31,A17,5,3.7,4.7,41.9,NA,20,6.5,7.5,52.1,NA,0.3,0.14,NA,80,MH,80,2076.986,2140.6,63.614,NA,NA
D5,5,exp,3424,31,A17,5,3,4,40.3,NA,19,6,7,47.7,NA,0.28,0.19,NA,40,AMC,86,2160.134,2243.3,83.166,NA,NA
A6,4,exp,3143,31,A17,4,3.5,4.5,41.9,NA,17,6.1,7.1,47,NA,0.23,0.15,NA,49,KDH,59,2079.648,2166.4,86.752,NA,NA
D9,3,exp,3454,31,A17,5,3.6,4.6,51.1,NA,17,5.5,6.5,45.2,NA,0.39,0.17,NA,45,SL,70,2165.842,2258.5,92.658,NA,NA
C4,4,exp,3319,31,A17,5,5.1,6.1,21.4,NA,20,7,8,54.2,NA,0.37,0.25,NA,68,MH,74,2162.908,2259.7,96.792,NA,NA
B11,2,exp,3277,31,A17,5,4.8,5.8,41.2,NA,17,8.5,9.5,48.2,NA,0.33,0.18,NA,52,KDH,67,2164.426,2269.8,105.374,NA,NA
D2,1,exp,3396,89,A17,6,2.1,3.1,36.6,NA,22,7.5,8.5,51.3,NA,0.27,0.17,NA,30,NA,69,2162.434,2202.4,39.966,NA,NA
B8,3,exp,3254,89,A17,4,2.9,3.9,38.3,NA,13,5.7,6.7,49,NA,0.14,0.11,NA,53,HL,53,2160.496,2200.8,40.304,NA,NA
A4,6,exp,3129,89,A17,3,1.6,2.6,36.1,NA,10,5.5,6.5,33.8,NA,0.16,0.04,NA,37,SL,63,2165.96,2209.5,43.54,NA,NA
A2,7,exp,3114,89,A17,4,1.7,2.7,27.6,NA,15,6,7,41.1,NA,0.31,0.15,NA,30,KK,60,2159.92,2216.7,56.78,NA,NA
E4,7,exp,3514,89,A17,0,NA,NA,NA,Dead,NA,NA,#VALUE!,NA,Dead,NA,0.0033,Shoot sample missing,0,JP,0,2163.726,2223.3,59.574,NA,NA
D3,6,exp,3409,89,A17,5,3.5,4.5,42.6,NA,18,6.4,7.4,52.3,NA,0.31,0.18,NA,56,KDH,63,2168.23,2242.2,73.97,NA,NA
E3,3,exp,3502,89,A17,5,4.6,5.6,44.2,NA,18,6.3,7.3,41.3,NA,0.34,0.22,NA,36,SL,93,2160.816,2236.1,75.284,NA,NA
D3,8,exp,3411,89,A17,4,3.2,4.2,41.6,NA,18,5.9,6.9,45.9,NA,0.34,0.2,NA,60,SH,133,2157.374,2239.3,81.926,NA,NA
C11,3,exp,3374,89,A17,5,4,5,40,NA,19,6.7,7.7,47.5,NA,0.32,0.14,NA,75,AMC,93,2076.334,2188.4,112.066,NA,NA
B6,7,exp,3242,89,A17,3,2.1,3.1,42.7,NA,15,5.1,6.1,50.3,NA,0.13,NA,Root sample missing,NA,NA,NA,NA,NA,NA,Nodule number and tube weight missing,exclude
A7,5,exp,3152,121,A17,5,3.7,4.7,43.5,NA,18,6.1,7.1,51.6,NA,0.23,0.16,NA,30,KDH,73,2162.59,NA,NA,Check tube weight,reweigh
D10,8,exp,3467,121,A17,2,NA,NA,NA,Too small for chlorophyll and height,3,2.1,3.1,NA,Too Small,0.023,0.0143,NA,21,MM,27,2074.486,2096,21.514,NA,NA
A5,8,exp,3139,121,A17,4,2.2,3.2,40.4,NA,13,5.5,6.5,43.4,NA,0.13,0.11,NA,30,LG,67,2159.688,2202,42.312,NA,NA
B2,1,exp,3204,121,A17,3,2.4,3.4,42,NA,11,6.4,7.4,49.9,NA,0.22,0.1,NA,44,SL,64,2077.7,2124.2,46.5,NA,NA
E4,4,exp,3511,121,A17,3,2.7,3.7,NA,Too small for chlorophyll,6,5.8,6.8,41.6,NA,0.09,0.048,NA,29,MM,35,2159.502,2207.5,47.998,NA,NA
D11,5,exp,3472,121,A17,6,4.6,5.6,42.1,NA,20,6.9,7.9,43.8,NA,0.4,0.2,NA,30,LG,78,2158.108,2218.3,60.192,NA,NA
C11,2,exp,3373,121,A17,4,3.4,4.4,44.1,NA,16,7.3,8.3,52.3,NA,0.24,0.18,NA,47,HL,47,2070.668,2136.3,65.632,NA,NA
D5,7,exp,3426,121,A17,6,3.6,4.6,46.5,NA,19,6.1,7.1,51.9,NA,0.32,0.18,NA,51,SH,51,2159.236,2225.5,66.264,NA,NA
D1,6,exp,3393,121,A17,5,3.5,4.5,21.4,NA,19,5.8,6.8,50.9,NA,0.41,0.19,NA,50,BB,95,2164.532,2231.3,66.768,NA,NA
C1,6,exp,3297,121,A17,4,4.7,5.7,NA,Too small for chlorophyll,19,7.3,8.3,49.4,NA,0.32,0.18,NA,54,KDH,54,2155.406,2239.2,83.794,NA,NA
A9,6,exp,3169,141,A17,5,3,4,45,NA,16,6,7,44.6,NA,0.2,0.109,NA,53,MH,53,2164.36,NA,NA,NA,reweigh
E2,8,exp,3499,141,A17,5,4.5,5.5,40,NA,17,6.5,7.5,49.6,NA,0.26,0.13,NA,30,AR,59,2172.322,2123.4,NA,Negative Difference,reweigh
B8,1,exp,3252,141,A17,1,0.1,1.1,NA,Too Small or Dying,4,2.1,3.1,NA,Too Small,0.3,0.006,2 shoot samples for 3252,7,KDH,7,2075.274,2090,14.726,NA,NA
B2,4,exp,3207,141,A17,1,2,3,NA,Too small for chlorophyll,6,5.5,6.5,40.1,NA,0.06,0.03,NA,30,LG,48,2079.75,2132.8,53.05,NA,NA
A9,3,exp,3166,141,A17,4,2.7,3.7,43.4,NA,12,5.8,6.8,47.6,NA,0.09,0.08,NA,30,SL,52,2162.372,2220.1,57.728,Root Tube 1298,????
A12,7,exp,3194,141,A17,4,3,4,38.9,NA,13,6.5,7.5,41.6,NA,0.15,0.07,NA,54,SH,54,2158.106,2215.9,57.794,NA,NA
A1,1,exp,3100,141,A17,3,1.3,2.3,NA,Too small for chlorophyll,14,6.4,7.4,46.2,NA,0.19,0.12,NA,52,MH,58,2158,2229,71,NA,NA
D4,7,exp,3418,141,A17,4,3.1,4.1,43,NA,18,5.7,6.7,38.2,NA,0.23,0.15,NA,33,SL,63,2078.69,2151.7,73.01,NA,NA
C12,7,exp,3386,141,A17,4,3.7,4.7,45.2,NA,19,6.9,7.9,44.9,NA,0.32,0.15,NA,50,SH,89,2075.724,2150.9,75.176,NA,NA
C12,3,exp,3382,141,A17,5,4.1,5.1,40.7,NA,18,8,9,52.4,NA,0.28,0.17,NA,40,KDH,44,2157.536,2257.4,99.864,NA,NA
A3,2,exp,3117,182,A17,NA,NA,NA,NA,Dead,1,0.8,1.8,NA,Too Small,0.0089,0.00257,NA,4,VB,4,2168.3,2180.7,12.4,NA,NA
A12,3,exp,3190,182,A17,3,1.4,2.4,24.2,NA,6,5.8,6.8,40.1,NA,0.11,0.05,NA,36,MH,36,2162.3,2205.4,43.1,NA,NA
A10,5,exp,3176,182,A17,5,3.7,4.7,42,NA,18,6.4,7.4,48.4,NA,0.21,0.13,NA,60,HL,60,2156.744,2212.5,55.756,NA,NA
E5,4,exp,3519,182,A17,5,4.5,5.5,43.6,NA,19,6.7,7.7,49.9,NA,0.31,0.17,NA,62,HL,62,2162.682,2219.8,57.118,NA,NA
C6,3,exp,3334,182,A17,3,2.5,3.5,42.2,NA,12,5.2,6.2,44.7,NA,0.13,0.08,NA,38,KDH,46,2071.98,2130.6,58.62,NA,NA
C2,5,exp,3304,182,A17,4,3.9,4.9,42.9,NA,18,6.6,7.6,49.6,NA,0.22,0.16,NA,60,MH,60,2076,2136.3,60.3,NA,NA
C11,7,exp,3378,182,A17,4,3.5,4.5,37.5,NA,17,6.8,7.8,50.1,NA,0.22,0.17,NA,30,LG,78,2160.5,2224.5,64,NA,NA
B1,1,exp,3196,182,A17,6,3.4,4.4,48.8,NA,20,6.9,7.9,48.2,NA,0.4,0.23,NA,44,SS,171,2160.486,2227.9,67.414,NA,NA
C1,7,exp,3298,182,A17,4,3.1,4.1,40.8,NA,18,6.3,7.3,45.8,NA,0.32,0.14,NA,62,AMC,69,2072.958,2147.5,74.542,NA,NA
C9,6,exp,3361,182,A17,4,3.8,4.8,47,NA,17,6.8,7.8,51.5,NA,0.36,0.14,NA,65,KK,90,2079.772,2163.4,83.628,NA,NA
B6,2,exp,3237,199,A17,5,4.4,5.4,44.8,NA,20,7.5,8.5,50.1,NA,0.33,0.17,NA,30,AR,38,2158.662,2194.3,35.638,NA,NA
A11,6,exp,3185,199,A17,3,2.8,3.8,38.5,NA,13,5.9,6.9,44.6,NA,0.19,0.06,NA,33,SL,71,2163.738,2206,42.262,NA,NA
A6,7,exp,3146,199,A17,3,2.8,3.8,36.8,NA,11,6,7,46.3,NA,0.11,0.1,NA,30,LG,64,2159.874,2202.6,42.726,NA,NA
D1,1,exp,3388,199,A17,3,2.7,3.7,30.9,NA,15,5.9,6.9,43,NA,0.2,0.08,NA,49,SH,79,2158.582,2217.2,58.618,NA,NA
A9,4,exp,3167,199,A17,4,3.3,4.3,39.7,NA,16,6.1,7.1,49.6,NA,0.19,0.092,NA,47,HL,47,2075.826,2139.7,63.874,NA,NA
C7,2,exp,3341,199,A17,5,3.5,4.5,40.4,NA,18,6.1,7.1,57.2,NA,0.29,0.13,NA,48,KDH,56,2164.886,2229.7,64.814,NA,NA
B6,6,exp,3241,199,A17,4,3.1,4.1,40.6,NA,17,5.5,6.5,51.3,NA,0.23,0.13,NA,NA,NA,NA,2159.432,2225.3,65.868,duplicate,exclude
A7,1,exp,3148,199,A17,3,2.6,3.6,36.9,NA,11,5.8,6.8,38.6,NA,0.18,0.08,NA,53,VB,87,2073.622,2142.2,68.578,NA,NA
C3,6,exp,3313,199,A17,3,2.4,3.4,26.9,NA,14,5.4,6.4,55.4,NA,0.24,0.1,NA,36,MH,61,2162.604,2235.9,73.296,NA,NA
A3,1,exp,3116,199,A17,5,4,5,42.5,NA,20,8.3,9.3,41.5,NA,0.44,0.29,NA,67,SH,123,2076.382,2150.4,74.018,NA,NA
A4,8,exp,3131,204,A17,3,2.5,3.5,39.3,NA,13,6.6,7.6,51.3,NA,0.16,0.1,NA,20,KDH,20,2162.714,2194.7,31.986,NA,NA
A3,5,exp,3120,204,A17,5,3.7,4.7,44.4,NA,18,6.4,7.4,50.8,NA,0.36,0.18,NA,32,VB,42,2165.292,2208.7,43.408,NA,NA
D9,5,exp,3456,204,A17,3,2.2,3.2,40.7,NA,9,9.2,10.2,50.5,NA,0.17,0.09,NA,31,BB,62,2158.522,2219,60.478,NA,NA
A9,5,exp,3168,204,A17,4,3.6,4.6,39.7,NA,13,9,10,51.2,NA,0.27,0.15,NA,40,LG,48,2159.36,2222.9,63.54,NA,NA
A7,4,exp,3151,204,A17,4,2.6,3.6,42.7,NA,18,6.2,7.2,42.8,NA,0.21,0.15,NA,30,KDH,48,2161.536,2226.4,64.864,NA,NA
B7,1,exp,3244,204,A17,4,2.2,3.2,41.5,NA,17,5.5,6.5,51.1,NA,0.16,0.1,NA,31,AR,41,2163.168,2230.8,67.632,NA,NA
D5,2,exp,3421,204,A17,7,4.6,5.6,48.1,NA,27,7.5,8.5,43.2,NA,0.51,0.32,NA,32,SL,83,2161.496,2235.4,73.904,NA,NA
C2,3,exp,3302,204,A17,5,4,5,45.7,NA,22,6.6,7.6,40.3,NA,0.39,0.22,NA,NA,SL,NA,2162.846,2240.7,77.854,Nodule number missing,exclude
C3,1,exp,3308,204,A17,5,4.2,5.2,44.4,NA,25,8.3,9.3,53.7,NA,0.45,0.25,NA,30,SL,70,2164.566,2243.8,79.234,NA,NA
B7,4,exp,3247,204,A17,4,3,4,48.9,NA,18,6.3,7.3,52.8,NA,0.32,0.18,NA,31,SL,43,NA,NA,NA,Tube weight missing,exclude
A2,5,exp,3112,206,A17,2,0.5,1.5,NA,Too small for chlorophyll,8,4.5,5.5,48.5,NA,0.086,0.04,NA,59,SH,59,2079.298,2110.8,31.502,NA,NA
D1,5,exp,3392,206,A17,3,2.6,3.6,31.3,NA,13,5.4,6.4,44.2,NA,0.19,0.09,NA,20,MM,30,2071.268,2114,42.732,NA,NA
A8,1,exp,3156,206,A17,4,2.4,3.4,38.1,NA,13,5.5,6.5,43.2,NA,0.12,0.09,NA,30,LG,64,2162.756,2215.3,52.544,NA,NA
A1,8,exp,3107,206,A17,3,2.8,3.8,33,NA,12,5.8,6.8,45.3,NA,0.26,0.11,NA,50,JP,73,2160.856,2215.2,54.344,NA,NA
E2,6,exp,3497,206,A17,5,3.7,4.7,37.4,NA,17,8.3,9.3,39.3,NA,0.2,0.1,NA,39,VB,53,2158.42,2219,60.58,NA,NA
D4,1,exp,3412,206,A17,4,1,2,43.5,NA,14,6.5,7.5,49.6,NA,0.2,0.12,NA,30,LG,43,2158.36,2222.9,64.54,NA,NA
D2,6,exp,3401,206,A17,4,3.4,4.4,36.8,NA,18,5.6,6.6,48.2,NA,0.39,0.16,NA,52,GC,68,2157.4,2226.5,69.1,NA,NA
A2,1,exp,3108,206,A17,3,1.5,2.5,37.4,NA,13,6.5,7.5,40.4,NA,0.22,0.1,NA,60,VB,72,2160.424,2231.5,71.076,NA,NA
C9,2,exp,3357,206,A17,4,2.9,3.9,44.4,NA,17,6.1,7.1,49.3,NA,0.2,0.11,NA,49,KDH,66,2167.882,2248.4,80.518,NA,NA
A10,3,exp,3174,206,A17,6,3.2,4.2,43.5,NA,13,6.9,7.9,47.5,NA,0.21,0.15,NA,30,LG,77,NA,2221.7,NA,Tube weight missing,NA
C4,6,exp,3321,216,A17,5,4,5,44.1,NA,22,7.5,8.5,34.8,NA,0.3,0.19,NA,26,VB,42,2160.504,NA,NA,NA,NA
D7,4,exp,3439,216,A17,2,1.8,2.8,24.7,NA,5,5.3,6.3,48,NA,0.096,0.02,NA,47,JP,47,2156.604,2194.4,37.796,NA,NA
A5,1,exp,3132,216,A17,5,3.9,4.9,42.2,NA,17,6.4,7.4,43.3,NA,0.25,0.14,NA,34,SL,81,2165.26,2220.8,55.54,NA,NA
B3,1,exp,3212,216,A17,5,4,5,46.1,NA,19,7,8,48.1,NA,0.3,0.22,NA,30,KDH,70,2162.234,2223.4,61.166,NA,NA
B3,3,exp,3214,216,A17,4,3.8,4.8,42.5,NA,17,6.5,7.5,48.4,NA,0.3,0.16,NA,52,HL,52,2157.752,2220.7,62.948,NA,NA
A2,3,exp,3110,216,A17,3,2.9,3.9,30.7,NA,13,6.5,7.5,46.1,NA,0.25,0.14,NA,50,AMC,72,2163.58,2235.1,71.52,NA,NA
D1,7,exp,3394,216,A17,4,2.5,3.5,26,NA,14,5.5,6.5,45.2,NA,0.21,0.09,NA,56,MH,56,2157.802,2231,73.198,NA,NA
B2,6,exp,3209,216,A17,4,2.9,3.9,36.6,NA,18,5.4,6.4,48,NA,0.26,0.13,NA,73,MH,86,2159.362,2236.7,77.338,NA,NA
A3,3,exp,3118,216,A17,3,2.1,3.1,37.4,NA,14,5.6,6.6,43.7,NA,0.26,0.16,NA,62,GC,96,2156.44,2237.3,80.86,NA,NA
C7,4,exp,3343,216,A17,4,3.4,4.4,38.7,NA,18,6.5,7.5,22.6,NA,0.28,0.16,NA,56,SH,101,2159.474,2241,81.526,NA,NA
C1,8,exp,3299,230,A17,NA,NA,NA,NA,Dead,0,NA,#VALUE!,NA,Dead,NA,0.0043,Shoot sample missing,0,MM,0,NA,NA,0,NA,exclude
B1,6,exp,3201,230,A17,NA,NA,NA,NA,Dead,1,0.3,1.3,NA,Dead,0.0061,NA,Root sample missing,0,KDH,1,NA,NA,0,NA,exclude
C11,5,exp,3376,230,A17,2,NA,NA,NA,Too small for chlorophyll and height,3,3.1,4.1,23.7,NA,0.016,0.0054,NA,15,MH,15,2162.638,2184,21.362,NA,NA
B2,3,exp,3206,230,A17,2,1.3,2.3,31.1,NA,9,5.7,6.7,43.7,NA,0.13,0.04,NA,31,SL,60,2154.8,2195.1,40.3,NA,NA
D5,3,exp,3422,230,A17,5,3.1,4.1,38.6,NA,24,6.7,7.7,43.1,NA,0.34,0.23,NA,30,BB,81,2078.904,2121.6,42.696,NA,NA
D5,8,exp,3427,230,A17,4,2.6,3.6,38.8,NA,16,6.4,7.4,46.9,NA,0.2,0.09,NA,30,BB,88,2164.004,2210.4,46.396,NA,NA
E3,7,exp,3506,230,A17,4,3.1,4.1,NA,Too small for chlorophyll,10,5.9,6.9,42.2,NA,0.17,0.07,NA,31,SL,40,2158.344,2208.3,49.956,NA,NA
B5,6,exp,3233,230,A17,5,3.7,4.7,37,NA,20,7.2,8.2,39.8,NA,0.24,0.18,NA,30,KDH,63,2162.878,2224.6,61.722,NA,NA
B11,4,exp,3279,230,A17,4,3.7,4.7,36.5,NA,16,6.7,7.7,49.6,NA,0.26,0.12,NA,86,GC,86,2157.64,2222.9,65.26,NA,NA
D7,5,exp,3440,230,A17,3,3.7,4.7,43,NA,18,6.1,7.1,50.2,NA,0.26,0.16,NA,41,SS,91,2080.366,2160,79.634,NA,NA
B3,6,exp,3217,278,A17,3,2.6,3.6,41.5,NA,12,5.7,6.7,48.2,NA,0.14,0.1,NA,47,MH,47,2072.144,2114.4,42.256,NA,NA
B9,4,exp,3263,278,A17,3,3.1,4.1,35.9,NA,14,6.4,7.4,48,NA,0.23,0.18,NA,30,LG,59,2153.698,2196.8,43.102,NA,NA
B1,5,exp,3200,278,A17,4,3,4,42.6,NA,16,5.9,6.9,47.9,NA,0.22,0.13,NA,30,BB,69,2160.574,2205.8,45.226,NA,NA
C9,7,exp,3362,278,A17,3,2.7,3.7,21.6,NA,13,5.3,6.3,47.7,NA,0.21,0.1,NA,NA,NA,NA,2162.426,2209.5,47.074,Nodule number missing,??
B10,6,exp,3273,278,A17,4,3,4,36.5,NA,13,5.7,6.7,48.9,NA,0.18,0.08,NA,45,VB,54,2162.456,2211.4,48.944,NA,NA
B5,5,exp,3232,278,A17,3,2.6,3.6,37.8,NA,14,6,7,48.9,NA,0.25,0.11,NA,31,SL,58,2158.2,2209.4,51.2,NA,NA
D2,2,exp,3397,278,A17,4,3.3,4.3,40.6,NA,18,5.8,6.8,43.9,NA,0.31,0.13,NA,40,BB,69,2159.778,2213,53.222,NA,NA
A2,4,exp,3111,278,A17,5,3.9,4.9,38.1,NA,17,7,8,48,NA,0.37,0.18,NA,50,KDH,62,2161.294,2219.3,58.006,NA,NA
B8,6,exp,3257,278,A17,3,2.9,3.9,41.2,NA,13,5.5,6.5,46.7,NA,0.16,0.11,NA,35,KDH,35,2163.942,2223.3,59.358,NA,NA
D4,5,exp,3416,278,A17,4,2.2,3.2,41.8,NA,18,5,6,41.6,NA,0.2,0.09,NA,50,SH,68,2079.306,2151.3,71.994,NA,NA
D12,2,exp,3477,282,A17,3,1.4,2.4,NA,Too small for chlorophyll,5,4.8,5.8,34.9,NA,0.031,0.022,NA,26,AMC,26,2078.1,2111.3,33.2,NA,NA
B4,1,exp,3220,282,A17,3,2.1,3.1,34.7,NA,12,5.3,6.3,41,NA,0.14,0.06,NA,24,KDH,24,2165,2201.2,36.2,NA,NA
E3,8,exp,3507,282,A17,4,3.7,4.7,42.6,NA,13,5.8,6.8,48.5,NA,0.18,0.11,NA,47,HL,47,2167.052,2212.6,45.548,NA,NA
A3,8,exp,3123,282,A17,5,3.9,4.9,42.4,NA,19,6.9,7.9,40.6,NA,0.27,0.19,NA,30,NA,39,2161.72,2213.1,51.38,NA,NA
B1,7,exp,3202,282,A17,4,3.4,4.4,36,NA,17,6.2,7.2,42.5,NA,0.28,0.15,NA,21,KDH,21,2070.71,2126.7,55.99,NA,NA
D1,4,exp,3391,282,A17,4,2.9,3.9,40.9,NA,17,6,7,46.2,NA,0.23,0.12,NA,30,BB,32,2161.266,2223.1,61.834,NA,NA
B7,5,exp,3248,282,A17,4,3.1,4.1,46.8,NA,19,5.4,6.4,52.3,NA,0.26,0.14,2 shoot samples for 3248,33,SL,61,2157.122,2221.5,64.378,NA,NA
A5,4,exp,3135,282,A17,3,2.7,3.7,37.9,NA,16,6.2,7.2,47.7,NA,0.27,0.1,NA,46,KDH,46,2078.544,2152.5,73.956,NA,NA
D7,3,exp,3438,282,A17,4,3.4,4.4,44.9,NA,12,6,7,47.5,NA,0.14,0.05,NA,40,VB,54,2165.264,2242.4,77.136,NA,NA
C3,5,exp,3312,282,A17,3,2.9,3.9,36.3,NA,15,6.4,7.4,49,NA,0.2,0.12,NA,50,KDH,54,NA,2228.6,NA,Tube weight missing,NA
D9,2,exp,3453,283,A17,6,4.5,5.5,43.1,NA,20,7.2,8.2,51,NA,0.37,0.25,NA,57,KDH,57,2164.598,NA,NA,NA,reweigh
B3,7,exp,3218,283,A17,5,3.8,4.8,43.1,NA,23,7.6,8.6,53.7,NA,0.37,0.27,NA,85,GC,85,2158.522,NA,NA,NA,reweigh
B10,7,exp,3274,283,A17,1,0,1,NA,Too small for chlorophyll,5,3.8,4.8,36.4,NA,0.033,0.014,NA,32,KDH,32,2074.5,2098.1,23.6,NA,NA
C6,4,exp,3335,283,A17,2,0.6,1.6,NA,Too small for chlorophyll,8,4.9,5.9,41.2,NA,NA,0.04,Shoot sample missing,49,MH,49,2079.856,2120.3,40.444,NA,NA
B12,7,exp,3290,283,A17,5,4.7,5.7,48.9,NA,18,7.2,8.2,41.5,NA,0.41,0.19,NA,35,SL,105,2077.228,2129.7,52.472,NA,NA
B11,1,exp,3276,283,A17,4,2.6,3.6,41.1,NA,16,6.5,7.5,48.3,NA,0.18,0.1,NA,88,GC,88,2165.836,2223.2,57.364,NA,NA
A1,2,exp,3101,283,A17,4,2.7,3.7,31.2,NA,16,6.1,7.1,45,NA,0.27,0.19,NA,43,SS,131,2074.92,2136.5,61.58,NA,NA
C4,5,exp,3320,283,A17,4,3.1,4.1,40.1,NA,20,5.8,6.8,50.5,NA,0.24,0.15,NA,55,MH,55,2163.068,2228.3,65.232,NA,NA
A7,3,exp,3150,283,A17,5,3.9,4.9,39.4,NA,18,6.7,7.7,49.8,NA,0.4,0.21,NA,32,SL,96,2164.346,2234.5,70.154,NA,NA
D2,3,exp,3398,283,A17,4,3,4,38.7,NA,18,5.3,6.3,49.5,NA,0.25,0.11,NA,70,KDH,77,2076.854,2164.4,87.546,NA,NA
C5,8,exp,3331,335,A17,4,2.9,3.9,39.2,NA,16,5.5,6.5,46.8,NA,0.2,0.11,NA,62,MH,120,2661.684,2228.8,NA,negative difference,reweigh
A4,5,exp,3128,335,A17,1,NA,NA,NA,Too small for chlorophyll and height,1,0.5,1.5,NA,Dead,0.0027,0.00885,NA,6,VB,10,2159,2166.2,7.2,NA,NA
C1,4,exp,3295,335,A17,4,3,4,38.7,NA,14,5.2,6.2,43.6,NA,0.12,0.11,NA,40,KDH,120,2167.736,2202.6,34.864,NA,NA
C11,6,exp,3377,335,A17,4,2,3,36.4,NA,9,4.6,5.6,42.4,NA,0.081,0.04,NA,43,VB,96,2163.548,2199.2,35.652,NA,NA
B10,1,exp,3268,335,A17,3,2.9,3.9,34.9,NA,14,5.4,6.4,40,NA,0.18,0.14,NA,55,SH,201,2160.072,2199.9,39.828,NA,NA
B11,7,exp,3282,335,A17,5,3.8,4.8,41.3,NA,17,5.8,6.8,39.5,NA,0.22,0.13,NA,30,KDH,106,2072.564,2115.2,42.636,NA,NA
E4,8,exp,3515,335,A17,4,3.2,4.2,36.5,NA,13,4.8,5.8,45.1,NA,0.14,0.07,NA,49,VB,108,2159.752,2208,48.248,NA,NA
C4,7,exp,3322,335,A17,4,3.1,4.1,40.3,NA,16,5.3,6.3,44.6,NA,0.22,0.12,NA,112,MH,116,2156.888,2227.6,70.712,NA,NA
B4,6,exp,3225,335,A17,5,2.2,3.2,40.5,NA,14,4.6,5.6,46,NA,0.13,0.07,NA,NA,NA,NA,NA,NA,NA,Nodule number and tube weight missing,exclude
A8,8,exp,3163,335,A17,NA,NA,NA,NA,"Dead, too small",NA,NA,NA,NA,Dead,NA,NA,Shoot and root samples missing,NA,KDH,NA,NA,NA,NA,No root,exclude
C3,8,exp,3315,144B,A17,NA,NA,NA,NA,Dead,0,NA,NA,NA,Dead,NA,NA,Shoot and root samples missing,NA,KDH,NA,NA,NA,0,No Root,exclude
A12,2,exp,3189,144B,A17,3,1.5,2.5,35.7,NA,10,6.6,7.6,48,NA,0.17,0.07,NA,38,MH,38,2160.6,2203.1,42.5,NA,NA
A3,6,exp,3121,144B,A17,4,2.6,3.6,38.8,NA,16,5.6,6.6,47.1,NA,0.19,0.11,NA,30,AR,76,2158.544,2202.5,43.956,NA,NA
E2,7,exp,3498,144B,A17,5,4.1,5.1,44.2,NA,17,6,7,46.1,NA,0.3,0.14,NA,30,BB,57,2165.354,2213.8,48.446,NA,NA
C3,2,exp,3309,144B,A17,4,2.8,3.8,42,NA,17,5.3,6.3,51.3,NA,0.2,0.12,NA,38,BB,58,2154.992,2206.6,51.608,NA,NA
C5,2,exp,3325,144B,A17,5,3.4,4.4,45.5,NA,21,6.3,7.3,36.8,NA,0.43,0.14,NA,37,KK,46,2074.508,2134.6,60.092,NA,NA
C10,8,exp,3371,144B,A17,4,2.5,3.5,42.4,NA,18,5.4,6.4,53,NA,0.19,0.13,NA,38,KDH,47,2074.69,2136.7,62.01,NA,NA
D7,2,exp,3437,144B,A17,5,3.7,4.7,46.7,NA,17,5.9,6.9,52.5,NA,0.36,0.19,NA,43,KDH,43,2074.948,2140.6,65.652,NA,NA
A4,4,exp,3127,144B,A17,5,3.5,4.5,37.7,NA,18,6.3,7.3,52.2,NA,0.36,0.2,NA,NA,SL,NA,2074.034,2143.4,69.366,Nodule number missing,????
E2,2,exp,3493,144B,A17,6,4.2,5.2,46.3,NA,21,6.3,7.3,42.9,NA,0.37,0.2,NA,30,LG,70,2159.732,2232.5,72.768,NA,NA
C2,7,exp,3306,176A,A17,3,2.6,3.6,39,NA,17,5.8,6.8,34.6,NA,0.24,0.12,NA,43,GC,81,2162.592,NA,NA,NA,NA
B12,8,exp,3291,176A,A17,4,3.2,4.2,40.7,NA,12,6.5,7.5,43.8,NA,0.17,0.12,NA,NA,NA,NA,NA,NA,0,Nodule number and tube weight missing,exclude
C8,1,exp,3348,176A,A17,NA,NA,NA,NA,Dead,4,1.6,2.6,NA,Too Small,0.0092,0.0049,NA,15,KDH,15,2075.998,2094.5,18.502,NA,NA
E1,4,exp,3487,176A,A17,4,4.7,5.7,44.8,NA,18,7.2,8.2,47,NA,0.32,0.14,NA,40,LG,57,2160.756,2206.3,45.544,NA,NA
C8,8,exp,3355,176A,A17,4,3.4,4.4,39.1,NA,17,6.5,7.5,46.7,NA,0.31,0.2,2 shoot samples for 3355,38,SS,73,2076.908,2138,61.092,NA,NA
C7,6,exp,3345,176A,A17,4,2,3,32.1,NA,14,5,6,44.9,NA,0.18,0.06,NA,35,MH,39,2163.61,2228.4,64.79,NA,NA
A12,6,exp,3193,176A,A17,5,4.1,5.1,41.4,NA,17,6.7,7.7,43.2,NA,0.2,0.14,NA,30,LG,84,2076.524,2144.8,68.276,NA,NA
C6,1,exp,3332,176A,A17,5,4.1,5.1,46.8,NA,26,6.8,7.8,49,NA,0.48,0.28,NA,NA,NA,NA,2075.536,2156.7,81.164,Nodule number missing,??
A8,6,exp,3161,176A,A17,4,3.1,4.1,40.6,NA,14,5.5,6.5,47.4,NA,0.25,0.1,NA,60,SH,79,2168.13,2251.8,83.67,NA,NA
C1,3,exp,3294,176A,A17,4,2.1,3.1,40.1,NA,15,5.6,6.6,46.7,NA,0.17,0.11,NA,54,KDH,70,2156.808,2248.4,91.592,NA,NA
A10,4,exp,3175,25B,A17,2,NA,NA,NA,Too small for chlorophyll and height,4,3.6,4.6,12.6,NA,0.048,0.01,NA,40,JP,54,2069.1,2101.8,32.7,NA,NA
A10,2,exp,3173,25B,A17,3,2,3,34.2,NA,10,5.8,6.8,44.4,NA,0.16,0.049,NA,40,MM,46,2158.8,2201.7,42.9,NA,NA
D4,6,exp,3417,25B,A17,5,3.6,4.6,40.5,NA,18,5.6,6.6,44.7,NA,0.19,0.16,NA,32,SH,77,2079.838,2127.3,47.462,NA,NA
A9,2,exp,3165,25B,A17,4,3.8,4.8,44.9,NA,16,6.1,7.1,51.6,NA,0.19,0.09,NA,30,BB,65,2159.828,2207.3,47.472,NA,NA
D5,4,exp,3423,25B,A17,3,1.5,2.5,33.1,NA,11,4.2,5.2,50.9,NA,0.08,0.05,NA,48,BB,48,2164.576,2212.5,47.924,NA,NA
D6,8,exp,3435,25B,A17,5,3.9,4.9,34.7,NA,18,6.3,7.3,50.6,NA,0.31,0.16,NA,30,BB,105,2078.672,2137.1,58.428,NA,NA
B5,7,exp,3234,25B,A17,5,3.5,4.5,44.3,NA,17,6.1,7.1,49.6,NA,0.26,0.16,NA,89,GC,89,2074.72,2134.5,59.78,NA,NA
C5,6,exp,3329,25B,A17,5,4,5,38.3,NA,24,6.6,7.6,52.3,NA,0.41,0.21,NA,67,KDH,72,2165.194,2230.4,65.206,NA,NA
A5,6,exp,3137,25B,A17,4,3,4,47,NA,15,5.5,6.5,44.3,NA,0.28,0.15,NA,78,KDH,82,2166.842,2262.7,95.858,NA,NA
C2,1,exp,3300,25B,A17,5,4.6,5.6,36.5,NA,25,8.2,9.2,44.1,NA,0.45,0.27,NA,55,SH,96,2070.774,2167.9,97.126,NA,NA
A7,7,exp,3154,724B,A17,4,3,4,48.4,NA,19,5.9,6.9,55,NA,0.31,0.08,NA,42,KK,65,2163.726,NA,NA,NA,NA
D11,7,exp,3474,724B,A17,4,4.5,5.5,39.6,NA,14,5.4,6.4,51.7,NA,0.21,0.13,NA,30,LG,109,2161.682,2213.1,51.418,NA,NA
C10,6,exp,3369,724B,A17,5,2.9,3.9,45.2,NA,18,5.5,6.5,41.7,NA,0.22,0.15,NA,55,KDH,59,2158.626,2217.3,58.674,NA,NA
B7,3,exp,3246,724B,A17,5,3.6,4.6,38.8,NA,19,7,8,50.7,NA,0.29,0.2,NA,30,LG,77,2076.858,2135.6,58.742,NA,NA
C8,2,exp,3349,724B,A17,5,3.3,4.3,41.2,NA,19,5.9,6.9,53.4,NA,0.25,0.15,NA,32,SL,66,2157.21,2219.1,61.89,NA,NA
C8,5,exp,3352,724B,A17,3,2.6,3.6,34.1,NA,12,5.5,6.5,45.5,NA,0.18,0.06,NA,38,KDH,38,2080.674,2151.1,70.426,NA,NA
D7,6,exp,3441,724B,A17,4,2.8,3.8,30.7,NA,12,6.5,7.5,51.7,NA,0.2,0.1,NA,87,AMC,87,2167.1,2247.1,80,NA,NA
E5,3,exp,3518,724B,A17,5,4.5,5.5,43.7,NA,18,5.9,6.9,48.8,NA,0.28,0.16,NA,76,KDH,90,2080.234,2176.9,96.666,NA,NA
A8,2,exp,3157,724B,A17,4,2.3,3.3,44.9,NA,15,6,7,52.7,NA,0.16,0.11,NA,30,LG,76,NA,2124.8,NA,Tube weight missing,NA
A6,6,exp,3145,724B,A17,NA,NA,NA,NA,"Dead, too small",2,0.3,1.3,NA,Dead,NA,NA,Shoot and root samples missing,NA,KDH,NA,NA,NA,NA,No root,exclude
B7,6,exp,3249,746B,A17,4,1.9,2.9,31.1,NA,14,5,6,51.3,NA,0.13,0.07,NA,30,LG,73,2075.604,2118.6,42.996,NA,NA
A5,7,exp,3138,746B,A17,5,3.1,4.1,44.1,NA,18,6.1,7.1,48,NA,0.23,0.08,NA,30,NA,72,2165.194,2217.9,52.706,NA,NA
C2,4,exp,3303,746B,A17,4,3.6,4.6,41.4,NA,20,6.3,7.3,47.6,NA,0.3,0.16,NA,30,LG,94,2173.4,2232.2,58.8,NA,NA
A5,5,exp,3136,746B,A17,5,3.2,4.2,46.6,NA,18,5.6,6.6,45.2,NA,0.36,0.15,NA,31,SL,31,2073.358,2135.9,62.542,NA,NA
B6,3,exp,3238,746B,A17,4,2.7,3.7,41.8,NA,16,5.1,6.1,43,NA,0.17,0.11,NA,30,AR,54,2160.326,2224.1,63.774,NA,NA
E3,6,exp,3505,746B,A17,4,2.9,3.9,26.9,NA,16,5,6,47.2,NA,0.23,0.09,NA,33,SL,57,2073.274,2144.1,70.826,NA,NA
B4,2,exp,3221,746B,A17,5,2.7,3.7,46.8,NA,18,6.4,7.4,51.4,NA,0.35,0.15,NA,65,MH,80,2069.506,2153.9,84.394,NA,NA
B11,6,exp,3281,746B,A17,4,3.1,4.1,36.8,NA,16,6,7,44.7,NA,0.24,0.12,NA,47,MH,66,2081.9,2177.8,95.9,NA,NA
A11,8,exp,3187,746B,A17,4,3.3,4.3,44.7,NA,18,6.9,7.9,49.8,NA,0.34,0.15,NA,50,BB,76,2158.3,2264.6,106.3,NA,NA
B8,8,exp,3259,746B,A17,NA,NA,NA,NA,Dead,2,0.3,1.3,NA,Dead,NA,NA,Shoot and root samples missing,NA,KDH,NA,NA,NA,NA,NA,exclude
B8,5,exp,3256,748B,A17,NA,NA,NA,NA,Dead,4,2.2,3.2,NA,Too Small,0.011,0.0036,NA,13,JP,13,2167.6,2183.7,16.1,NA,NA
A12,8,exp,3195,748B,A17,3,1,2,NA,Too small for chlorophyll,6,4.8,5.8,39.1,NA,0.053,0.021,NA,52,GC,63,2160.014,2207.8,47.786,NA,NA
A8,4,exp,3159,748B,A17,5,3.3,4.3,40,NA,18,5.8,6.8,50.9,NA,0.3,0.14,NA,30,LG,103,2157.802,2215.9,58.098,NA,NA
E2,1,exp,3492,748B,A17,5,4.8,5.8,44.3,NA,16,6.5,7.5,45.7,NA,0.27,0.16,NA,34,SL,84,2160.802,2220,59.198,NA,NA
D6,7,exp,3434,748B,A17,4,3.3,4.3,41.2,NA,18,5.5,6.5,52.3,NA,0.26,0.12,NA,NA,GC,NA,2167.9,2227.8,59.9,Nodule number missing,NA
A1,5,exp,3104,748B,A17,5,3.8,4.8,43.3,NA,17,6.8,7.8,47.9,NA,0.29,0.15,NA,NA,GC,NA,2164.772,2227.7,62.928,Nodule number missing,????
C2,2,exp,3301,748B,A17,3,1.9,2.9,31.5,NA,10,5.7,6.7,41.3,NA,0.15,NA,Root sample missing,NA,NA,NA,2158.734,2224.4,65.666,duplicate,exclude
C4,2,exp,3317,748B,A17,5,4,5,40.7,NA,20,5.7,6.7,49.8,NA,0.25,0.14,NA,56,MH,56,2160.492,2226.4,65.908,NA,NA
D11,4,exp,3471,748B,A17,4,5.2,6.2,41.5,NA,17,6.7,7.7,51.9,NA,0.26,0.14,NA,47,MH,64,2157.938,2257.2,99.262,NA,NA
D8,6,exp,3449,748B,A17,5,3.5,4.5,42.5,NA,19,6.2,7.2,54.2,NA,0.31,0.17,NA,63,KDH,67,2161.372,2262.5,101.128,NA,NA
D12,5,int_cont,3480,C11,A17,3,2.2,3.2,36,NA,5,4.2,5.2,34.9,NA,0.024,0.01,NA,0,JP,0,NA,NA,NA,NA,exclude
D1,8,int_cont,3395,C12,A17,5,2.8,3.8,35.3,NA,8,3.9,4.9,31.3,NA,0.043,0.04,NA,0,JP,0,NA,NA,NA,NA,exclude
D7,1,int_cont,3436,C13,A17,4,3.3,4.3,37.8,NA,6,3.8,4.8,34.7,NA,0.08,0.06,NA,0,KDH,8,NA,NA,0,NA,exclude
B2,5,int_cont,3208,C14,A17,4,3.1,4.1,37.1,NA,20,6.6,7.6,48.5,NA,0.41,0.2,NA,10,KDH,60,2158.204,2186.7,28.496,NA,NA
C3,4,int_cont,3311,C15,A17,3,1.5,2.5,35.4,NA,6,4.2,5.2,33.6,NA,0.028,0.02,NA,0,JP,0,NA,NA,0,NA,exclude
C8,3,int_cont,3350,C16,A17,3,2.1,3.1,36.7,NA,12,5,6,33.8,NA,0.15,0.09,NA,72,KDH,72,1285.732,NA,NA,NA,reweigh
C10,3,int_cont,3366,C17,A17,4,3,4,27.4,NA,6,4.2,5.2,31.5,NA,0.022,0.028,NA,0,KDH,0,NA,NA,0,NA,exclude
B7,7,int_cont,3250,C18,A17,4,1.1,2.1,NA,Too small for chlorophyll,8,3.1,4.1,30,NA,0.019,0.03,2 shoot samples for 3248,0,MM,0,NA,NA,NA,NA,exclude
E1,3,int_cont,3486,C19,A17,3,2.6,3.6,24.9,NA,6,3.9,4.9,30.2,NA,0.021,0.023,NA,0,MM,0,NA,NA,0,NA,exclude
E5,1,int_cont,3516,C20,A17,4,2.1,3.1,36.3,NA,6,3.7,4.7,33.2,NA,0.03,0.05,NA,0,KDH,1,NA,NA,0,NA,exclude
E7,5,ext_cont,EC15,NA,A17,3,1.5,2.5,NA,Too small for chlorophyll,4,2.7,3.7,NA,Too Small,0.0078,0.0046,NA,0,JP,0,NA,NA,0,NA,exclude
E7,8,ext_cont,EC18,NA,A17,3,3,4,35.3,NA,5,4,5,16.8,NA,0.012,0.01,NA,0,KDH,0,NA,NA,0,NA,exclude
E7,10,ext_cont,EC20,NA,A17,4,3.1,4.1,22.6,NA,5,4.3,5.3,36.5,NA,0.022,0.02,NA,0,JP,0,NA,NA,0,NA,exclude
E7,3,ext_cont,EC13,NA,A17,3,2.7,3.7,33.2,NA,7,4.3,5.3,34.6,NA,0.032,0.02,NA,0,KDH,0,NA,NA,0,NA,exclude
E7,2,ext_cont,EC12,NA,A17,3,2.5,3.5,29.8,NA,4,3.3,4.3,22.1,NA,0.009,0.029,NA,0,MM,0,NA,NA,0,NA,exclude
E7,6,ext_cont,EC16,NA,A17,3,2,3,30.7,NA,5,3.4,4.4,24.6,NA,NA,NA,Shoot and root samples missing,NA,NA,NA,NA,NA,0,Nodule number and tube weight missing,exclude
E7,4,ext_cont,EC14,NA,A17,3,2.1,3.1,27.8,NA,5,3.5,4.5,33,NA,NA,NA,Shoot and root samples missing,NA,NA,NA,NA,NA,0,Nodule number and tube weight missing,exclude
E7,7,ext_cont,EC17,NA,A17,3,2.4,3.4,32.9,NA,6,3.7,4.7,38.1,NA,NA,NA,Shoot and root samples missing,NA,NA,NA,NA,NA,0,Nodule number and tube weight missing,exclude
E7,1,ext_cont,EC11,NA,A17,2,1.5,2.5,24.2,NA,3,2.3,3.3,NA,Too Small,NA,NA,Shoot and root samples missing,NA,NA,NA,NA,NA,0,Nodule number and tube weight missing,exclude
E7,9,ext_cont,EC19,NA,A17,4,1.9,2.9,29.9,NA,6,3.1,4.1,NA,Too Small,NA,NA,Shoot and root samples missing,NA,NA,NA,NA,NA,0,Nodule number and tube weight missing,exclude
A6,1,exp,3140,31,DZA,4,4,5,30.4,NA,14,6.1,7.1,30.6,NA,0.12,0.11,NA,30,BB,71,2077.512,2105.9,28.388,NA,NA
A6,2,exp,3141,31,DZA,4,3.7,4.7,31.5,NA,13,5.3,6.3,29.3,NA,0.13,0.1,NA,30,BB,148,2162.264,2195.9,33.636,NA,NA
B5,3,exp,3230,31,DZA,4,3.8,4.8,35.9,NA,14,6.1,7.1,29,NA,0.11,0.1,NA,71,HL,71,2161.952,2196,34.048,NA,NA
D10,4,exp,3463,31,DZA,3,3.2,4.2,26.6,NA,8,5.4,6.4,32.4,NA,0.079,0.05,NA,60,JP,93,2158.858,2202.5,43.642,NA,NA
C11,8,exp,3379,31,DZA,4,4.4,5.4,27.6,NA,10,6.6,7.6,29.8,NA,0.1,0.06,NA,45,NA,115,2156.492,2210.9,54.408,NA,NA
D1,2,exp,3389,31,DZA,5,4.5,5.5,31.5,NA,14,5.7,6.7,30.5,NA,0.24,0.06,NA,54,SH,146,2161.9,2218.3,56.4,NA,NA
C9,4,exp,3359,31,DZA,4,4.1,5.1,21.8,NA,8,5.8,6.8,22.7,NA,0.084,0.03,NA,102,MM,114,2079.01,2138.4,59.39,NA,NA
A7,2,exp,3149,31,DZA,4,3.9,4.9,27.3,NA,13,5.9,6.9,32,NA,0.12,0.07,NA,120,AMC,151,2156.576,2219,62.424,NA,NA
B5,8,exp,3235,31,DZA,3,3.6,4.6,30.7,NA,10,5.8,6.8,29.2,NA,0.13,0.05,NA,NA,GC,NA,2158.5,2222.7,64.2,Nodule number missing,exclude
D8,1,exp,3444,31,DZA,4,4.4,5.4,39.3,NA,12,6.3,7.3,31.9,NA,0.1,0.08,NA,75,GC,145,2138.092,2220.7,82.608,NA,NA
B6,5,exp,3240,89,DZA,3,3.3,4.3,33.8,NA,13,5.4,6.4,40,NA,0.13,NA,Root sample missing,36,SL,66,2160.004,2209.3,49.296,NA,NA
E4,3,exp,3510,89,DZA,5,4.1,5.1,43.8,NA,19,6.8,7.8,37.6,NA,0.37,0.21,NA,37,VB,45,2158.626,2209.5,50.874,NA,NA
E3,2,exp,3501,89,DZA,5,5.3,6.3,43.2,NA,18,6.7,7.7,44.4,NA,0.38,0.23,NA,30,LG,106,2097.26,2152.4,55.14,NA,NA
D9,1,exp,3452,89,DZA,5,4.6,5.6,41.5,NA,16,7,8,44.8,NA,0.26,0.1,NA,30,BB,98,2075.752,2133.4,57.648,NA,NA
A4,7,exp,3130,89,DZA,5,4.2,5.2,43.3,NA,18,6.5,7.5,47.3,NA,0.28,0.23,NA,30,KDH,90,2168.582,2226.6,58.018,NA,NA
A9,1,exp,3164,89,DZA,4,3.9,4.9,43.7,NA,15,6.6,7.6,39.6,NA,0.3,0.14,NA,50,KK,90,2165.192,2224.6,59.408,NA,NA
B10,8,exp,3275,89,DZA,4,4.4,5.4,38.6,NA,15,6.5,7.5,42.5,NA,0.23,0.17,NA,32,SL,46,2070.708,2130.9,60.192,NA,NA
D8,3,exp,3446,89,DZA,5,3.9,4.9,45.4,NA,18,6.4,7.4,45.3,NA,0.43,0.23,NA,70,JP,89,2160.318,2236.7,76.382,NA,NA
D11,1,exp,3468,89,DZA,5,5.4,6.4,34.2,NA,17,6.7,7.7,30.4,NA,0.43,0.22,NA,63,VB,122,2156.308,2251.5,95.192,NA,NA
B9,8,exp,3267,89,DZA,4,3.2,4.2,41.3,NA,16,6.6,7.6,44.2,NA,0.27,0.16,NA,NA,NA,NA,NA,NA,NA,Nodule number and tube weight missing,exclude
A9,8,exp,3171,121,DZA,4,4.5,5.5,38.6,NA,17,8.2,9.2,41.7,NA,0.25,0.2,NA,30,KDH,75,2162.42,2224.9,62.48,NA,NA
C6,6,exp,3337,121,DZA,4,3.9,4.9,36.8,NA,18,6.7,7.7,42.7,NA,0.29,0.16,NA,64,MH,64,2162.624,2229.2,66.576,NA,NA
D12,6,exp,3481,121,DZA,6,4.6,5.6,41.8,NA,21,6.7,7.7,47.1,NA,0.38,0.18,NA,30,LG,111,2165.666,2232.4,66.734,NA,NA
A7,8,exp,3155,121,DZA,4,4,5,32.7,NA,14,6.6,7.6,28.5,NA,0.22,0.12,NA,55,SH,121,2157.294,2231.5,74.206,NA,NA
B10,5,exp,3272,121,DZA,4,4.2,5.2,45.3,NA,16,7,8,43.5,NA,0.3,0.18,NA,37,SL,95,2070.1,2149.8,79.7,NA,NA
B12,1,exp,3284,121,DZA,5,5.4,6.4,39.4,NA,20,8.6,9.6,45.2,NA,NA,0.21,Shoot sample missing,30,KDH,71,2159.846,2241.2,81.354,NA,NA
D9,6,exp,3457,121,DZA,5,3.7,4.7,38,NA,18,7.5,8.5,47.5,NA,0.31,0.18,NA,45,AMC,80,2158.834,2245.7,86.866,NA,NA
D11,3,exp,3470,121,DZA,4,4.1,5.1,36.2,NA,12,6.7,7.7,38.5,NA,0.19,0.09,NA,72,GC,72,2165.7,2254.1,88.4,NA,NA
B9,3,exp,3262,121,DZA,4,4.1,5.1,36.4,NA,17,6.8,7.8,38.5,NA,0.33,0.18,NA,50,MH,90,2073.764,2165.9,92.136,NA,NA
B8,2,exp,3253,121,DZA,4,3.7,4.7,34.9,NA,17,6.3,7.3,43.5,NA,NA,0.15,Shoot sample missing,95,KDH,95,2170.542,2291.5,120.958,NA,NA
C9,5,exp,3360,141,DZA,3,2.2,3.2,40.1,NA,12,6.7,7.7,46.7,NA,0.22,0.11,NA,31,KDH,31,2079.266,2125,45.734,NA,NA
C4,8,exp,3323,141,DZA,4,4.1,5.1,44.2,NA,21,6.6,7.6,50.7,NA,0.3,0.21,NA,30,HL,30,2163.224,2236.7,73.476,NA,NA
B10,2,exp,3269,141,DZA,5,4.9,5.9,46,NA,24,8.5,9.5,49.7,NA,0.53,0.32,NA,NA,NA,NA,2160.74,2237.4,76.66,duplicate,exclude
D12,7,exp,3482,141,DZA,6,5.6,6.6,49.9,NA,22,8.8,9.8,40.6,NA,0.75,0.46,NA,19,KDH,19,2079.2,2156.2,77,NA,NA
A1,3,exp,3102,141,DZA,4,4,5,39.7,NA,17,7.2,8.2,44.9,NA,0.5,0.22,NA,28,SL,50,2081.592,2162.1,80.508,NA,NA
D9,8,exp,3459,141,DZA,5,4.3,5.3,44.4,NA,19,6.5,7.5,44.9,NA,0.39,0.2,NA,30,BB,66,2077.498,2168.4,90.902,NA,NA
A7,6,exp,3153,141,DZA,5,4.2,5.2,44.7,NA,21,6.9,7.9,44.9,NA,0.35,0.21,NA,30,KDH,46,2161.248,2256.3,95.052,NA,NA
D10,5,exp,3464,141,DZA,5,4.5,5.5,47.1,NA,22,7.2,8.2,44,NA,0.54,0.26,NA,45,GC,77,2161.482,2267.6,106.118,NA,NA
B1,4,exp,3199,141,DZA,4,3.1,4.1,37.6,NA,16,6.7,7.7,43.7,NA,0.38,0.17,NA,48,MH,57,2159.936,2267.8,107.864,NA,NA
C12,8,exp,3387,141,DZA,4,3.6,4.6,46,NA,22,7.5,8.5,48.3,NA,0.41,0.19,NA,39,KDH,44,2163.756,2271.8,108.044,NA,NA
E1,6,exp,3489,182,DZA,5,6,7,41.4,NA,23,9.1,10.1,43.5,NA,0.48,0.25,NA,30,AR,74,2075.438,2121.6,46.162,NA,NA
A6,5,exp,3144,182,DZA,5,4.6,5.6,41.4,NA,19,6.5,7.5,43.2,NA,0.29,0.19,NA,27,HL,69,2158.95,2216.1,57.15,NA,NA
C5,7,exp,3330,182,DZA,5,4.4,5.4,45,NA,22,7,8,45.2,NA,0.32,0.21,NA,54,MH,54,2073.88,2138.2,64.32,NA,NA
C11,4,exp,3375,182,DZA,4,4.2,5.2,41.5,NA,18,6.7,7.7,42.3,NA,0.27,0.16,NA,64,HL,64,2079.076,2143.7,64.624,NA,NA
E1,7,exp,3490,182,DZA,4,5,6,41.2,NA,17,7.2,8.2,40.5,NA,0.4,0.19,NA,36,SL,87,2080.034,2150,69.966,NA,NA
E1,2,exp,3485,182,DZA,5,4.5,5.5,37.6,NA,18,6.8,7.8,41.5,NA,0.3,0.17,NA,30,LG,77,2079.228,2169.4,90.172,NA,NA
D3,3,exp,3406,182,DZA,5,4.6,5.6,44.4,NA,21,7.5,8.5,45.2,NA,0.49,0.23,NA,33,SL,89,2163.026,2254.3,91.274,NA,NA
A4,2,exp,3125,182,DZA,4,3.8,4.8,39.7,NA,17,6.2,7.2,46.5,NA,0.37,0.21,NA,NA,NA,NA,2158.708,2250.2,91.492,"Duplicate, super small nodules",exclude
C10,4,exp,3367,182,DZA,5,4.2,5.2,44.8,NA,19,7,8,45.3,NA,0.39,0.21,NA,60,VB,111,2074.854,2186.9,112.046,NA,NA
C2,6,exp,3305,182,DZA,4,3.5,4.5,38,NA,14,6.3,7.3,40.7,NA,0.26,0.11,NA,56,GC,98,2070.25,2195.8,125.55,NA,NA
C11,1,exp,3372,199,DZA,5,4.4,5.4,42.1,NA,20,7.4,8.4,38.6,NA,0.44,0.22,NA,45,NA,45,2161.59,NA,NA,NA,reweigh
D12,3,exp,3478,199,DZA,2,1.8,2.8,35.8,NA,5,4.9,5.9,32.2,NA,0.048,0.02,NA,27,MM,37,2069.854,2100.4,30.546,NA,NA
C5,3,exp,3326,199,DZA,4,3.6,4.6,44.3,NA,16,6.4,7.4,42.9,NA,0.23,0.15,NA,82,GC,82,2070.022,2142.4,72.378,NA,NA
B9,2,exp,3261,199,DZA,4,4.3,5.3,41.5,NA,19,7.5,8.5,47.9,NA,0.39,0.18,NA,39,MH,64,2168.808,2242.8,73.992,NA,NA
C10,1,exp,3364,199,DZA,4,4,5,37.1,NA,20,7.1,8.1,42.4,NA,0.38,0.23,NA,41,AMC,43,2079.784,2154.7,74.916,NA,NA
D3,7,exp,3410,199,DZA,5,4.7,5.7,42.7,NA,22,8.1,9.1,48.7,NA,0.42,0.26,NA,30,BB,61,2161.242,2238.1,76.858,NA,NA
D10,1,exp,3460,199,DZA,4,4,5,38.3,NA,15,7.3,8.3,44.2,NA,0.26,0.18,NA,37,SS,71,2158.816,2248.8,89.984,NA,NA
D11,6,exp,3473,199,DZA,5,5.5,6.5,45,NA,19,8.3,9.3,43.6,NA,0.48,0.26,NA,37,SL,52,2074.748,2167.3,92.552,NA,NA
B2,7,exp,3210,199,DZA,4,4.5,5.5,42.9,NA,20,6.8,7.8,44.4,NA,0.3,0.2,NA,30,KDH,58,2160.92,2272.1,111.18,NA,NA
B12,2,exp,3285,199,DZA,4,4.5,5.5,44.4,NA,16,7.4,8.4,47.7,NA,0.42,0.23,NA,50,GC,97,2163.476,2296.1,132.624,NA,NA
E4,1,exp,3508,204,DZA,5,3.7,4.7,39.7,NA,14,7.4,8.4,45.5,NA,0.27,0.16,NA,20,VB,24,2156.98,2204.9,47.92,NA,NA
D4,8,exp,3419,204,DZA,5,4.5,5.5,44,NA,23,7.8,8.8,50.8,NA,0.54,0.3,NA,32,NA,32,2157.198,2225.7,68.502,duplicate nod tubes,exclude
E1,5,exp,3488,204,DZA,4,5.1,6.1,42.4,NA,17,10.2,11.2,45.3,NA,0.42,0.22,NA,30,BB,61,2159.748,2228.4,68.652,NA,NA
C6,8,exp,3339,204,DZA,5,4.1,5.1,48.8,NA,23,7.1,8.1,48.8,NA,0.46,0.23,NA,30,GC,30,2078.814,2147.5,68.686,NA,NA
C8,7,exp,3354,204,DZA,5,4.1,5.1,46.2,NA,22,5.9,6.9,49.5,NA,0.46,0.24,NA,36,MH,46,2159.458,2229.9,70.442,NA,NA
B11,3,exp,3278,204,DZA,4,4.4,5.4,43.1,NA,16,6.9,7.9,46.8,NA,0.26,0.17,NA,30,KDH,38,2167.198,2253.6,86.402,NA,NA
B2,2,exp,3205,204,DZA,5,4.5,5.5,42.7,NA,26,7.9,8.9,49.1,NA,0.64,0.37,NA,47,MH,47,2075.152,2173,97.848,NA,NA
D10,6,exp,3465,204,DZA,5,5,6,45.7,NA,22,8.2,9.2,47.3,NA,0.57,0.24,NA,45,KDH,45,2160.472,2277.5,117.028,NA,NA
C9,1,exp,3356,204,DZA,4,4,5,44,NA,21,7,8,50.8,NA,0.37,0.18,NA,32,MH,32,2076.942,2196.1,119.158,NA,NA
B11,5,exp,3280,204,DZA,2,0.6,1.6,NA,Too small for chlorophyll,NA,0.8,1.8,NA,Dead,0.0078,0.0015,NA,0,VB,0,NA,NA,NA,NA,exclude
E4,5,exp,3512,206,DZA,4,4.2,5.2,36.9,NA,15,6.5,7.5,46.2,NA,0.23,0.14,NA,28,SL,32,2165.15,NA,NA,NA,reweigh
B12,6,exp,3289,206,DZA,NA,NA,NA,NA,Too Small or Dying,1,0.7,1.7,NA,Too Small,0.016,0.0038,NA,3,VB,3,2156.952,2172.9,15.948,NA,NA
D2,7,exp,3402,206,DZA,4,3.9,4.9,37.1,NA,15,6.4,7.4,39.3,NA,0.4,0.13,NA,35,MH,35,2164.8,2214.6,49.8,NA,NA
A8,3,exp,3158,206,DZA,4,3.9,4.9,45.1,NA,18,6.3,7.3,45.5,NA,0.24,0.19,NA,68,MH,68,2076.138,2147.4,71.262,NA,NA
D4,3,exp,3414,206,DZA,4,4.6,5.6,40.6,NA,19,6.9,7.9,45.3,NA,0.44,0.2,NA,31,SL,47,2160.208,2232.1,71.892,NA,NA
E1,1,exp,3484,206,DZA,4,5.3,6.3,39.5,NA,16,8,9,42.3,NA,0.32,0.18,NA,36,SS,47,2073.216,2160.9,87.684,NA,NA
A9,7,exp,3170,206,DZA,4,4.3,5.3,37.2,NA,23,8.3,9.3,45.6,NA,0.52,0.29,NA,32,SS,98,2163.538,2252.5,88.962,NA,NA
B5,2,exp,3229,206,DZA,4,4.2,5.2,42.3,NA,21,7,8,42.5,NA,0.4,0.22,NA,30,LG,35,2165.58,2265.9,100.32,NA,NA
D2,4,exp,3399,206,DZA,4,5,6,43.5,NA,24,8,9,45.9,NA,0.48,0.24,NA,29,SL,31,2164.952,2273.8,108.848,NA,NA
A2,8,exp,3115,206,DZA,4,4,5,42.2,NA,21,6.6,7.6,48.2,NA,0.35,0.2,NA,30,SL,61,2160.206,2269.2,108.994,NA,NA
D10,7,exp,3466,216,DZA,0,NA,NA,NA,"Too small for chlorophyll, dead",2,1.5,2.5,NA,Too Small,0.018,0.0036,NA,24,AMC,24,2163.2,2185.1,21.9,NA,NA
D8,2,exp,3445,216,DZA,2,1,2,NA,Too small for chlorophyll,5,4.5,5.5,33.2,NA,0.053,0.021,NA,28,VB,28,2163.8,2199.1,35.3,NA,NA
E4,2,exp,3509,216,DZA,3,2.8,3.8,31.8,NA,8,6.2,7.2,34.9,NA,0.15,0.04,NA,49,JP,49,2165.218,2212,46.782,NA,NA
A1,4,exp,3103,216,DZA,4,3.2,4.2,35.1,NA,18,6.7,7.7,42,NA,0.29,0.17,NA,72,MH,72,2072.72,2136.4,63.68,NA,NA
D3,2,exp,3405,216,DZA,5,4.9,5.9,42.1,NA,19,6.1,7.1,45.3,NA,0.26,0.16,NA,77,MH,77,2160.116,2235.4,75.284,NA,NA
B3,5,exp,3216,216,DZA,5,4.5,5.5,41.7,NA,25,7,8,44.1,NA,0.46,0.26,NA,30,LG,110,2161.708,2243.2,81.492,NA,NA
E1,8,exp,3491,216,DZA,5,3.7,4.7,32.9,NA,14,6.8,7.8,40.3,NA,0.27,0.17,NA,NA,GC,NA,2073.992,2165.2,91.208,Nodule number missing / duplicate?,exclude
D10,2,exp,3461,216,DZA,5,4.3,5.3,40.5,NA,18,7.4,8.4,43.2,NA,0.38,0.17,NA,58,VB,140,2166.276,2276.9,110.624,NA,NA
C4,1,exp,3316,216,DZA,4,4.5,5.5,35.2,NA,19,6.9,7.9,41,NA,0.34,0.19,NA,52,MH,97,2074.312,2197.4,123.088,NA,NA
D12,1,exp,3476,216,DZA,5,5,6,42.3,NA,17,7.3,8.3,44.9,NA,0.34,0.15,NA,80,VB,106,2161.642,2288.5,126.858,NA,NA
D12,8,exp,3483,230,DZA,4,4,5,37.1,NA,10,6.5,7.5,38,NA,0.15,0.09,NA,70,KDH,81,NA,NA,0,Tube missing?,exclude
D4,4,exp,3415,230,DZA,1,NA,NA,NA,Too small for chlorophyll and height,NA,0.5,1.5,NA,Dead,0.008,0.003,NA,5,MM,16,2163.27,2171.8,8.53,"Only small white nods, difficult to remove",???
A11,4,exp,3183,230,DZA,4,4.2,5.2,37.8,NA,18,6.2,7.2,35.9,NA,0.23,0.15,NA,30,LG,75,2163.76,2217.4,53.64,NA,NA
D8,4,exp,3447,230,DZA,4,3.4,4.4,40.4,NA,17,5.7,6.7,33.1,NA,0.21,0.14,NA,36,KDH,77,2158.324,2217.7,59.376,NA,NA
B4,8,exp,3227,230,DZA,4,3.6,4.6,34.5,NA,17,5.6,6.6,37.3,NA,0.26,0.12,NA,36,SL,121,2155.412,2234.8,79.388,Duplicate tube number/weight,exclude
A11,3,exp,3182,230,DZA,4,3.3,4.3,32.2,NA,10,7,8,33.1,NA,0.18,0.08,NA,70,KDH,70,2161.1,2241.9,80.8,NA,NA
D8,8,exp,3451,230,DZA,5,3.8,4.8,40.7,NA,19,5.7,6.7,45.1,NA,0.28,0.15,NA,64,KDH,85,2167.472,2254.5,87.028,NA,NA
E4,6,exp,3513,230,DZA,4,4.3,5.3,35.7,NA,15,5.4,6.4,29.2,NA,0.21,0.08,NA,55,SH,102,2074.964,2162.5,87.536,NA,NA
D11,2,exp,3469,230,DZA,4,5.2,6.2,35.3,NA,17,6.8,7.8,36.9,NA,0.29,0.13,NA,86,MH,110,2164.92,2284.9,119.98,NA,NA
D2,5,exp,3400,230,DZA,5,4.2,5.2,39.7,NA,18,5.9,6.9,35.8,NA,0.26,0.18,NA,78,MH,78,2079.138,2205.8,126.662,NA,NA
D5,6,exp,3425,278,DZA,5,4.6,5.6,42.5,NA,21,8,9,48.7,NA,0.42,0.25,NA,30,BB,91,2160.388,NA,NA,NA,reweigh
A5,3,exp,3134,278,DZA,1,NA,NA,NA,Too small for chlorophyll and height,4,3,4,23.5,NA,0.023,0.013,NA,17,SL,17,2164.322,2185.7,21.378,NA,NA
B9,7,exp,3266,278,DZA,2,0.6,1.6,NA,Too small for chlorophyll,6,4.6,5.6,31.7,NA,0.045,0.02,NA,24,KDH,24,2162.6,2194.6,32,NA,NA
A4,3,exp,3126,278,DZA,1,NA,NA,NA,Too small for chlorophyll and height,6,4.6,5.6,41.9,NA,0.083,0.05,NA,31,BB,31,2162.946,2216,53.054,NA,NA
D3,1,exp,3404,278,DZA,5,3.5,4.5,41.1,NA,24,7.7,8.7,47.9,NA,0.41,0.28,NA,30,LG,45,2161.214,2229.5,68.286,NA,NA
D3,5,exp,3408,278,DZA,6,5.7,6.7,44.9,NA,30,9.6,10.6,47.9,NA,0.6,0.33,NA,36,KDH,58,2160.226,2229.7,69.474,NA,NA
D6,2,exp,3429,278,DZA,6,4.4,5.4,47,NA,23,7.4,8.4,47.2,NA,0.43,0.24,NA,55,GC,55,2164.884,2234.9,70.016,NA,NA
D8,7,exp,3450,278,DZA,4,3.2,4.2,43.7,NA,20,6.2,7.2,49,NA,0.34,0.14,NA,37,MH,42,2161.328,2245.5,84.172,NA,NA
E2,3,exp,3494,278,DZA,4,5,6,40.9,NA,17,7,8,45.5,NA,0.45,0.23,NA,45,KDH,45,2163.202,2261.8,98.598,NA,NA
A3,4,exp,3119,278,DZA,4,3.7,4.7,35.1,NA,18,7,8,44.7,NA,0.48,0.24,NA,30,SL,72,2071.228,2173.2,101.972,NA,NA
C10,2,exp,3365,282,DZA,2,NA,NA,NA,Too small for chlorophyll and height,NA,1,2,NA,Dead,0.0077,0.0042,NA,0,KDH,8,NA,NA,0,"Tiny, flat",exclude
B3,2,exp,3213,282,DZA,1,0.5,1.5,NA,Too small for chlorophyll,5,4.2,5.2,32.9,NA,0.031,0.01,NA,27,MM,27,2163.9,2197.8,33.9,NA,NA
A5,2,exp,3133,282,DZA,3,2.5,3.5,40.1,NA,11,5.9,6.9,36.9,NA,0.08,0.03,NA,30,BB,43,2158.154,2195.9,37.746,NA,NA
A6,3,exp,3142,282,DZA,4,3.8,4.8,39.8,NA,15,6.4,7.4,41.6,NA,0.25,0.15,NA,30,BB,87,2161.166,2199.1,37.934,NA,NA
D4,2,exp,3413,282,DZA,3,2.1,3.1,36.2,NA,9,5.5,6.5,38,NA,0.12,0.02,NA,47,GC,54,2163.756,2233,69.244,NA,NA
C12,5,exp,3384,282,DZA,5,5.4,6.4,47.4,NA,22,8.4,9.4,46.2,NA,0.47,0.26,NA,30,LG,79,2164.72,2237.6,72.88,NA,NA
B1,8,exp,3203,282,DZA,3,3.9,4.9,34.7,NA,16,7.2,8.2,41.3,NA,0.41,0.19,NA,48,GC,56,2076.26,2149.7,73.44,NA,NA
B3,8,exp,3219,282,DZA,5,4.1,5.1,43.9,NA,23,7.1,8.1,46.2,NA,0.45,0.27,NA,NA,NA,NA,2157.694,2233,75.306,duplicate,exclude
C2,8,exp,3307,282,DZA,3,3.4,4.4,43.3,NA,17,6.4,7.4,44.3,NA,0.3,0.15,NA,51,KDH,51,2159.432,2253.1,93.668,NA,NA
D7,8,exp,3443,282,DZA,5,4.5,5.5,42.4,NA,21,6.6,7.6,42.8,NA,0.42,0.21,NA,34,MH,67,2163.546,2259.9,96.354,NA,NA
B5,4,exp,3231,283,DZA,5,4.1,5.1,40.2,NA,21,7.2,8.2,45.3,NA,0.35,0.22,NA,40,KDH,48,2076.446,1825.8,NA,Negative difference,reweigh
C12,1,exp,3380,283,DZA,5,4.6,5.6,44.2,NA,18,6.9,7.9,41.9,NA,0.27,0.18,NA,30,LG,75,2075.908,2139.2,63.292,NA,NA
A3,7,exp,3122,283,DZA,4,3,4,30.7,NA,15,7.1,8.1,43.3,NA,0.3,0.12,NA,39,SL,65,2156.628,2223.7,67.072,NA,NA
B11,8,exp,3283,283,DZA,2,3.7,4.7,40.3,NA,11,9,10,47.7,NA,0.22,0.14,NA,42,AMC,59,2157.528,2232.2,74.672,NA,NA
B12,5,exp,3288,283,DZA,4,2.9,3.9,34.6,NA,14,6.4,7.4,40.7,NA,0.24,0.12,NA,58,KDH,58,2156.984,2237.6,80.616,NA,NA
C8,4,exp,3351,283,DZA,5,4.1,5.1,47,NA,20,6.8,7.8,43.9,NA,0.41,0.23,NA,41,SL,98,2159.65,2247.1,87.45,NA,NA
C12,2,exp,3381,283,DZA,5,4.8,5.8,45.4,NA,21,7.1,8.1,45.1,NA,0.47,0.3,NA,40,SS,76,2161.67,2260.2,98.53,NA,NA
B12,4,exp,3287,283,DZA,5,5,6,47,NA,24,8.1,9.1,47.9,NA,0.49,0.22,NA,36,SL,36,2079.978,2191,111.022,NA,NA
B8,7,exp,3258,283,DZA,4,4.1,5.1,43,NA,22,6.3,7.3,45.7,NA,0.41,0.24,NA,63,KDH,77,2077.764,2198.9,121.136,NA,NA
A11,1,exp,3180,283,DZA,4,4.8,5.8,41.4,NA,18,7.2,8.2,43.5,NA,0.22,0.14,NA,NA,NA,NA,NA,NA,NA,Nodule number and tube weight missing,exclude
A12,1,exp,3188,335,DZA,2,0.6,1.6,NA,Too small for chlorophyll,4,3.1,4.1,17.3,NA,0.02,0.0067,NA,20,MH,20,2159.1,2178.3,19.2,NA,NA
B10,4,exp,3271,335,DZA,1,0.05,1.05,NA,Too small for chlorophyll,5,3.2,4.2,36.2,NA,0.022,0.0086,NA,31,MH,31,2073.746,2099.5,25.754,NA,NA
A6,8,exp,3147,335,DZA,4,3.5,4.5,35.9,NA,14,5.5,6.5,33.6,NA,0.17,0.14,NA,30,LG,106,2161.06,2200.8,39.74,NA,NA
B9,5,exp,3264,335,DZA,4,3.6,4.6,37.1,NA,14,6.6,7.6,22,NA,0.17,0.14,NA,40,SS,187,2162.138,2202.4,40.262,NA,NA
C10,5,exp,3368,335,DZA,4,3.6,4.6,33.5,NA,13,5.9,6.9,36.8,NA,0.14,0.08,NA,40,SL,89,2159.556,2205.9,46.344,NA,NA
D3,4,exp,3407,335,DZA,4,3.1,4.1,33.1,NA,13,5.1,6.1,36.4,NA,0.24,0.13,NA,67,MM,87,2159.24,2215.2,55.96,NA,NA
E3,4,exp,3503,335,DZA,4,5,6,30.7,NA,15,6.4,7.4,38.8,NA,0.23,0.14,NA,40,GC,117,2070.084,2128.2,58.116,NA,NA
D6,4,exp,3431,335,DZA,4,3.7,4.7,36.1,NA,14,5.7,6.7,34.4,NA,0.16,0.07,NA,90,AMC,123,2158.424,2240.1,81.676,NA,NA
D10,3,exp,3462,335,DZA,4,3.4,4.4,30.4,NA,13,6.1,7.1,38.2,NA,0.21,0.09,NA,91,MH,135,2158.4,2250.5,92.1,NA,NA
A2,2,exp,3109,335,DZA,4,3.2,4.2,32.6,NA,16,5.1,6.1,36.9,NA,0.2,0.1,NA,30,NA,77,NA,2191.1,NA,Tube weight missing,NA
B5,1,exp,3228,144B,DZA,2,1.7,2.7,31.1,NA,6,6.5,7.5,41.6,NA,0.13,0.091,NA,26,MM,26,2077.2,2129.9,52.7,NA,NA
D8,5,exp,3448,144B,DZA,4,3.9,4.9,42.4,NA,16,6.7,7.7,45.6,NA,0.32,0.19,NA,44,AMC,44,2165.7,2226.7,61,NA,NA
B7,8,exp,3251,144B,DZA,5,4,5,43,NA,20,7.2,8.2,45.9,NA,0.47,0.32,NA,34,SS,81,2165.132,2231.4,66.268,NA,NA
A1,7,exp,3106,144B,DZA,4,4.1,5.1,43.8,NA,23,8.1,9.1,50.8,NA,0.43,0.21,NA,30,BB,42,2164.044,2230.4,66.356,NA,NA
C3,3,exp,3310,144B,DZA,5,4.3,5.3,45.3,NA,22,7.2,8.2,47.5,NA,0.47,0.31,NA,NA,NA,NA,2161.3,2229.9,68.6,Nodule number missing,??
B4,4,exp,3223,144B,DZA,4,3.7,4.7,46.8,NA,16,6.9,7.9,46.4,NA,0.24,0.21,NA,52,GC,52,2079.044,2153.6,74.556,NA,NA
B6,4,exp,3239,144B,DZA,5,4,5,44.6,NA,23,7.1,8.1,45.5,NA,0.49,0.29,NA,33,NA,50,2164.772,2243.2,78.428,NA,NA
B6,8,exp,3243,144B,DZA,4,3.9,4.9,43.7,NA,20,6.4,7.4,48,NA,0.35,0.21,NA,52,GC,55,2160.892,2241.5,80.608,NA,NA
B3,4,exp,3215,144B,DZA,4,4.8,5.8,42.6,NA,20,6.8,7.8,45,NA,0.41,0.25,NA,44,KDH,48,2165.59,2248.3,82.71,NA,NA
B4,5,exp,3224,144B,DZA,3,2.9,3.9,40.1,NA,14,7.5,8.5,44.4,NA,0.27,0.19,NA,36,KDH,36,NA,NA,NA,NA,exclude
A11,5,exp,3184,176A,DZA,5,5.2,6.2,39.2,NA,18,8,9,39.2,NA,0.31,0.2,NA,30,KDH,76,2163.49,NA,NA,NA,reweigh
D6,6,exp,3433,176A,DZA,5,3.5,4.5,34.9,NA,18,5.4,6.4,40.2,NA,0.28,0.15,NA,58,VB,127,2080.35,2144.3,63.95,NA,NA
C1,1,exp,3292,176A,DZA,5,4.8,5.8,38.9,NA,20,7.5,8.5,44.5,NA,0.37,0.23,NA,77,LG,77,2162.41,2227.9,65.49,NA,NA
A2,6,exp,3113,176A,DZA,3,2.6,3.6,35.1,NA,12,7.5,8.5,38.8,NA,0.22,0.11,NA,45,BB,88,2076.706,2146.8,70.094,NA,NA
C6,5,exp,3336,176A,DZA,5,4,5,40.5,NA,19,5.5,6.5,39.2,NA,0.32,0.15,NA,78,MH,87,2078.008,2149.3,71.292,NA,NA
B1,3,exp,3198,176A,DZA,5,5,6,38.5,NA,23,7.5,8.5,43.3,NA,0.55,0.23,NA,46,SH,93,2075.256,2155.6,80.344,NA,NA
C6,7,exp,3338,176A,DZA,5,4.2,5.2,41.2,NA,20,6.6,7.6,45.7,NA,0.34,NA,Root sample missing,30,SL,72,2160.474,2247.4,86.926,NA,NA
E3,5,exp,3504,176A,DZA,4,4.8,5.8,41,NA,16,6.3,7.3,44,NA,0.28,0.16,NA,55,AMC,67,2159.298,2254.4,95.102,NA,NA
E2,5,exp,3496,176A,DZA,5,5.5,6.5,41.8,NA,21,7.7,8.7,35,NA,0.37,0.22,NA,45,VB,79,2160.938,2261,100.062,NA,NA
C7,3,exp,3342,176A,DZA,5,4.2,5.2,38.5,NA,20,6.9,7.9,42.2,NA,0.41,0.16,NA,67,KDH,69,2167.356,2285.5,118.144,NA,NA
B4,7,exp,3226,25B,DZA,2,1,2,NA,Dying?,1,1.6,2.6,NA,Too Small,0.0096,0.0014,NA,8,KDH,8,2157.238,2172.1,14.862,NA,NA
A10,6,exp,3177,25B,DZA,4,3.4,4.4,32.5,NA,11,6,7,25.5,NA,0.072,0.06,NA,30,LG,100,2162.14,2192.4,30.26,NA,NA
B2,8,exp,3211,25B,DZA,3,3.6,4.6,26.9,NA,12,5.8,6.8,27.1,NA,0.086,0.05,NA,45,SL,86,2158.124,2190.1,31.976,NA,NA
C6,2,exp,3333,25B,DZA,4,3.8,4.8,31,NA,13,5.1,6.1,28.8,NA,0.09,0.07,NA,76,SL,80,2160.1,2207.5,47.4,NA,NA
D5,1,exp,3420,25B,DZA,4,3.6,4.6,32.3,NA,10,5.5,6.5,24.2,NA,0.055,0.031,NA,65,SL,70,2160,2211.5,51.5,NA,NA
C7,1,exp,3340,25B,DZA,4,2.9,3.9,25.3,NA,21,4.8,5.8,23.1,NA,0.073,0.03,NA,100,JP,176,2162.4,2214.8,52.4,NA,NA
B6,1,exp,3236,25B,DZA,4,3.3,4.3,22.9,NA,11,4.9,5.9,25.6,NA,0.091,0.03,NA,101,BB,116,2161.1,2220.6,59.5,NA,NA
A10,1,exp,3172,25B,DZA,4,3.9,4.9,28,NA,8,6.7,7.7,24.6,NA,0.075,0.02,NA,150,AMC,193,2161.34,2229,67.66,NA,NA
D9,7,exp,3458,25B,DZA,4,3,4,28.3,NA,11,5.5,6.5,28.9,NA,0.086,0.05,NA,NA,NA,NA,2164.598,2247.9,83.302,Nodule number missing,????
D11,8,exp,3475,25B,DZA,4,5.7,6.7,42.9,NA,18,7.5,8.5,37.1,NA,0.35,0.16,NA,40,MH,75,2074.282,2159.4,85.118,NA,NA
D6,3,exp,3430,724B,DZA,5,3.9,4.9,36,NA,16,5.8,6.8,39.7,NA,0.24,0.13,NA,94,KDH,131,2069.029,2041.3,NA,NA,reweigh
D12,4,exp,3479,724B,DZA,2,1.5,2.5,NA,Too small for chlorophyll,NA,NA,#VALUE!,NA,Dead,0.0049,0.00074,NA,5,JP,5,2081.026,2091.3,10.274,NA,NA
C1,5,exp,3296,724B,DZA,NA,NA,NA,NA,Dead,1,1.5,2.5,NA,Too Small,0.007,0.0025,NA,5,KDH,5,2159.512,2172.7,13.188,NA,NA
A8,5,exp,3160,724B,DZA,4,4,5,40.8,NA,13,6.2,7.2,30.7,NA,0.13,0.09,NA,30,NA,83,2155.8,2187.2,31.4,Duplicate,exclude
B8,4,exp,3255,724B,DZA,4,4,5,38.9,NA,16,5.2,6.2,33.7,NA,0.15,0.12,NA,30,SL,86,2164.838,2207.5,42.662,NA,NA
A11,2,exp,3181,724B,DZA,3,1.3,2.3,27.8,NA,8,5.5,6.5,27.5,NA,0.051,0.024,NA,59,AMC,63,2171.4,2226.7,55.3,NA,NA
D2,8,exp,3403,724B,DZA,4,4.5,5.5,38.5,NA,16,7,8,33.8,NA,0.22,0.13,NA,55,SH,139,2158.852,2223.1,64.248,NA,NA
C8,6,exp,3353,724B,DZA,4,3.9,4.9,41.9,NA,14,5,6,36.9,NA,0.18,0.11,NA,32,SL,101,2078.44,2143.5,65.06,NA,NA
C9,8,exp,3363,724B,DZA,4,3.9,4.9,39.2,NA,16,6.1,7.1,33.3,NA,0.2,0.11,NA,70,KDH,80,2154.964,2248.3,93.336,NA,NA
A12,5,exp,3192,724B,DZA,3,3.4,4.4,37.4,NA,10,7.1,8.1,34.2,NA,0.12,0.07,NA,66,KDH,66,2060.8,2224.9,164.1,NA,NA
A12,4,exp,3191,746B,DZA,2,0.6,1.6,NA,Too small for chlorophyll,3,2.8,3.8,NA,Dying?,0.0092,NA,Root sample missing,0,KDH,0,NA,NA,0,NA,exclude
A1,6,exp,3105,746B,DZA,3,1.5,2.5,26.8,NA,6,4.9,5.9,30.4,NA,0.033,0.01,NA,39,KDH,39,2160.35,2193.3,32.95,NA,NA
B4,3,exp,3222,746B,DZA,4,3.3,4.3,36.2,NA,10,5.3,6.3,24.2,NA,0.063,0.039,NA,65,SL,119,2163.538,2200.6,37.062,NA,NA
C7,7,exp,3346,746B,DZA,5,2.3,3.3,26.3,NA,10,4.8,5.8,27.8,NA,0.087,0.06,NA,51,VB,118,2159.5,2200.2,40.7,NA,NA
C4,3,exp,3318,746B,DZA,4,3.7,4.7,27.9,NA,13,5.1,6.1,27.8,NA,0.099,0.08,NA,104,KDH,162,2159.476,2210.4,50.924,NA,NA
C7,5,exp,3344,746B,DZA,4,3.1,4.1,32,NA,9,4.9,5.9,24.2,NA,0.049,0.03,NA,110,GC,136,2072.6,2129.9,57.3,NA,NA
C12,6,exp,3385,746B,DZA,3,3,4,27.1,NA,9,4.6,5.6,24.9,NA,0.048,0.021,NA,115,AMC,135,2157.847,2221.9,64.053,NA,NA
C1,2,exp,3293,746B,DZA,4,3.9,4.9,22.8,NA,13,4.9,5.9,26.7,NA,0.099,0.05,NA,143,BB,171,2079,2144.7,65.7,NA,NA
C5,5,exp,3328,746B,DZA,4,3,4,28.1,NA,11,4.6,5.6,21.9,NA,0.062,0.04,NA,95,AMC,151,2159.084,2226.5,67.416,NA,NA
B9,1,exp,3260,746B,DZA,4,3.5,4.5,26.4,NA,8,6,7,26.1,NA,0.061,0.05,NA,50,JP,107,2155.8,NA,NA,NA,exclude
A11,7,exp,3186,748B,DZA,4,4.2,5.2,34.6,NA,11,6.9,7.9,26.1,NA,0.087,0.08,NA,40,LG,142,2164.916,2194.1,29.184,NA,NA
A10,7,exp,3178,748B,DZA,4,3.9,4.9,28.6,NA,12,6.1,7.1,27.9,NA,0.09,0.09,NA,30,LG,98,2164.328,2196.8,32.472,NA,NA
B10,3,exp,3270,748B,DZA,4,1.4,2.4,31.2,NA,9,5.6,6.6,28.2,NA,0.057,0.04,NA,40,SH,126,2170.051,2210.3,40.249,NA,NA
D9,4,exp,3455,748B,DZA,4,4.1,5.1,35.5,NA,12,6,7,32.4,NA,0.086,0.1,NA,87,SS,237,2164.168,2218.4,54.232,NA,NA
C3,7,exp,3314,748B,DZA,4,3.5,4.5,35.9,NA,12,5.3,6.3,30.9,NA,0.12,0.08,NA,96,SL,194,2155.2,2212.9,57.7,NA,NA
C7,8,exp,3347,748B,DZA,4,3.6,4.6,32.7,NA,12,5,6,26.6,NA,0.072,0.07,NA,147,SS,195,2165.876,2228.9,63.024,NA,NA
A4,1,exp,3124,748B,DZA,4,3.3,4.3,28.9,NA,13,5.9,6.9,21.5,NA,0.12,0.1,NA,101,MM,139,2080.13,2151.7,71.57,NA,NA
B1,2,exp,3197,748B,DZA,4,9,10,33.6,NA,14,6,7,29.8,NA,0.13,0.08,NA,194,KDH,194,2157.7,2249.5,91.8,"small, some pinkish",NA
C5,4,exp,3327,748B,DZA,4,3.9,4.9,30.4,NA,13,5.9,6.9,31.9,NA,0.18,0.1,NA,161,AMC,206,2157,2257.3,100.3,NA,NA
E2,4,exp,3495,748B,DZA,3,3.9,4.9,28.7,NA,9,6.6,7.6,28.5,NA,0.092,0.07,NA,47,VB,120,2078.008,2251.5,173.492,duplicate,exclude
C5,1,int_cont,3324,C1,DZA,3,2.7,3.7,30.8,NA,7,4,5,21.2,NA,0.038,0.04,NA,0,MM,0,NA,NA,0,NA,NA
C12,4,int_cont,3383,C10,DZA,4,3.4,4.4,33,NA,6,5,6,23.1,NA,0.048,0.06,NA,0,MM,0,NA,NA,NA,NA,exclude
A10,8,int_cont,3179,C2,DZA,3,2.1,3.1,13.7,NA,4,3.3,4.3,14.2,NA,0.0093,0.016,NA,0,JP,0,NA,NA,NA,NA,exclude
D6,5,int_cont,3432,C3,DZA,6,5,6,49,NA,24,8.1,9.1,50.7,NA,0.52,0.31,NA,8,KDH,20,NA,NA,0,Tube weight missing,NA
C10,7,int_cont,3370,C4,DZA,3,3.2,4.2,25.7,NA,6,4.6,5.6,20.1,NA,0.019,0.05,NA,0,JP,0,NA,NA,0,NA,exclude
B12,3,int_cont,3286,C5,DZA,4,3,4,23.9,NA,5,5,6,21.6,NA,0.03,0.02,NA,0,JP,0,NA,NA,NA,NA,exclude
A8,7,int_cont,3162,C6,DZA,4,3.1,4.1,26.7,NA,8,5.1,6.1,25.4,NA,0.039,0.01,NA,0,JP,0,NA,NA,NA,NA,exclude
E3,1,int_cont,3500,C7,DZA,4,3.1,4.1,30.6,NA,6,4.3,5.3,25.6,NA,0.042,0.03,NA,0,MM,0,NA,NA,0,NA,NA
B9,6,int_cont,3265,C8,DZA,4,3.5,4.5,28.6,NA,7,5,6,23.5,NA,0.02,0.04,NA,0,MM,0,NA,NA,NA,NA,exclude
D1,3,int_cont,3390,C9,DZA,4,3.3,4.3,30.3,NA,13,5.4,6.4,30.4,NA,0.15,0.07,NA,12,KDH,12,NA,NA,0,"12 big clumps, Tube weight missing",exclude
E6,10,ext_cont,EC10,NA,DZA,4,3.6,4.6,19.1,NA,7,5,6,24.9,NA,0.02,0.05,NA,0,MM,0,NA,NA,0,NA,exclude
E6,8,ext_cont,EC8,NA,DZA,4,4,5,27.5,NA,7,5.5,6.5,26.2,NA,0.04,0.06,NA,0,MM,0,NA,NA,0,NA,exclude
E6,2,ext_cont,EC2,NA,DZA,3,1.9,2.9,19.7,NA,4,2.9,3.9,9,NA,NA,NA,Shoot and root samples missing,NA,NA,NA,NA,NA,0,Nodule number and tube weight missing,exclude
E6,4,ext_cont,EC4,NA,DZA,4,3,4,23.8,NA,5,4.2,5.2,18,NA,NA,NA,Shoot and root samples missing,NA,NA,NA,NA,NA,0,Nodule number and tube weight missing,exclude
E6,3,ext_cont,EC3,NA,DZA,3,2.6,3.6,17,NA,4,3.6,4.6,21.3,NA,NA,NA,Shoot and root samples missing,NA,NA,NA,NA,NA,0,Nodule number and tube weight missing,exclude
E6,1,ext_cont,EC1,NA,DZA,4,3.7,4.7,31.2,NA,8,5.4,6.4,23.2,NA,NA,NA,Shoot and root samples missing,NA,NA,NA,NA,NA,0,Nodule number and tube weight missing,exclude
E6,9,ext_cont,EC9,NA,DZA,3,3.4,4.4,30.6,NA,6,5.1,6.1,23.6,NA,NA,NA,Shoot and root samples missing,NA,NA,NA,NA,NA,0,Nodule number and tube weight missing,exclude
E6,6,ext_cont,EC6,NA,DZA,4,3.9,4.9,29.1,NA,7,5.1,6.1,26,NA,NA,NA,Shoot and root samples missing,NA,NA,NA,NA,NA,0,Nodule number and tube weight missing,exclude
E6,5,ext_cont,EC5,NA,DZA,4,4.3,5.3,31.5,NA,6,5.7,6.7,26.6,NA,NA,NA,Shoot and root samples missing,NA,NA,NA,NA,NA,0,Nodule number and tube weight missing,exclude
E6,7,ext_cont,EC7,NA,DZA,4,3.5,4.5,28.2,NA,6,5,6,29.6,NA,NA,NA,Shoot and root samples missing,NA,NA,NA,NA,NA,0,Nodule number and tube weight missing,exclude
