"rs","region","ps","start_pos","end_pos","af_191","af_89","impact","RefSeq_ID","ncbi_func","protein_ID","gene_ID","gene_interval","gene_ann","no_vars_group","no_effects","ave_effect","cat_rhiz","cat_sym","pleio_type","trait_combs","host_pleio","vars_in_group"
"freebayes-snp-psymb-189619-G","pSymB","189619",188741,189688,0.115,0.135,"LOW","NP_436650.1","ABC transporter permease","ASP61691.1","CDO30_25995","gene-CDO30_RS26020",NA,2,5,0.35844152,"antagonistic","mixed","Both","fit+_vs_nod-_DZA, nod.weight+_vs_nod-_A17; shoot+_vs_nod-_A17, shoot+_vs_nod.weight+_A17","Both","freebayes-snp-psymb-189619-G,freebayes-snp-psymb-190812-G"
"freebayes-snp-psymb-194230-G","pSymB","194230",193933,195654,0.126,0.146,"LOW","NP_436655.1","dihydroxy-acid dehydratase","ASP61696.1","CDO30_26020","gene-CDO30_RS26045",NA,1,5,0.3388206,"antagonistic","mixed","Both","fit+_vs_nod-_DZA, nod.weight+_vs_nod-_A17; shoot+_vs_nod-_A17, shoot+_vs_nod.weight+_A17","Both","freebayes-snp-psymb-194230-G"
"freebayes-snp-psymb-533930-T","pSymB","533930",533180,534091,0.073,0.079,"LOW","NP_436975.1","gluconolactonase","ASP62006.1","CDO30_27685","gene-CDO30_RS27710",NA,1,4,0.40286765,"antagonistic","conflict","Both","fit+_vs_nod-_DZA; chloro+_vs_nod-_A17","Both","freebayes-snp-psymb-533930-T"
"freebayes-snp-psymb-189760-G","pSymB","189760",189685,191325,0.136,0.18,"MODERATE","NP_436651.1","ABC transporter ATP-binding protein","ASP61692.1","CDO30_26000","gene-CDO30_RS26025",NA,1,4,0.3068141,"antagonistic","conflict","Both","fit+_vs_nod-_DZA; shoot+_vs_nod-_A17","Both","freebayes-snp-psymb-189760-G"
"freebayes-snp-psymb-191918-C","pSymB","191918",191322,192209,0.147,0.191,"LOW","NP_436652.1","EamA/RhaT family transporter","ASP61693.1","CDO30_26005","gene-CDO30_RS26030",NA,1,4,0.3009425,"antagonistic","conflict","Both","fit+_vs_nod-_DZA; shoot+_vs_nod-_A17","Both","freebayes-snp-psymb-191918-C"
"freebayes-snp-psymb-247278-A","pSymB","247278",247070,247420,0.136,0.146,"HIGH","NP_436701.1","hypothetical protein","ASP61743.1","CDO30_26265","gene-CDO30_RS26290",NA,3,4,0.349354675,"antagonistic","conflict","Both","fit+_vs_nod-_DZA; shoot+_vs_nod-_A17","Both","freebayes-snp-psymb-247278-A,freebayes-snp-psymb-247127-C,freebayes-snp-psymb-247271-T"
"freebayes-snp-psymb-506469-G","pSymB","506469",506168,507664,0.058,0.056,"MODERATE","NP_436950.1","NAD-dependent succinate-semialdehyde dehydrogenase","ASP61984.1","CDO30_27560","gene-CDO30_RS27585",NA,2,4,0.558744375,"antagonistic","conflict","Both","fit+_vs_nod-_DZA; shoot+_vs_nod-_A17","Both","freebayes-snp-psymb-506469-G,freebayes-snp-psymb-504993-G"
"freebayes-snp-psymb-517516-A","pSymB","517516",517108,518118,0.052,0.056,"MODERATE","WP_003525897.1","N-alpha-acetyl diaminobutyric acid deacetylase DoeB","ASP61994.1","CDO30_27615","gene-CDO30_RS27640","doeB",4,4,0.6355283,"antagonistic","conflict","Both","fit+_vs_nod-_DZA; shoot+_vs_nod-_A17","Both","freebayes-snp-psymb-517516-A,freebayes-snp-psymb-512481-A,freebayes-snp-psymb-514915-T,freebayes-snp-psymb-515999-A"
"freebayes-snp-psymb-524672-A","pSymB","524672",523851,524909,0.084,0.101,"LOW","NP_436967.1","L-idonate 5-dehydrogenase","ASP61999.1","CDO30_27645","gene-CDO30_RS27670",NA,1,4,0.369789375,"antagonistic","conflict","Both","fit+_vs_nod-_DZA; shoot+_vs_nod-_A17","Both","freebayes-snp-psymb-524672-A"
"freebayes-snp-psymb-532994-G","pSymB","532994",532806,533144,0.058,0.067,"LOW","NP_436974.1","hypothetical protein","ASP63043.1","CDO30_27680","gene-CDO30_RS27705",NA,2,4,0.45216815,"antagonistic","conflict","Both","fit+_vs_nod-_DZA; shoot+_vs_nod-_A17","Both","freebayes-snp-psymb-532994-G,freebayes-snp-psymb-533531-T"
"freebayes-snp-psymb-580891-G","pSymB","580891",580753,582456,0.058,0.056,"MODERATE","NP_437017.1","hypothetical protein","ASP63047.1","CDO30_27915","gene-CDO30_RS27940",NA,1,4,0.566445475,"antagonistic","conflict","Both","fit+_vs_nod-_DZA; shoot+_vs_nod-_A17","Both","freebayes-snp-psymb-580891-G"
"freebayes-snp-psymb-533399-G","pSymB","533399",533180,534091,0.063,0.079,"LOW","NP_436975.1","gluconolactonase","ASP62006.1","CDO30_27685","gene-CDO30_RS27710",NA,1,5,0.42316562,"antagonistic","conflict","Both","fit+_vs_nod-_DZA; shoot+_vs_nod-_A17, chloro+_vs_nod-_A17","Both","freebayes-snp-psymb-533399-G"
"freebayes-snp-psymb-534247-A","pSymB","534247",NA,NA,0.052,0.056,"MODIFIER",NA,"non-coding",NA,NA,"gene-CDO30_RS27710-gene-CDO30_RS27715",NA,6,5,0.46678948,"antagonistic","conflict","Both","fit+_vs_nod-_DZA; shoot+_vs_nod-_A17, chloro+_vs_nod-_A17","Both","freebayes-snp-psymb-534247-A,freebayes-snp-psymb-534046-T,freebayes-snp-psymb-534086-G,freebayes-snp-psymb-534136-C,freebayes-snp-psymb-534228-C,freebayes-snp-psymb-534488-T"
"freebayes-snp-psyma-330614-G","pSymA","330614",329003,330712,0.225,0.225,"LOW","NP_435627.1","IclR family transcriptional regulator","ASP60529.1","CDO30_19705","gene-CDO30_RS19715",NA,1,4,0.207620625,"antagonistic","mixed","Both","nod.weight+_vs_nod-_A17; shoot+_vs_nod-_A17, shoot+_vs_nod.weight+_A17","A17_only","freebayes-snp-psyma-330614-G"
"freebayes-snp-psymb-168869-G","pSymB","168869",168111,169052,0.094,0.101,"MODERATE","NP_436633.1","lysylphosphatidylglycerol synthetase family protein","ASP61675.1","CDO30_25910","gene-CDO30_RS25935",NA,1,4,0.36116815,"antagonistic","mixed","Both","nod.weight+_vs_nod-_A17; shoot+_vs_nod-_A17, shoot+_vs_nod.weight+_A17","A17_only","freebayes-snp-psymb-168869-G"
"freebayes-snp-psymb-181173-C","pSymB","181173",180811,182613,0.105,0.124,"LOW","NP_436643.1","FAD-dependent oxidoreductase","ASP61685.1","CDO30_25960","gene-CDO30_RS25985",NA,1,4,0.399073,"antagonistic","mixed","Both","nod.weight+_vs_nod-_A17; shoot+_vs_nod-_A17, shoot+_vs_nod.weight+_A17","A17_only","freebayes-snp-psymb-181173-C"
"freebayes-snp-psymb-189244-A","pSymB","189244",188741,189688,0.277,0.337,"LOW","NP_436650.1","ABC transporter permease","ASP61691.1","CDO30_25995","gene-CDO30_RS26020",NA,4,4,0.2090944,"antagonistic","mixed","Both","nod.weight+_vs_nod-_A17; shoot+_vs_nod-_A17, shoot+_vs_nod.weight+_A17","A17_only","freebayes-snp-psymb-189244-A,freebayes-snp-psymb-189469-C,freebayes-snp-psymb-189906-C,freebayes-snp-psymb-190233-A"
"freebayes-snp-psymb-561025-A","pSymB","561025",560747,561544,0.068,0.09,"LOW","NP_437001.1","ABC transporter ATP-binding protein","ASP62032.1","CDO30_27825","gene-CDO30_RS27850",NA,3,3,0.345090266666667,"antagonistic","mixed","Both","nod.weight+_vs_nod-_A17; shoot+_vs_nod-_A17, shoot+_vs_nod.weight+_A17","A17_only","freebayes-snp-psymb-561025-A,freebayes-snp-psymb-559709-A,freebayes-snp-psymb-559939-A"
"freebayes-snp-psymb-89801-A","pSymB","89801",88929,89885,0.068,0.09,"LOW","NP_436558.1","ABC transporter permease","ASP61605.1","CDO30_25505","gene-CDO30_RS25530",NA,1,4,0.373291575,"antagonistic","mixed","Both","nod.weight+_vs_nod-_A17; shoot+_vs_nod-_A17, shoot+_vs_nod.weight+_A17","A17_only","freebayes-snp-psymb-89801-A"
"freebayes-snp-psymb-93058-A","pSymB","93058",92629,93651,0.073,0.101,"LOW","NP_436561.1","sugar ABC transporter substrate-binding protein","ASP61609.1","CDO30_25525","gene-CDO30_RS25550",NA,1,3,0.372928333333333,"antagonistic","mixed","Both","nod.weight+_vs_nod-_A17; shoot+_vs_nod-_A17, shoot+_vs_nod.weight+_A17","A17_only","freebayes-snp-psymb-93058-A"
"freebayes-snp-psymb-1431876-T","pSymB","1431876",1431330,1432574,0.068,0.09,"LOW","NP_437804.1","Zn-dependent hydrolase","ASP62780.1","CDO30_32050","gene-CDO30_RS32085",NA,1,3,0.380905033333333,"positive",NA,"rhiz_only","fit-_vs_nod-_A17","A17_only","freebayes-snp-psymb-1431876-T"
"freebayes-snp-psymb-1450206-G","pSymB","1450206",1450014,1450451,0.079,0.067,"LOW","NP_437823.1","hypothetical protein","ASP62799.1","CDO30_32160","gene-CDO30_RS32195",NA,1,2,0.38852305,"positive",NA,"rhiz_only","fit-_vs_nod-_A17","A17_only","freebayes-snp-psymb-1450206-G"
"freebayes-snp-psymb-430818-T","pSymB","430818",429400,431319,0.126,0.112,"LOW","NP_436880.1","hypothetical protein","ASP61921.1","CDO30_27205","gene-CDO30_RS27230",NA,3,3,0.308298233333333,"positive",NA,"rhiz_only","fit-_vs_nod-_A17","A17_only","freebayes-snp-psymb-430818-T,freebayes-snp-psymb-430655-G,freebayes-snp-psymb-431338-G"
"freebayes-snp-psymb-458239-T","pSymB","458239",457493,458878,0.121,0.101,"MODERATE","NP_436905.1","aspartate aminotransferase family protein","ASP61943.1","CDO30_27330","gene-CDO30_RS27355",NA,1,2,0.3295026,"positive",NA,"rhiz_only","fit-_vs_nod-_A17","A17_only","freebayes-snp-psymb-458239-T"
"freebayes-snp-psymb-458566-T","pSymB","458566",457493,458878,0.132,0.101,"MODERATE","NP_436905.1","aspartate aminotransferase family protein","ASP61943.1","CDO30_27330","gene-CDO30_RS27355",NA,1,2,0.2815793,"positive",NA,"rhiz_only","fit-_vs_nod-_A17","A17_only","freebayes-snp-psymb-458566-T"
"freebayes-snp-psymb-543980-A","pSymB","543980",NA,NA,0.058,0.079,"MODIFIER",NA,"non-coding",NA,NA,"gene-CDO30_RS27760-gene-CDO30_RS27765",NA,1,2,0.4133607,"positive",NA,"rhiz_only","fit-_vs_nod-_A17","A17_only","freebayes-snp-psymb-543980-A"
"freebayes-snp-psymb-652242-T","pSymB","652242",652218,652439,0.283,0.326,"LOW","NP_437079.1","copper chaperone","ASP62112.1","CDO30_28320","gene-CDO30_RS28350",NA,1,2,0.238869,"positive",NA,"rhiz_only","fit-_vs_nod-_DZA","DZA_only","freebayes-snp-psymb-652242-T"
"freebayes-snp-psyma-746623-T","pSymA","746623",745969,747384,0.115,0.124,"LOW","NP_436524.1","amidase","ASP60914.1","CDO30_21995","gene-CDO30_RS22005",NA,1,2,0.28812785,"positive",NA,"rhiz_only","fit-_vs_nod.weight-_DZA","DZA_only","freebayes-snp-psyma-746623-T"
"freebayes-snp-psyma-802610-G","pSymA","802610",802166,804352,0.173,0.225,"LOW","NP_436481.1","penicillin-binding protein 1A","ASP60956.1","CDO30_22235","gene-CDO30_RS22245",NA,1,2,0.26277465,"positive",NA,"rhiz_only","fit-_vs_nod.weight-_DZA","DZA_only","freebayes-snp-psyma-802610-G"
"freebayes-snp-psymb-733002-G","pSymB","733002",731358,733268,0.089,0.079,"LOW","NP_437156.1","DNA ligase D","ASP62180.1","CDO30_28730","gene-CDO30_RS28760","ligD",1,2,0.40753765,"positive",NA,"rhiz_only","fit-_vs_nod.weight-_DZA","DZA_only","freebayes-snp-psymb-733002-G"
"freebayes-snp-psyma-1043909-T","pSymA","1043909",1043765,1044124,0.084,0.102,"LOW",NA,"hypothetical protein","ASP61170.1","CDO30_23540","gene-CDO30_RS34085",NA,1,2,0.29970765,"antagonistic",NA,"rhiz_only","fit-_vs_nod.weight+_A17","A17_only","freebayes-snp-psyma-1043909-T"
"freebayes-snp-psyma-755310-A","pSymA","755310",753288,755486,0.099,0.124,"LOW","NP_436519.2","oxidoreductase","ASP61494.1","CDO30_22030","gene-CDO30_RS22040",NA,1,2,0.3472622,"antagonistic",NA,"rhiz_only","fit-_vs_nod.weight+_A17","A17_only","freebayes-snp-psyma-755310-A"
"freebayes-snp-psyma-756007-A","pSymA","756007",755491,756441,0.178,0.202,"LOW","NP_436518.1","molybdopterin dehydrogenase","ASP60920.1","CDO30_22035","gene-CDO30_RS22045",NA,1,2,0.2761672,"antagonistic",NA,"rhiz_only","fit-_vs_nod.weight+_A17","A17_only","freebayes-snp-psyma-756007-A"
"freebayes-snp-psyma-756105-A","pSymA","756105",755491,756441,0.23,0.247,"LOW","NP_436518.1","molybdopterin dehydrogenase","ASP60920.1","CDO30_22035","gene-CDO30_RS22045",NA,1,2,0.23627305,"antagonistic",NA,"rhiz_only","fit-_vs_nod.weight+_A17","A17_only","freebayes-snp-psyma-756105-A"
"freebayes-snp-psyma-889527-A","pSymA","889527",889404,890954,0.079,0.069,"LOW","NP_436397.2","hemolysin-type calcium-binding protein","ASP61037.1","CDO30_22720","gene-CDO30_RS22735",NA,1,3,0.3112899,"antagonistic",NA,"rhiz_only","fit-_vs_nod.weight+_A17","A17_only","freebayes-snp-psyma-889527-A"
"freebayes-snp-psymb-137490-C","pSymB","137490",137089,137868,0.089,0.112,"LOW","NP_436599.1","SAM-dependent methyltransferase","ASP61642.1","CDO30_25725","gene-CDO30_RS25750",NA,1,2,0.292036,"antagonistic",NA,"rhiz_only","fit-_vs_nod.weight+_A17","A17_only","freebayes-snp-psymb-137490-C"
"freebayes-snp-psyma-1229919-A","pSymA","1229919",1228519,1229982,0.141,0.157,"LOW","NP_436085.1","cation:proton antiporter","ASP61324.1","CDO30_24460","gene-CDO30_RS24485",NA,1,2,0.2303945,"antagonistic",NA,"rhiz_only","fit-_vs_nod+_A17","A17_only","freebayes-snp-psyma-1229919-A"
"freebayes-snp-psyma-693530-T","pSymA","693530",693348,694544,0.13,0.102,"LOW","NP_435272.1","AGE family epimerase/isomerase","ASP60870.1","CDO30_21735","gene-CDO30_RS21750",NA,1,3,0.226945233333333,"antagonistic",NA,"rhiz_only","fit-_vs_nod+_A17","A17_only","freebayes-snp-psyma-693530-T"
"freebayes-snp-psymb-1016848-A","pSymB","1016848",1016740,1018083,0.084,0.112,"LOW","NP_437405.1","sigma-54-dependent Fis family transcriptional regulator","ASP62411.1","CDO30_30000","gene-CDO30_RS30030",NA,1,2,0.27078495,"antagonistic",NA,"rhiz_only","fit-_vs_nod+_A17","A17_only","freebayes-snp-psymb-1016848-A"
"freebayes-snp-psymb-1030877-G","pSymB","1030877",1030236,1032002,0.063,0.09,"LOW","NP_437417.1","phosphoethanolamine transferase","ASP62422.1","CDO30_30060","gene-CDO30_RS30090",NA,1,2,0.3190113,"antagonistic",NA,"rhiz_only","fit-_vs_nod+_A17","A17_only","freebayes-snp-psymb-1030877-G"
"freebayes-snp-psymb-1032440-T","pSymB","1032440",1032114,1032494,0.073,0.101,"LOW","NP_437418.1","hypothetical protein","ASP62423.1","CDO30_30065","gene-CDO30_RS30095",NA,1,2,0.27953885,"antagonistic",NA,"rhiz_only","fit-_vs_nod+_A17","A17_only","freebayes-snp-psymb-1032440-T"
"freebayes-snp-psymb-593981-C","pSymB","593981",593336,594364,0.366,0.315,"LOW","YP_001312350.1","transporter","ASP62058.1","CDO30_27965","gene-CDO30_RS27990",NA,1,2,0.18438315,"antagonistic",NA,"rhiz_only","fit-_vs_nod+_A17","A17_only","freebayes-snp-psymb-593981-C"
"freebayes-snp-psymb-911419-C","pSymB","911419",911300,912049,0.11,0.135,"LOW","NP_437315.1","nucleotide-binding protein","ASP62325.1","CDO30_29550","gene-CDO30_RS29580",NA,1,2,0.24656645,"antagonistic",NA,"rhiz_only","fit-_vs_nod+_A17","A17_only","freebayes-snp-psymb-911419-C"
"freebayes-snp-psymb-918368-T","pSymB","918368",917926,919707,0.136,0.157,"MODERATE","NP_437322.1","adenine deaminase","ASP62332.1","CDO30_29585","gene-CDO30_RS29615",NA,1,2,0.23446845,"antagonistic",NA,"rhiz_only","fit-_vs_nod+_A17","A17_only","freebayes-snp-psymb-918368-T"
"freebayes-snp-psymb-921205-T","pSymB","921205",921035,921745,0.147,0.169,"LOW","NP_437324.1","phosphoribosyltransferase","ASP62334.1","CDO30_29595","gene-CDO30_RS29625",NA,1,2,0.2208349,"antagonistic",NA,"rhiz_only","fit-_vs_nod+_A17","A17_only","freebayes-snp-psymb-921205-T"
"freebayes-snp-psymb-922235-C","pSymB","922235",922026,923318,0.204,0.213,"LOW","YP_001313347.1","NCS2 family permease","ASP62335.1","CDO30_29600","gene-CDO30_RS29630",NA,1,2,0.20890405,"antagonistic",NA,"rhiz_only","fit-_vs_nod+_A17","A17_only","freebayes-snp-psymb-922235-C"
"freebayes-snp-psymb-925029-G","pSymB","925029",924092,925114,0.157,0.18,"MODERATE","NP_437327.1","allantoicase","ASP62337.1","CDO30_29610","gene-CDO30_RS29640","alc",2,2,0.259991,"antagonistic",NA,"rhiz_only","fit-_vs_nod+_A17","A17_only","freebayes-snp-psymb-925029-G,freebayes-snp-psymb-924142-T"
"freebayes-snp-psymb-927350-T","pSymB","927350",927084,928565,0.084,0.101,"LOW","NP_437330.1","xanthine dehydrogenase small subunit","ASP62340.1","CDO30_29625","gene-CDO30_RS29655","xdhA",1,2,0.30274185,"antagonistic",NA,"rhiz_only","fit-_vs_nod+_A17","A17_only","freebayes-snp-psymb-927350-T"
"freebayes-snp-psymb-929745-T","pSymB","929745",928579,930912,0.079,0.09,"LOW","NP_437331.1","xanthine dehydrogenase molybdopterin binding subunit","ASP62341.1","CDO30_29630","gene-CDO30_RS29660","xdhB",1,2,0.27020635,"antagonistic",NA,"rhiz_only","fit-_vs_nod+_A17","A17_only","freebayes-snp-psymb-929745-T"
"freebayes-snp-psymb-934261-T","pSymB","934261",NA,NA,0.094,0.112,"MODIFIER",NA,"non-coding",NA,NA,"gene-CDO30_RS29680-gene-CDO30_RS29685",NA,1,2,0.24138535,"antagonistic",NA,"rhiz_only","fit-_vs_nod+_A17","A17_only","freebayes-snp-psymb-934261-T"
"freebayes-snp-psymb-993173-T","pSymB","993173",993059,994012,0.115,0.124,"LOW","NP_437386.1","LysR family transcriptional regulator","ASP62394.1","CDO30_29905","gene-CDO30_RS29935",NA,3,2,0.30197455,"antagonistic",NA,"rhiz_only","fit-_vs_nod+_A17","A17_only","freebayes-snp-psymb-993173-T,freebayes-snp-psymb-993185-A,freebayes-snp-psymb-993635-A"
"freebayes-snp-psymb-993326-T","pSymB","993326",993059,994012,0.099,0.112,"LOW","NP_437386.1","LysR family transcriptional regulator","ASP62394.1","CDO30_29905","gene-CDO30_RS29935",NA,1,2,0.28360765,"antagonistic",NA,"rhiz_only","fit-_vs_nod+_A17","A17_only","freebayes-snp-psymb-993326-T"
"freebayes-snp-psymb-994096-G","pSymB","994096",NA,NA,0.089,0.101,"MODIFIER",NA,"non-coding",NA,NA,"gene-CDO30_RS29935-gene-CDO30_RS29940",NA,5,2,0.292,"antagonistic",NA,"rhiz_only","fit-_vs_nod+_A17","A17_only","freebayes-snp-psymb-994096-G,freebayes-snp-psymb-991181-A,freebayes-snp-psymb-991487-A,freebayes-snp-psymb-991549-A,freebayes-snp-psymb-991565-T"
"freebayes-snp-psymb-677196-A","pSymB","677196",676228,677454,0.152,0.124,"LOW","NP_437100.1","ferredoxin reductase","ASP62131.1","CDO30_28425","gene-CDO30_RS28455",NA,1,2,0.2750603,"antagonistic",NA,"rhiz_only","fit-_vs_nod+_DZA","DZA_only","freebayes-snp-psymb-677196-A"
"freebayes-snp-psymb-75355-T","pSymB","75355",74805,75710,0.052,0.056,"MODERATE","NP_436547.1","LysR family transcriptional regulator","ASP61595.1","CDO30_25450","gene-CDO30_RS25475",NA,1,3,0.3992952,"antagonistic",NA,"rhiz_only","fit-_vs_nod+_DZA","DZA_only","freebayes-snp-psymb-75355-T"
"freebayes-snp-psymb-97084-G","pSymB","97084",97077,97547,0.141,0.135,"MODERATE","NP_436564.1","Lrp/AsnC family transcriptional regulator","ASP61612.1","CDO30_25540","gene-CDO30_RS25565",NA,1,2,0.32600285,"antagonistic",NA,"rhiz_only","fit-_vs_nod+_DZA","DZA_only","freebayes-snp-psymb-97084-G"
"freebayes-snp-psymb-99057-C","pSymB","99057",98838,102455,0.052,0.056,"LOW","NP_436566.1","5-oxoprolinase","ASP61615.1","CDO30_25560","gene-CDO30_RS25585",NA,3,2,0.4442593,"antagonistic",NA,"rhiz_only","fit-_vs_nod+_DZA","DZA_only","freebayes-snp-psymb-99057-C,freebayes-snp-psymb-86742-G,freebayes-snp-psymb-98948-G"
"freebayes-snp-psyma-45960-T","pSymA","45960",45130,46749,0.156,0.105,"LOW","NP_435911.1","cytochrome c oxidase subunit 1","ASP60265.1","CDO30_18085","gene-CDO30_RS18105","ccoN",1,3,0.2714111,"antagonistic",NA,"rhiz_only","fit+_vs_nod-_A17","A17_only","freebayes-snp-psyma-45960-T"
"freebayes-snp-psyma-676369-A","pSymA","676369",676116,676811,0.094,0.056,"MODERATE","NP_435292.1","BA14K family protein","ASP60850.1","CDO30_21635","gene-CDO30_RS21650",NA,1,2,0.39161805,"antagonistic",NA,"rhiz_only","fit+_vs_nod-_A17","A17_only","freebayes-snp-psyma-676369-A"
"freebayes-snp-psymb-796814-A","pSymB","796814",793521,798140,0.126,0.146,"LOW","NP_437206.1","Ti-type conjugative transfer relaxase TraA","ASP62230.1","CDO30_29020","gene-CDO30_RS29050","traA",1,2,0.2729364,"antagonistic",NA,"rhiz_only","fit+_vs_nod-_A17","A17_only","freebayes-snp-psymb-796814-A"
"freebayes-snp-psyma-757840-G","pSymA","757840",757445,758125,0.084,0.067,"MODERATE","NP_436516.2","class I SAM-dependent methyltransferase","ASP60922.1","CDO30_22045","gene-CDO30_RS22055",NA,1,3,0.5104305,"antagonistic",NA,"rhiz_only","fit+_vs_nod-_DZA","DZA_only","freebayes-snp-psyma-757840-G"
"freebayes-snp-psymb-196128-A","pSymB","196128",195789,197993,0.12,0.135,"LOW","NP_436656.1","amylo-alpha-1%2C6-glucosidase","ASP61697.1","CDO30_26025","gene-CDO30_RS26050",NA,1,3,0.382406266666667,"antagonistic",NA,"rhiz_only","fit+_vs_nod-_DZA","DZA_only","freebayes-snp-psymb-196128-A"
"freebayes-snp-psymb-196416-G","pSymB","196416",195789,197993,0.11,0.124,"MODERATE","NP_436656.1","amylo-alpha-1%2C6-glucosidase","ASP61697.1","CDO30_26025","gene-CDO30_RS26050",NA,1,3,0.411761166666667,"antagonistic",NA,"rhiz_only","fit+_vs_nod-_DZA","DZA_only","freebayes-snp-psymb-196416-G"
"freebayes-snp-psymb-215020-C","pSymB","215020",NA,NA,0.105,0.112,"MODIFIER",NA,"non-coding",NA,NA,"gene-CDO30_RS26145-gene-CDO30_RS26150",NA,1,3,0.381578566666667,"antagonistic",NA,"rhiz_only","fit+_vs_nod-_DZA","DZA_only","freebayes-snp-psymb-215020-C"
"freebayes-snp-psymb-221840-A","pSymB","221840",221465,222346,0.079,0.09,"LOW","NP_436680.1","dihydrodipicolinate synthase family protein","ASP61722.1","CDO30_26155","gene-CDO30_RS26180",NA,1,3,0.453597033333333,"antagonistic",NA,"rhiz_only","fit+_vs_nod-_DZA","DZA_only","freebayes-snp-psymb-221840-A"
"freebayes-snp-psymb-255612-T","pSymB","255612",255132,255773,0.194,0.213,"LOW","NP_436709.1","hypothetical protein","ASP61751.1","CDO30_26305","gene-CDO30_RS26330",NA,1,2,0.32348725,"antagonistic",NA,"rhiz_only","fit+_vs_nod-_DZA","DZA_only","freebayes-snp-psymb-255612-T"
"freebayes-snp-psymb-256440-C","pSymB","256440",255943,257070,0.183,0.213,"LOW","NP_436710.1","S-(hydroxymethyl)glutathione dehydrogenase","ASP61752.1","CDO30_26310","gene-CDO30_RS26335",NA,1,2,0.3309204,"antagonistic",NA,"rhiz_only","fit+_vs_nod-_DZA","DZA_only","freebayes-snp-psymb-256440-C"
"freebayes-snp-psymb-257600-T","pSymB","257600",257079,257909,0.23,0.27,"LOW","YP_001312688.1","S-formylglutathione hydrolase","ASP61753.1","CDO30_26315","gene-CDO30_RS26340","fghA",1,2,0.2383897,"antagonistic",NA,"rhiz_only","fit+_vs_nod-_DZA","DZA_only","freebayes-snp-psymb-257600-T"
"freebayes-snp-psymb-299007-G","pSymB","299007",NA,NA,0.121,0.165,"MODIFIER",NA,"non-coding",NA,NA,"gene-CDO30_RS26570-gene-CDO30_RS26575",NA,1,2,0.2948757,"antagonistic",NA,"rhiz_only","fit+_vs_nod-_DZA","DZA_only","freebayes-snp-psymb-299007-G"
"freebayes-snp-psymb-308993-C","pSymB","308993",308058,309149,0.11,0.112,"LOW","NP_436766.1","ABC transporter ATP-binding protein","ASP61809.1","CDO30_26600","gene-CDO30_RS26625",NA,1,2,0.4479183,"antagonistic",NA,"rhiz_only","fit+_vs_nod-_DZA","DZA_only","freebayes-snp-psymb-308993-C"
"freebayes-snp-psymb-309328-A","pSymB","309328",309269,309613,0.073,0.09,"LOW","NP_436767.1","hypothetical protein","ASP61810.1","CDO30_26605","gene-CDO30_RS26630",NA,1,3,0.489217466666667,"antagonistic",NA,"rhiz_only","fit+_vs_nod-_DZA","DZA_only","freebayes-snp-psymb-309328-A"
"freebayes-snp-psymb-309615-T","pSymB","309615",NA,NA,0.068,0.079,"MODIFIER",NA,"non-coding",NA,NA,"gene-CDO30_RS26630-gene-CDO30_RS26635",NA,2,3,0.505923766666667,"antagonistic",NA,"rhiz_only","fit+_vs_nod-_DZA","DZA_only","freebayes-snp-psymb-309615-T,freebayes-snp-psymb-312900-C"
"freebayes-snp-psymb-332253-C","pSymB","332253",331606,332568,0.23,0.27,"LOW","NP_436789.1","dihydrodipicolinate synthase family protein","ASP61832.1","CDO30_26720","gene-CDO30_RS26745",NA,1,2,0.20885765,"antagonistic",NA,"rhiz_only","fit+_vs_nod-_DZA","DZA_only","freebayes-snp-psymb-332253-C"
"freebayes-snp-psymb-333531-A","pSymB","333531",333072,334109,0.215,0.236,"LOW","NP_436791.1","malate dehydrogenase","ASP61834.1","CDO30_26730","gene-CDO30_RS26755",NA,1,2,0.2672716,"antagonistic",NA,"rhiz_only","fit+_vs_nod-_DZA","DZA_only","freebayes-snp-psymb-333531-A"
"freebayes-snp-psymb-340173-C","pSymB","340173",338976,340217,0.115,0.112,"MODERATE","NP_436797.1","amino acid dehydrogenase","ASP61840.1","CDO30_26760","gene-CDO30_RS26785",NA,1,2,0.34348765,"antagonistic",NA,"rhiz_only","fit+_vs_nod-_DZA","DZA_only","freebayes-snp-psymb-340173-C"
"freebayes-snp-psymb-340987-A","pSymB","340987",340232,341233,0.073,0.09,"LOW","NP_436798.1","hydroxyproline-2-epimerase","ASP61841.1","CDO30_26765","gene-CDO30_RS26790",NA,1,2,0.37759185,"antagonistic",NA,"rhiz_only","fit+_vs_nod-_DZA","DZA_only","freebayes-snp-psymb-340987-A"
"freebayes-snp-psymb-526300-C","pSymB","526300",NA,NA,0.068,0.079,"MODIFIER",NA,"non-coding",NA,NA,"gene-CDO30_RS27675-gene-CDO30_RS27680",NA,1,3,0.508716166666667,"antagonistic",NA,"rhiz_only","fit+_vs_nod-_DZA","DZA_only","freebayes-snp-psymb-526300-C"
"freebayes-snp-psymb-534145-C","pSymB","534145",NA,NA,0.099,0.09,"MODIFIER",NA,"non-coding",NA,NA,"gene-CDO30_RS27710-gene-CDO30_RS27715",NA,1,3,0.3951659,"antagonistic",NA,"rhiz_only","fit+_vs_nod-_DZA","DZA_only","freebayes-snp-psymb-534145-C"
"freebayes-snp-psymb-534839-G","pSymB","534839",NA,NA,0.079,0.067,"MODIFIER",NA,"non-coding",NA,NA,"gene-CDO30_RS27715-gene-CDO30_RS27720",NA,1,3,0.4274649,"antagonistic",NA,"rhiz_only","fit+_vs_nod-_DZA","DZA_only","freebayes-snp-psymb-534839-G"
"freebayes-snp-psymb-564782-A","pSymB","564782",564234,566018,0.068,0.056,"LOW","NP_437004.1","N-acetylglutaminylglutamine synthetase","ASP62035.1","CDO30_27840","gene-CDO30_RS27865",NA,1,3,0.4703413,"antagonistic",NA,"rhiz_only","fit+_vs_nod-_DZA","DZA_only","freebayes-snp-psymb-564782-A"
"freebayes-snp-psymb-575657-C","pSymB","575657",575153,576013,0.058,0.067,"MODERATE","YP_002122330.1","DUF899 domain-containing protein","ASP62043.1","CDO30_27885","gene-CDO30_RS27910",NA,1,2,0.51932415,"antagonistic",NA,"rhiz_only","fit+_vs_nod-_DZA","DZA_only","freebayes-snp-psymb-575657-C"
"freebayes-snp-psymb-582057-G","pSymB","582057",580753,582456,0.084,0.101,"LOW","NP_437017.1","hypothetical protein","ASP63047.1","CDO30_27915","gene-CDO30_RS27940",NA,1,2,0.3536211,"antagonistic",NA,"rhiz_only","fit+_vs_nod-_DZA","DZA_only","freebayes-snp-psymb-582057-G"
"freebayes-snp-psymb-625791-C","pSymB","625791",625088,625897,0.1,0.101,"MODERATE","NP_437053.1","sugar phosphate isomerase/epimerase","ASP62083.1","CDO30_28135","gene-CDO30_RS28165",NA,1,3,0.357932666666667,"antagonistic",NA,"rhiz_only","fit+_vs_nod-_DZA","DZA_only","freebayes-snp-psymb-625791-C"
"freebayes-snp-psymb-650797-T","pSymB","650797",NA,NA,0.105,0.101,"MODIFIER",NA,"non-coding",NA,NA,"gene-CDO30_RS28335-gene-CDO30_RS28340",NA,3,3,0.3570963,"antagonistic",NA,"rhiz_only","fit+_vs_nod-_DZA","DZA_only","freebayes-snp-psymb-650797-T,freebayes-snp-psymb-625235-C,freebayes-snp-psymb-650124-C"
"freebayes-snp-psymb-668017-T","pSymB","668017",667388,669193,0.192,0.193,"LOW","NP_437093.2","ABC transporter ATP-binding protein","ASP62125.1","CDO30_28395","gene-CDO30_RS28425",NA,2,3,0.255549233333333,"antagonistic",NA,"rhiz_only","fit+_vs_nod-_DZA","DZA_only","freebayes-snp-psymb-668017-T,freebayes-snp-psymb-667425-C"
"freebayes-snp-psymb-669983-A","pSymB","669983",669531,670271,0.068,0.08,"LOW","NP_437094.1","hypothetical protein","ASP62126.1","CDO30_28400","gene-CDO30_RS28430",NA,2,2,0.39678415,"antagonistic",NA,"rhiz_only","fit+_vs_nod-_DZA","DZA_only","freebayes-snp-psymb-669983-A,freebayes-snp-psymb-669235-G"
"freebayes-snp-psymb-900672-T","pSymB","900672",899212,901113,0.12,0.18,"LOW","NP_437305.1","peptide ABC transporter substrate-binding protein","ASP62318.1","CDO30_29505","gene-CDO30_RS29535",NA,1,2,0.2835869,"antagonistic",NA,"rhiz_only","fit+_vs_nod-_DZA","DZA_only","freebayes-snp-psymb-900672-T"
"freebayes-snp-psyma-38807-A","pSymA","38807",38664,39167,0.157,0.112,"LOW","NP_435919.1","nitrate reductase","ASP60257.1","CDO30_18045","gene-CDO30_RS18065",NA,1,3,0.2390476,"antagonistic",NA,"rhiz_only","fit+_vs_nod.weight-_A17","A17_only","freebayes-snp-psyma-38807-A"
"freebayes-snp-psyma-415144-G","pSymA","415144",415105,415392,0.095,0.09,"LOW","NP_435547.2","hypothetical protein","ASP60601.1","CDO30_20185","gene-CDO30_RS20190",NA,1,3,0.4090751,"antagonistic",NA,"rhiz_only","fit+_vs_nod.weight-_A17","A17_only","freebayes-snp-psyma-415144-G"
"freebayes-snp-psymb-309277-A","pSymB","309277",309269,309613,0.162,0.135,"LOW","NP_436767.1","hypothetical protein","ASP61810.1","CDO30_26605","gene-CDO30_RS26630",NA,2,2,0.259299,"antagonistic",NA,"rhiz_only","fit+_vs_nod.weight-_A17","A17_only","freebayes-snp-psymb-309277-A,freebayes-snp-psymb-313630-A"
"freebayes-snp-psymb-315342-G","pSymB","315342",315130,316281,0.419,0.416,"MODERATE","NP_436773.1","glycosyl transferase","ASP61817.1","CDO30_26640","gene-CDO30_RS26665",NA,1,2,0.1640469,"antagonistic",NA,"rhiz_only","fit+_vs_nod.weight-_A17","A17_only","freebayes-snp-psymb-315342-G"
"freebayes-snp-psymb-221070-T","pSymB","221070",220951,221445,0.204,0.258,"LOW","NP_436679.1","DUF2243 domain-containing protein","ASP61721.1","CDO30_26150","gene-CDO30_RS26175",NA,3,3,0.286415066666667,"positive",NA,"rhiz_only","fit+_vs_nod.weight+_DZA","DZA_only","freebayes-snp-psymb-221070-T,freebayes-snp-psymb-221055-A,freebayes-snp-psymb-221133-C"
"freebayes-snp-psymb-282006-G","pSymB","282006",281366,282277,0.199,0.202,"MODERATE","NP_436738.1","pyrroloquinoline quinone biosynthesis protein B","ASP61779.1","CDO30_26450","gene-CDO30_RS26475",NA,2,3,0.227051633333333,"positive",NA,"rhiz_only","fit+_vs_nod.weight+_DZA","DZA_only","freebayes-snp-psymb-282006-G,freebayes-snp-psymb-282330-A"
"freebayes-snp-psymb-794520-G","pSymB","794520",793521,798140,0.152,0.124,"MODERATE","NP_437206.1","Ti-type conjugative transfer relaxase TraA","ASP62230.1","CDO30_29020","gene-CDO30_RS29050","traA",1,3,0.252013733333333,"positive",NA,"rhiz_only","fit+_vs_nod+_A17","A17_only","freebayes-snp-psymb-794520-G"
"freebayes-snp-psymb-1463262-T","pSymB","1463262",NA,NA,0.126,0.101,"MODIFIER",NA,"non-coding",NA,NA,"gene-CDO30_RS32250-gene-CDO30_RS32255",NA,1,2,0.38296865,"positive",NA,"rhiz_only","fit+_vs_nod+_DZA","DZA_only","freebayes-snp-psymb-1463262-T"
"freebayes-snp-psymb-1476536-A","pSymB","1476536",1475712,1477721,0.084,0.067,"LOW","NP_437856.1","cytochrome ubiquinol oxidase subunit I","ASP62833.1","CDO30_32335","gene-CDO30_RS32370","cyoB",1,2,0.42917045,"positive",NA,"rhiz_only","fit+_vs_nod+_DZA","DZA_only","freebayes-snp-psymb-1476536-A"
"freebayes-snp-psyma-1185356-G","pSymA","1185356",1184755,1185630,0.084,0.135,"MODERATE","NP_436119.2","LysR family transcriptional regulator","ASP61291.1","CDO30_24270","gene-CDO30_RS24295",NA,1,2,0.3580225,"antagonistic",NA,"rhiz_only","nod.weight-_vs_nod+_DZA","DZA_only","freebayes-snp-psyma-1185356-G"
"freebayes-snp-psyma-299918-G","pSymA","299918",299263,300693,0.23,0.258,"MODERATE","NP_435662.1","nodulation protein NoeA","ASP60498.1","CDO30_19510","gene-CDO30_RS19520",NA,1,2,0.20443005,"antagonistic",NA,"rhiz_only","nod.weight-_vs_nod+_DZA","DZA_only","freebayes-snp-psyma-299918-G"
"freebayes-snp-psyma-359728-T","pSymA","359728",NA,NA,0.155,0.184,"MODIFIER",NA,"non-coding",NA,NA,"gene-CDO30_RS19850-gene-CDO30_RS19855",NA,1,3,0.211963933333333,"antagonistic",NA,"rhiz_only","nod.weight-_vs_nod+_DZA","DZA_only","freebayes-snp-psyma-359728-T"
"freebayes-snp-psyma-574840-G","pSymA","574840",574678,575877,0.183,0.202,"MODERATE","NP_435386.1","alcohol dehydrogenase","ASP60753.1","CDO30_21125","gene-CDO30_RS21135",NA,1,2,0.2088347,"antagonistic",NA,"rhiz_only","nod.weight-_vs_nod+_DZA","DZA_only","freebayes-snp-psyma-574840-G"
"freebayes-snp-psymb-46145-A","pSymB","46145",45865,46656,0.147,0.135,"MODERATE","NP_438092.1","2-(1%2C2-epoxy-1%2C2-dihydrophenyl)acetyl-CoA isomerase","ASP61570.1","CDO30_25320","gene-CDO30_RS25345","paaB",1,2,0.25015595,"antagonistic",NA,"rhiz_only","nod.weight-_vs_nod+_DZA","DZA_only","freebayes-snp-psymb-46145-A"
"freebayes-snp-psyma-1225499-C","pSymA","1225499",1223389,1226604,0.225,0.202,"MODERATE","NP_436089.2","GGDEF domain-containing protein","ASP61320.1","CDO30_24440","gene-CDO30_RS24465",NA,1,2,0.25794995,"antagonistic",NA,"rhiz_only","nod.weight+_vs_nod-_A17","A17_only","freebayes-snp-psyma-1225499-C"
"freebayes-snp-psyma-1250303-A","pSymA","1250303",1249658,1250428,0.209,0.18,"LOW","YP_001314499.1","GntR family transcriptional regulator","ASP61343.1","CDO30_24560","gene-CDO30_RS24585",NA,1,2,0.25229585,"antagonistic",NA,"rhiz_only","nod.weight+_vs_nod-_A17","A17_only","freebayes-snp-psyma-1250303-A"
"freebayes-snp-psyma-1259150-C","pSymA","1259150",1258734,1260977,0.11,0.09,"LOW","NP_436056.1","oxidoreductase","ASP61352.1","CDO30_24605","gene-CDO30_RS24630",NA,1,2,0.2905332,"antagonistic",NA,"rhiz_only","nod.weight+_vs_nod-_A17","A17_only","freebayes-snp-psyma-1259150-C"
"freebayes-snp-psyma-340109-T","pSymA","340109",340054,340136,0.08,0.08,"MODIFIER","YP_001314405.1","glycerol transporter",NA,"CDO30_19760","gene-CDO30_RS19765-gene-CDO30_RS19770",NA,2,2,0.32461645,"antagonistic",NA,"rhiz_only","nod.weight+_vs_nod-_A17","A17_only","freebayes-snp-psyma-340109-T,freebayes-snp-psyma-339901-A"
"freebayes-snp-psyma-384741-T","pSymA","384741",384699,384908,0.162,0.174,"LOW","YP_001314404.1","hypothetical protein","ASP60576.1","CDO30_20035","gene-CDO30_RS20040",NA,3,2,0.27278605,"antagonistic",NA,"rhiz_only","nod.weight+_vs_nod-_A17","A17_only","freebayes-snp-psyma-384741-T,freebayes-snp-psyma-383800-G,freebayes-snp-psyma-386320-A"
"freebayes-snp-psyma-396524-A","pSymA","396524",396116,397666,0.152,0.169,"LOW","NP_435563.1","hypothetical protein","ASP60589.1","CDO30_20105","gene-CDO30_RS20110",NA,1,2,0.26443085,"antagonistic",NA,"rhiz_only","nod.weight+_vs_nod-_A17","A17_only","freebayes-snp-psyma-396524-A"
"freebayes-snp-psyma-401864-G","pSymA","401864",NA,NA,0.132,0.136,"MODIFIER",NA,"non-coding",NA,NA,"gene-CDO30_RS20130-gene-CDO30_RS20135",NA,2,2,0.32668695,"antagonistic",NA,"rhiz_only","nod.weight+_vs_nod-_A17","A17_only","freebayes-snp-psyma-401864-G,freebayes-snp-psyma-409975-C"
"freebayes-snp-psyma-585125-T","pSymA","585125",585020,585553,0.105,0.067,"LOW","NP_435378.1","TRAP transporter permease DctQ","ASP60761.1","CDO30_21165","gene-CDO30_RS21175",NA,1,2,0.33715615,"antagonistic",NA,"rhiz_only","nod.weight+_vs_nod-_A17","A17_only","freebayes-snp-psyma-585125-T"
"freebayes-snp-psyma-585794-G","pSymA","585794",585554,586750,0.173,0.146,"LOW","NP_435377.1","fumarylacetoacetate hydrolase","ASP60762.1","CDO30_21170","gene-CDO30_RS21180",NA,1,2,0.3025272,"antagonistic",NA,"rhiz_only","nod.weight+_vs_nod-_A17","A17_only","freebayes-snp-psyma-585794-G"
"freebayes-snp-psymb-129937-G","pSymB","129937",NA,NA,0.052,0.09,"MODIFIER",NA,"non-coding",NA,NA,"gene-CDO30_RS25715-gene-CDO30_RS25720",NA,1,2,0.4276998,"antagonistic",NA,"rhiz_only","nod.weight+_vs_nod-_A17","A17_only","freebayes-snp-psymb-129937-G"
"freebayes-snp-psymb-131048-T","pSymB","131048",130557,131384,0.058,0.09,"MODERATE","NP_436594.1","alpha/beta hydrolase","ASP63021.1","CDO30_25700","gene-CDO30_RS25725",NA,1,2,0.37791245,"antagonistic",NA,"rhiz_only","nod.weight+_vs_nod-_A17","A17_only","freebayes-snp-psymb-131048-T"
"freebayes-snp-psymb-165216-G","pSymB","165216",164094,166070,0.073,0.079,"MODERATE","NP_436628.1","protein-L-isoaspartate O-methyltransferase","ASP61671.1","CDO30_25885","gene-CDO30_RS25910",NA,2,2,0.3397367,"antagonistic",NA,"rhiz_only","nod.weight+_vs_nod-_A17","A17_only","freebayes-snp-psymb-165216-G,freebayes-snp-psymb-165402-T"
"freebayes-snp-psymb-168875-C","pSymB","168875",168111,169052,0.136,0.157,"LOW","NP_436633.1","lysylphosphatidylglycerol synthetase family protein","ASP61675.1","CDO30_25910","gene-CDO30_RS25935",NA,1,2,0.2523538,"antagonistic",NA,"rhiz_only","nod.weight+_vs_nod-_A17","A17_only","freebayes-snp-psymb-168875-C"
"freebayes-snp-psymb-400955-A","pSymB","400955",400824,401921,0.44,0.461,"LOW","NP_436856.1","gfo/Idh/MocA family oxidoreductase","ASP61896.1","CDO30_27055","gene-CDO30_RS27080",NA,1,2,0.1783482,"antagonistic",NA,"rhiz_only","nod.weight+_vs_nod-_A17","A17_only","freebayes-snp-psymb-400955-A"
"freebayes-snp-psymb-401399-T","pSymB","401399",400824,401921,0.455,0.483,"LOW","NP_436856.1","gfo/Idh/MocA family oxidoreductase","ASP61896.1","CDO30_27055","gene-CDO30_RS27080",NA,1,2,0.16903785,"antagonistic",NA,"rhiz_only","nod.weight+_vs_nod-_A17","A17_only","freebayes-snp-psymb-401399-T"
"freebayes-snp-psymb-565498-G","pSymB","565498",564234,566018,0.272,0.315,"MODERATE","NP_437004.1","N-acetylglutaminylglutamine synthetase","ASP62035.1","CDO30_27840","gene-CDO30_RS27865",NA,3,3,0.192639233333333,"antagonistic",NA,"rhiz_only","nod.weight+_vs_nod-_A17","A17_only","freebayes-snp-psymb-565498-G,freebayes-snp-psymb-565253-C,freebayes-snp-psymb-565475-T"
"freebayes-snp-psyma-889625-G","pSymA","889625",889404,890954,0.074,0.069,"LOW","NP_436397.2","hemolysin-type calcium-binding protein","ASP61037.1","CDO30_22720","gene-CDO30_RS22735",NA,6,3,0.335272766666667,"mixed",NA,"rhiz_only","nod.weight+_vs_nod-_A17, fit-_vs_nod-_A17, fit-_vs_nod.weight+_A17","A17_only","freebayes-snp-psyma-889625-G,freebayes-snp-psyma-889574-A,freebayes-snp-psyma-891062-C,freebayes-snp-psyma-891340-T,freebayes-snp-psyma-891658-T,freebayes-snp-psyma-892503-G"
"freebayes-snp-psyma-1173205-C","pSymA","1173205",1172915,1173235,0.115,0.124,"LOW","NP_436135.2","nuclear transport factor 2 family protein","ASP61279.1","CDO30_24200","gene-CDO30_RS24225",NA,1,2,0.3139732,"antagonistic",NA,"rhiz_only","nod.weight+_vs_nod-_DZA","DZA_only","freebayes-snp-psyma-1173205-C"
"freebayes-snp-psyma-1196000-C","pSymA","1196000",1193214,1196693,0.052,0.067,"MODERATE","NP_436112.1","adenylate cyclase","ASP61295.1","CDO30_24310","gene-CDO30_RS24335",NA,1,3,0.385754066666667,"antagonistic",NA,"rhiz_only","nod.weight+_vs_nod-_DZA","DZA_only","freebayes-snp-psyma-1196000-C"
"freebayes-snp-psyma-356968-T","pSymA","356968",354869,357232,0.059,0.057,"LOW","YP_001313905.1","amino acid decarboxylase","ASP60548.1","CDO30_19835","gene-CDO30_RS19840",NA,1,2,0.3847699,"antagonistic",NA,"rhiz_only","nod.weight+_vs_nod-_DZA","DZA_only","freebayes-snp-psyma-356968-T"
"freebayes-snp-psyma-366767-G","pSymA","366767",366255,367409,0.364,0.356,"LOW","NP_435597.2","AI-2E family transporter","ASP61477.1","CDO30_19890","gene-CDO30_RS19895",NA,2,2,0.19806875,"antagonistic",NA,"rhiz_only","nod.weight+_vs_nod-_DZA","DZA_only","freebayes-snp-psyma-366767-G,freebayes-snp-psyma-366869-C"
"freebayes-snp-psyma-366803-A","pSymA","366803",366255,367409,0.294,0.287,"LOW","NP_435597.2","AI-2E family transporter","ASP61477.1","CDO30_19890","gene-CDO30_RS19895",NA,2,2,0.17599395,"antagonistic",NA,"rhiz_only","nod.weight+_vs_nod-_DZA","DZA_only","freebayes-snp-psyma-366803-A,freebayes-snp-psyma-366687-T"
"freebayes-snp-psyma-367128-T","pSymA","367128",366255,367409,0.225,0.241,"MODERATE","NP_435597.2","AI-2E family transporter","ASP61477.1","CDO30_19890","gene-CDO30_RS19895",NA,2,2,0.18817765,"antagonistic",NA,"rhiz_only","nod.weight+_vs_nod-_DZA","DZA_only","freebayes-snp-psyma-367128-T,freebayes-snp-psyma-367442-G"
"freebayes-snp-psyma-369039-G","pSymA","369039",367443,369200,0.166,0.184,"LOW","NP_435596.1","hypothetical protein","ASP60557.1","CDO30_19895","gene-CDO30_RS19900",NA,2,2,0.240091,"antagonistic",NA,"rhiz_only","nod.weight+_vs_nod-_DZA","DZA_only","freebayes-snp-psyma-369039-G,freebayes-snp-psyma-368847-A"
"freebayes-snp-psyma-596157-A","pSymA","596157",596047,596346,0.314,0.326,"LOW","WP_014990337.1","hypothetical protein","ASP60771.1","CDO30_21215","gene-CDO30_RS21225",NA,1,2,0.16934245,"antagonistic",NA,"rhiz_only","nod.weight+_vs_nod-_DZA","DZA_only","freebayes-snp-psyma-596157-A"
"freebayes-snp-psymb-108992-C","pSymB","108992",108960,109817,0.178,0.213,"LOW","NP_436573.1","RNA polymerase sigma factor SigJ","ASP61621.1","CDO30_25600","gene-CDO30_RS25625",NA,1,3,0.263452,"antagonistic",NA,"rhiz_only","nod.weight+_vs_nod-_DZA","DZA_only","freebayes-snp-psymb-108992-C"
"freebayes-snp-psymb-221181-A","pSymB","221181",220951,221445,0.147,0.157,"LOW","NP_436679.1","DUF2243 domain-containing protein","ASP61721.1","CDO30_26150","gene-CDO30_RS26175",NA,2,3,0.250482633333333,"antagonistic",NA,"rhiz_only","nod.weight+_vs_nod-_DZA","DZA_only","freebayes-snp-psymb-221181-A,freebayes-snp-psymb-221284-A"
"freebayes-snp-chr-3120725-T","Chromosome","3120725",3120458,3121786,0.058,0.067,"LOW","NP_386155.1","sorbosone dehydrogenase","ASP59485.1","CDO30_15000","gene-CDO30_RS15030",NA,1,3,0.422954566666667,"mixed",NA,"rhiz_only","nod.weight+_vs_nod-_DZA, fit+_vs_nod-_DZA, fit+_vs_nod.weight+_DZA","DZA_only","freebayes-snp-chr-3120725-T"
"freebayes-snp-psymb-259299-G","pSymB","259299",258511,260316,0.063,0.09,"LOW","NP_436713.1","PQQ-dependent dehydrogenase%2C methanol/ethanol family","ASP61755.1","CDO30_26325","gene-CDO30_RS26350",NA,1,4,0.42257705,"mixed",NA,"rhiz_only","nod.weight+_vs_nod-_DZA, fit+_vs_nod-_DZA, fit+_vs_nod.weight+_DZA","DZA_only","freebayes-snp-psymb-259299-G"
"freebayes-snp-psymb-1009567-C","pSymB","1009567",1009550,1010593,0.073,0.079,"MODERATE","NP_437398.1","fructose-bisphosphate aldolase class II","ASP62405.1","CDO30_29965","gene-CDO30_RS29995",NA,1,2,0.3306029,NA,"alignment","sym_only","chloro-_vs_fit-_A17","A17_only","freebayes-snp-psymb-1009567-C"
"freebayes-snp-psymb-899613-A","pSymB","899613",899212,901113,0.094,0.112,"LOW","NP_437305.1","peptide ABC transporter substrate-binding protein","ASP62318.1","CDO30_29505","gene-CDO30_RS29535",NA,1,2,0.32949285,NA,"alignment","sym_only","chloro-_vs_fit-_A17","A17_only","freebayes-snp-psymb-899613-A"
"freebayes-snp-psymb-969875-T","pSymB","969875",969542,971461,0.073,0.067,"MODERATE","NP_437366.1","beta-N-acetylhexosaminidase","ASP62374.1","CDO30_29805","gene-CDO30_RS29835",NA,1,2,0.3637375,NA,"alignment","sym_only","chloro-_vs_fit-_A17","A17_only","freebayes-snp-psymb-969875-T"
"freebayes-snp-psyma-1030882-T","pSymA","1030882",1030193,1031029,0.085,0.103,"MODERATE","YP_001314274.1","N-acetyltransferase","ASP61511.1","CDO30_23475","gene-CDO30_RS23505",NA,1,2,0.3453208,NA,"alignment","sym_only","chloro-_vs_fit-_DZA","DZA_only","freebayes-snp-psyma-1030882-T"
"freebayes-snp-psyma-1078518-G","pSymA","1078518",1077723,1079039,0.073,0.079,"LOW","NP_436219.1","aminotransferase","ASP61201.1","CDO30_23745","gene-CDO30_RS23770",NA,2,2,0.3836193,NA,"alignment","sym_only","chloro-_vs_fit-_DZA","DZA_only","freebayes-snp-psyma-1078518-G,freebayes-snp-psyma-1038119-G"
"freebayes-snp-psyma-1139457-T","pSymA","1139457",1138240,1139673,0.105,0.112,"LOW","NP_436166.2","amidohydrolase family protein","ASP61523.1","CDO30_24020","gene-CDO30_RS24045",NA,1,3,0.3192637,NA,"alignment","sym_only","chloro-_vs_fit-_DZA","DZA_only","freebayes-snp-psyma-1139457-T"
"freebayes-snp-psyma-1316627-G","pSymA","1316627",1315714,1316628,0.068,0.067,"HIGH","NP_436006.1","LysR family transcriptional regulator","ASP61401.1","CDO30_24870","gene-CDO30_RS24895",NA,1,2,0.40252485,NA,"alignment","sym_only","chloro-_vs_fit-_DZA","DZA_only","freebayes-snp-psyma-1316627-G"
"freebayes-snp-psyma-1338295-C","pSymA","1338295",NA,NA,0.099,0.112,"MODIFIER",NA,"non-coding",NA,NA,"gene-CDO30_RS25010-gene-CDO30_RS25015",NA,1,3,0.341946266666667,NA,"alignment","sym_only","chloro-_vs_fit-_DZA","DZA_only","freebayes-snp-psyma-1338295-C"
"freebayes-snp-psyma-1338734-T","pSymA","1338734",1338576,1339463,0.105,0.101,"LOW","NP_435985.1","sugar phosphate isomerase/epimerase","ASP61423.1","CDO30_24990","gene-CDO30_RS25015",NA,2,2,0.4039412,NA,"alignment","sym_only","chloro-_vs_fit-_DZA","DZA_only","freebayes-snp-psyma-1338734-T,freebayes-snp-psyma-1339337-C"
"freebayes-snp-psyma-1343223-C","pSymA","1343223",1342485,1343561,0.115,0.112,"MODERATE","NP_435981.1","ABC transporter ATP-binding protein","ASP61427.1","CDO30_25010","gene-CDO30_RS25035",NA,2,3,0.291015133333333,NA,"alignment","sym_only","chloro-_vs_fit-_DZA","DZA_only","freebayes-snp-psyma-1343223-C,freebayes-snp-psyma-1343157-G"
"freebayes-snp-psyma-1346695-T","pSymA","1346695",1345828,1346733,0.073,0.079,"LOW","NP_435978.2","sugar ABC transporter permease","ASP61431.1","CDO30_25030","gene-CDO30_RS25055",NA,5,2,0.46425555,NA,"alignment","sym_only","chloro-_vs_fit-_DZA","DZA_only","freebayes-snp-psyma-1346695-T,freebayes-snp-psyma-1347230-T,freebayes-snp-psyma-1347680-A,freebayes-snp-psyma-1348396-T,freebayes-snp-psyma-1348447-C"
"freebayes-snp-psyma-193731-T","pSymA","193731",192156,194057,0.087,0.092,"LOW","NP_435753.1","sensor histidine kinase","ASP60410.1","CDO30_18935","gene-CDO30_RS18955",NA,1,2,0.3843892,NA,"alignment","sym_only","chloro-_vs_fit-_DZA","DZA_only","freebayes-snp-psyma-193731-T"
"freebayes-snp-psyma-194382-T","pSymA","194382",194350,196509,0.077,0.08,"LOW","NP_435752.1","mechanosensitive ion channel family protein","ASP60411.1","CDO30_18940","gene-CDO30_RS18960",NA,1,2,0.4524365,NA,"alignment","sym_only","chloro-_vs_fit-_DZA","DZA_only","freebayes-snp-psyma-194382-T"
"freebayes-snp-psyma-402303-T","pSymA","402303",401875,403206,0.162,0.124,"LOW","NP_435559.2","alpha/beta hydrolase","ASP60593.1","CDO30_20130","gene-CDO30_RS20135",NA,1,2,0.28057625,NA,"alignment","sym_only","chloro-_vs_fit-_DZA","DZA_only","freebayes-snp-psyma-402303-T"
"freebayes-snp-psyma-747157-G","pSymA","747157",745969,747384,0.241,0.236,"LOW","NP_436524.1","amidase","ASP60914.1","CDO30_21995","gene-CDO30_RS22005",NA,1,3,0.242965766666667,NA,"alignment","sym_only","chloro-_vs_fit-_DZA","DZA_only","freebayes-snp-psyma-747157-G"
"freebayes-snp-psymb-1068903-G","pSymB","1068903",NA,NA,0.068,0.067,"MODIFIER",NA,"non-coding",NA,NA,"gene-CDO30_RS30260-gene-CDO30_RS30265",NA,1,2,0.41835195,NA,"alignment","sym_only","chloro-_vs_fit-_DZA","DZA_only","freebayes-snp-psymb-1068903-G"
"freebayes-snp-psymb-1520973-C","pSymB","1520973",1519673,1521610,0.063,0.056,"MODERATE","NP_437900.1","asparagine synthetase B","ASP62873.1","CDO30_32555","gene-CDO30_RS32590","asnB",3,2,0.40680125,NA,"alignment","sym_only","chloro-_vs_fit-_DZA","DZA_only","freebayes-snp-psymb-1520973-C,freebayes-snp-psymb-1519067-T,freebayes-snp-psymb-1521031-A"
"freebayes-snp-psymb-342210-G","pSymB","342210",341230,342921,0.377,0.393,"LOW","NP_436799.1","hypothetical protein","ASP61842.1","CDO30_26770","gene-CDO30_RS26795",NA,1,2,0.20869605,NA,"alignment","sym_only","chloro-_vs_fit-_DZA","DZA_only","freebayes-snp-psymb-342210-G"
"freebayes-snp-psymb-604719-T","pSymB","604719",603955,605172,0.152,0.157,"MODERATE","NP_437035.1","chemotaxis protein CheB","ASP62067.1","CDO30_28015","gene-CDO30_RS28040",NA,1,2,0.26163075,NA,"alignment","sym_only","chloro-_vs_fit-_DZA","DZA_only","freebayes-snp-psymb-604719-T"
"freebayes-snp-psymb-741864-C","pSymB","741864",NA,NA,0.116,0.102,"MODIFIER",NA,"non-coding",NA,NA,"gene-CDO30_RS28815-gene-CDO30_RS28830",NA,1,2,0.3062911,NA,"alignment","sym_only","chloro-_vs_fit-_DZA","DZA_only","freebayes-snp-psymb-741864-C"
"freebayes-snp-psymb-796766-A","pSymB","796766",793521,798140,0.063,0.056,"LOW","NP_437206.1","Ti-type conjugative transfer relaxase TraA","ASP62230.1","CDO30_29020","gene-CDO30_RS29050","traA",1,2,0.5798091,NA,"alignment","sym_only","chloro-_vs_fit-_DZA","DZA_only","freebayes-snp-psymb-796766-A"
"freebayes-snp-psymb-796815-T","pSymB","796815",793521,798140,0.063,0.056,"LOW","NP_437206.1","Ti-type conjugative transfer relaxase TraA","ASP62230.1","CDO30_29020","gene-CDO30_RS29050","traA",1,2,0.5840394,NA,"alignment","sym_only","chloro-_vs_fit-_DZA","DZA_only","freebayes-snp-psymb-796815-T"
"freebayes-snp-psymb-573490-T","pSymB","573490",572882,574354,0.194,0.169,"LOW","NP_437011.1","carbohydrate kinase","ASP62041.1","CDO30_27875","gene-CDO30_RS27900",NA,1,2,0.2582841,NA,"conflict","sym_only","chloro-_vs_fit+_DZA","DZA_only","freebayes-snp-psymb-573490-T"
"freebayes-snp-psymb-693443-A","pSymB","693443",693272,694570,0.094,0.067,"LOW","NP_437117.1","cell surface protein","ASP62145.1","CDO30_28510","gene-CDO30_RS28540",NA,1,2,0.25414245,NA,"alignment","sym_only","chloro-_vs_nod.weight-_A17","A17_only","freebayes-snp-psymb-693443-A"
"freebayes-snp-psyma-366629-G","pSymA","366629",366255,367409,0.294,0.264,"LOW","NP_435597.2","AI-2E family transporter","ASP61477.1","CDO30_19890","gene-CDO30_RS19895",NA,1,3,0.208166033333333,NA,"alignment","sym_only","chloro-_vs_nod.weight-_DZA","DZA_only","freebayes-snp-psyma-366629-G"
"freebayes-snp-psymb-1663817-G","pSymB","1663817",1663645,1664307,0.068,0.067,"MODERATE","NP_438036.2","sulfite oxidase-like oxidoreductase","ASP63118.1","CDO30_33235","gene-CDO30_RS33270",NA,1,3,0.3208532,NA,"conflict","sym_only","chloro+_vs_fit-_A17","A17_only","freebayes-snp-psymb-1663817-G"
"freebayes-snp-psymb-431224-C","pSymB","431224",429400,431319,0.33,0.348,"LOW","NP_436880.1","hypothetical protein","ASP61921.1","CDO30_27205","gene-CDO30_RS27230",NA,1,2,0.1830351,NA,"conflict","sym_only","chloro+_vs_fit-_A17","A17_only","freebayes-snp-psymb-431224-C"
"freebayes-snp-psymb-542729-A","pSymB","542729",542460,543437,0.152,0.146,"LOW","NP_436984.1","beta-mannosidase","ASP62015.1","CDO30_27730","gene-CDO30_RS27755",NA,1,2,0.24463015,NA,"conflict","sym_only","chloro+_vs_fit-_A17","A17_only","freebayes-snp-psymb-542729-A"
"freebayes-snp-psymb-1123074-G","pSymB","1123074",1121884,1123659,0.068,0.09,"LOW","NP_437510.1","sulfoacetaldehyde acetyltransferase","ASP62509.1","CDO30_30520","gene-CDO30_RS30550","xsc",1,3,0.3546946,NA,"alignment","sym_only","chloro+_vs_fit+_DZA","DZA_only","freebayes-snp-psymb-1123074-G"
"freebayes-snp-psyma-1036819-A","pSymA","1036819",1036114,1037577,0.112,0.093,"LOW","NP_436261.1","aldehyde dehydrogenase","ASP61164.1","CDO30_23500","gene-CDO30_RS23530",NA,1,2,0.28147905,NA,"conflict","sym_only","chloro+_vs_nod-_A17","A17_only","freebayes-snp-psyma-1036819-A"
"freebayes-snp-psymb-672194-A","pSymB","672194",670322,673345,0.225,0.213,"LOW","YP_001313723.1","membrane assembly protein AsmA","ASP62127.1","CDO30_28405","gene-CDO30_RS28435",NA,1,2,0.215773,NA,"conflict","sym_only","chloro+_vs_nod-_A17","A17_only","freebayes-snp-psymb-672194-A"
"freebayes-snp-psyma-786001-G","pSymA","786001",784724,786793,0.094,0.124,"LOW","NP_436495.1","ATP-dependent helicase","ASP60944.1","CDO30_22160","gene-CDO30_RS22170",NA,1,2,0.2785502,NA,"conflict","sym_only","chloro+_vs_nod-_DZA","DZA_only","freebayes-snp-psyma-786001-G"
"freebayes-snp-psymb-740462-T","pSymB","740462",740172,741053,0.222,0.205,"LOW","NP_437160.1","hypothetical protein","ASP62190.1","CDO30_28780","gene-CDO30_RS28810",NA,1,2,0.1903898,NA,"alignment","sym_only","chloro+_vs_nod.weight+_A17","A17_only","freebayes-snp-psymb-740462-T"
"freebayes-snp-psymb-99918-A","pSymB","99918",98838,102455,0.131,0.135,"LOW","NP_436566.1","5-oxoprolinase","ASP61615.1","CDO30_25560","gene-CDO30_RS25585",NA,1,2,0.26345265,NA,"alignment","sym_only","chloro+_vs_nod.weight+_A17","A17_only","freebayes-snp-psymb-99918-A"
"freebayes-snp-psyma-193505-T","pSymA","193505",192156,194057,0.137,0.172,"MODERATE","NP_435753.1","sensor histidine kinase","ASP60410.1","CDO30_18935","gene-CDO30_RS18955",NA,3,2,0.2414695,NA,"alignment","sym_only","chloro+_vs_nod.weight+_DZA","DZA_only","freebayes-snp-psyma-193505-T,freebayes-snp-psyma-193218-G,freebayes-snp-psyma-193301-G"
"freebayes-snp-psyma-396151-C","pSymA","396151",396116,397666,0.068,0.067,"MODERATE","NP_435563.1","hypothetical protein","ASP60589.1","CDO30_20105","gene-CDO30_RS20110",NA,1,2,0.3062839,NA,"alignment","sym_only","chloro+_vs_nod.weight+_DZA","DZA_only","freebayes-snp-psyma-396151-C"
"freebayes-snp-psymb-578655-T","pSymB","578655",578119,578853,0.12,0.157,"MODERATE","NP_437015.1","3-ketoacyl-ACP reductase","ASP62046.1","CDO30_27900","gene-CDO30_RS27925",NA,1,3,0.289877666666667,NA,"alignment","sym_only","chloro+_vs_nod.weight+_DZA","DZA_only","freebayes-snp-psymb-578655-T"
"freebayes-snp-psymb-1269523-G","pSymB","1269523",1268359,1269534,0.241,0.247,"LOW","NP_437637.1","ABC transporter ATP-binding protein","ASP62628.1","CDO30_31170","gene-CDO30_RS31205",NA,1,2,0.19511005,NA,"alignment","sym_only","chloro+_vs_nod+_A17","A17_only","freebayes-snp-psymb-1269523-G"
"freebayes-snp-psymb-1300452-T","pSymB","1300452",1300176,1300844,0.173,0.191,"LOW","NP_437662.1","hypothetical protein","ASP62652.1","CDO30_31315","gene-CDO30_RS31350",NA,8,3,0.2127739,NA,"alignment","sym_only","chloro+_vs_nod+_A17","A17_only","freebayes-snp-psymb-1300452-T,freebayes-snp-psymb-1296549-G,freebayes-snp-psymb-1296803-A,freebayes-snp-psymb-1298030-A,freebayes-snp-psymb-1299693-C,freebayes-snp-psymb-1299846-T,freebayes-snp-psymb-1299924-A,freebayes-snp-psymb-1300079-A"
"freebayes-snp-psymb-676737-T","pSymB","676737",676228,677454,0.272,0.27,"LOW","NP_437100.1","ferredoxin reductase","ASP62131.1","CDO30_28425","gene-CDO30_RS28455",NA,1,2,0.17871775,NA,"alignment","sym_only","chloro+_vs_nod+_A17","A17_only","freebayes-snp-psymb-676737-T"
"freebayes-snp-psyma-715555-C","pSymA","715555",714670,716670,0.073,0.079,"LOW","NP_435253.1","selenocysteine-specific translation elongation factor","ASP60893.1","CDO30_21875","gene-CDO30_RS21885","selB",1,2,0.35570925,NA,"alignment","sym_only","shoot-_vs_fit-_A17","A17_only","freebayes-snp-psyma-715555-C"
"freebayes-snp-psyma-718078-C","pSymA","718078",717448,718848,0.136,0.146,"LOW","NP_435251.1","L-selenocysteinyl-tRNA(Sec) synthase","ASP60895.1","CDO30_21885","gene-CDO30_RS21895",NA,1,2,0.2614286,NA,"alignment","sym_only","shoot-_vs_fit-_A17","A17_only","freebayes-snp-psyma-718078-C"
"freebayes-snp-psyma-718140-A","pSymA","718140",717448,718848,0.126,0.124,"MODERATE","NP_435251.1","L-selenocysteinyl-tRNA(Sec) synthase","ASP60895.1","CDO30_21885","gene-CDO30_RS21895",NA,1,2,0.26305145,NA,"alignment","sym_only","shoot-_vs_fit-_A17","A17_only","freebayes-snp-psyma-718140-A"
"freebayes-snp-psyma-718252-G","pSymA","718252",717448,718848,0.152,0.169,"LOW","NP_435251.1","L-selenocysteinyl-tRNA(Sec) synthase","ASP60895.1","CDO30_21885","gene-CDO30_RS21895",NA,1,2,0.2905182,NA,"alignment","sym_only","shoot-_vs_fit-_A17","A17_only","freebayes-snp-psyma-718252-G"
"freebayes-snp-psyma-719005-G","pSymA","719005",718853,719773,0.126,0.135,"MODERATE","NP_435250.1","formate dehydrogenase accessory protein FdhE","ASP60896.1","CDO30_21890","gene-CDO30_RS21900","fdhE",1,2,0.23668835,NA,"alignment","sym_only","shoot-_vs_fit-_A17","A17_only","freebayes-snp-psyma-719005-G"
"freebayes-snp-psyma-719609-A","pSymA","719609",718853,719773,0.11,0.112,"LOW","NP_435250.1","formate dehydrogenase accessory protein FdhE","ASP60896.1","CDO30_21890","gene-CDO30_RS21900","fdhE",1,2,0.2523329,NA,"alignment","sym_only","shoot-_vs_fit-_A17","A17_only","freebayes-snp-psyma-719609-A"
"freebayes-snp-psyma-719678-A","pSymA","719678",718853,719773,0.152,0.169,"LOW","NP_435250.1","formate dehydrogenase accessory protein FdhE","ASP60896.1","CDO30_21890","gene-CDO30_RS21900","fdhE",1,2,0.2755265,NA,"alignment","sym_only","shoot-_vs_fit-_A17","A17_only","freebayes-snp-psyma-719678-A"
"freebayes-snp-psyma-719758-A","pSymA","719758",718853,719773,0.126,0.135,"MODERATE","NP_435250.1","formate dehydrogenase accessory protein FdhE","ASP60896.1","CDO30_21890","gene-CDO30_RS21900","fdhE",1,2,0.2785219,NA,"alignment","sym_only","shoot-_vs_fit-_A17","A17_only","freebayes-snp-psyma-719758-A"
"freebayes-snp-psyma-722739-C","pSymA","722739",721465,724569,0.183,0.191,"MODERATE","NP_435247.1","formate dehydrogenase-N subunit alpha","ASP60899.1","CDO30_21905","gene-CDO30_RS21915","fdnG",2,2,0.2574873,NA,"alignment","sym_only","shoot-_vs_fit-_A17","A17_only","freebayes-snp-psyma-722739-C,freebayes-snp-psyma-722347-A"
"freebayes-snp-psymb-544121-G","pSymB","544121",NA,NA,0.063,0.056,"MODIFIER",NA,"non-coding",NA,NA,"gene-CDO30_RS27760-gene-CDO30_RS27765",NA,1,2,0.33264255,NA,"alignment","sym_only","shoot-_vs_fit-_A17","A17_only","freebayes-snp-psymb-544121-G"
"freebayes-snp-psymb-824486-T","pSymB","824486",824162,824752,0.351,0.315,"LOW","YP_001313261.1","two-component system response regulator","ASP62257.1","CDO30_29160","gene-CDO30_RS29190",NA,1,2,0.173109,NA,"alignment","sym_only","shoot-_vs_fit-_A17","A17_only","freebayes-snp-psymb-824486-T"
"freebayes-snp-psymb-579587-T","pSymB","579587",578976,579872,0.209,0.202,"LOW","NP_437016.1","LysR family transcriptional regulator","ASP62047.1","CDO30_27905","gene-CDO30_RS27930",NA,1,3,0.228123966666667,NA,"alignment","sym_only","shoot-_vs_fit-_DZA","DZA_only","freebayes-snp-psymb-579587-T"
"freebayes-snp-psymb-672158-A","pSymB","672158",670322,673345,0.089,0.079,"LOW","YP_001313723.1","membrane assembly protein AsmA","ASP62127.1","CDO30_28405","gene-CDO30_RS28435",NA,1,2,0.33489385,NA,"alignment","sym_only","shoot-_vs_fit-_DZA","DZA_only","freebayes-snp-psymb-672158-A"
"freebayes-snp-psymb-719653-G","pSymB","719653",719276,719692,0.204,0.169,"LOW","NP_437145.1","hypothetical protein","ASP62168.1","CDO30_28655","gene-CDO30_RS28685",NA,1,2,0.28967,NA,"alignment","sym_only","shoot-_vs_fit-_DZA","DZA_only","freebayes-snp-psymb-719653-G"
"freebayes-snp-psyma-1024282-C","pSymA","1024282",1024267,1025130,0.08,0.093,"LOW","NP_436271.1","ABC transporter permease","ASP61155.1","CDO30_23450","gene-CDO30_RS23480",NA,1,3,0.334203933333333,NA,"alignment","sym_only","shoot-_vs_fit-_DZA, chloro-_vs_fit-_DZA","DZA_only","freebayes-snp-psyma-1024282-C"
"freebayes-snp-psyma-1031002-T","pSymA","1031002",1030193,1031029,0.166,0.174,"MODERATE","YP_001314274.1","N-acetyltransferase","ASP61511.1","CDO30_23475","gene-CDO30_RS23505",NA,1,4,0.2366904,NA,"alignment","sym_only","shoot-_vs_fit-_DZA, chloro-_vs_fit-_DZA","DZA_only","freebayes-snp-psyma-1031002-T"
"freebayes-snp-psyma-640242-G","pSymA","640242",640137,641663,0.393,0.382,"MODERATE","NP_435326.1","malonyl-CoA synthase","ASP60815.1","CDO30_21450","gene-CDO30_RS21460",NA,1,3,0.2038284,NA,"alignment","sym_only","shoot-_vs_fit-_DZA, chloro-_vs_fit-_DZA","DZA_only","freebayes-snp-psyma-640242-G"
"freebayes-snp-psymb-194434-C","pSymB","194434",193933,195654,0.346,0.348,"LOW","NP_436655.1","dihydroxy-acid dehydratase","ASP61696.1","CDO30_26020","gene-CDO30_RS26045",NA,1,3,0.1957107,NA,"alignment","sym_only","shoot-_vs_fit-_DZA, chloro-_vs_fit-_DZA","DZA_only","freebayes-snp-psymb-194434-C"
"freebayes-snp-psymb-74649-G","pSymB","74649",74022,74798,0.403,0.36,"MODERATE","NP_436546.1","pyrroline-5-carboxylate reductase","ASP61594.1","CDO30_25445","gene-CDO30_RS25470",NA,1,2,0.16094395,NA,"conflict","sym_only","shoot-_vs_fit+_A17","A17_only","freebayes-snp-psymb-74649-G"
"freebayes-snp-psyma-248488-A","pSymA","248488",248336,249079,0.204,0.169,"LOW","NP_435710.1","nodulation protein H","ASP60452.1","CDO30_19200","gene-CDO30_RS19220",NA,9,2,0.1856283,NA,"alignment","sym_only","shoot-_vs_nod.weight-_A17","A17_only","freebayes-snp-psyma-248488-A,freebayes-snp-psyma-248974-C,freebayes-snp-psyma-249435-G,freebayes-snp-psyma-298249-A,freebayes-snp-psyma-299701-A,freebayes-snp-psyma-300094-C,freebayes-snp-psyma-301647-T,freebayes-snp-psyma-309804-A,freebayes-snp-psyma-310034-G"
"freebayes-snp-psyma-259775-T","pSymA","259775",259595,261136,0.079,0.067,"LOW","NP_435697.1","nitrogenase molybdenum-iron protein subunit beta","ASP60464.1","CDO30_19280","gene-CDO30_RS19300","nifK",2,3,0.270467933333333,NA,"alignment","sym_only","shoot-_vs_nod.weight-_A17","A17_only","freebayes-snp-psyma-259775-T,freebayes-snp-psyma-307779-C"
"freebayes-snp-psyma-347838-A","pSymA","347838",347682,348188,0.262,0.241,"MODERATE","NP_435610.2","hypothetical protein","ASP60545.1","CDO30_19800","gene-CDO30_RS19805",NA,1,2,0.19143105,NA,"alignment","sym_only","shoot-_vs_nod.weight-_A17","A17_only","freebayes-snp-psyma-347838-A"
"freebayes-snp-psyma-356425-G","pSymA","356425",354869,357232,0.112,0.092,"LOW","YP_001313905.1","amino acid decarboxylase","ASP60548.1","CDO30_19835","gene-CDO30_RS19840",NA,2,2,0.2755883,NA,"alignment","sym_only","shoot-_vs_nod.weight-_A17","A17_only","freebayes-snp-psyma-356425-G,freebayes-snp-psyma-357197-G"
"freebayes-snp-psyma-356698-G","pSymA","356698",354869,357232,0.128,0.114,"LOW","YP_001313905.1","amino acid decarboxylase","ASP60548.1","CDO30_19835","gene-CDO30_RS19840",NA,1,3,0.234199866666667,NA,"alignment","sym_only","shoot-_vs_nod.weight-_A17","A17_only","freebayes-snp-psyma-356698-G"
"freebayes-snp-psyma-364610-C","pSymA","364610",364036,365265,0.332,0.31,"MODERATE","NP_435599.1","HlyD family secretion protein","ASP60555.1","CDO30_19880","gene-CDO30_RS19885",NA,1,3,0.165715166666667,NA,"alignment","sym_only","shoot-_vs_nod.weight-_A17","A17_only","freebayes-snp-psyma-364610-C"
"freebayes-snp-psyma-370024-T","pSymA","370024",369725,370360,0.096,0.091,"LOW","NP_435594.1","transcriptional regulator","ASP60559.1","CDO30_19905","gene-CDO30_RS19910",NA,1,2,0.29784685,NA,"alignment","sym_only","shoot-_vs_nod.weight-_A17","A17_only","freebayes-snp-psyma-370024-T"
"freebayes-snp-psyma-370568-G","pSymA","370568",370418,370897,0.096,0.092,"LOW","NP_435593.1","hypothetical protein","ASP60560.1","CDO30_19910","gene-CDO30_RS19915",NA,2,2,0.3251135,NA,"alignment","sym_only","shoot-_vs_nod.weight-_A17","A17_only","freebayes-snp-psyma-370568-G,freebayes-snp-psyma-370312-G"
"freebayes-snp-psyma-370589-C","pSymA","370589",370418,370897,0.091,0.08,"LOW","NP_435593.1","hypothetical protein","ASP60560.1","CDO30_19910","gene-CDO30_RS19915",NA,2,2,0.3271841,NA,"alignment","sym_only","shoot-_vs_nod.weight-_A17","A17_only","freebayes-snp-psyma-370589-C,freebayes-snp-psyma-370560-C"
"freebayes-snp-psyma-659049-C","pSymA","659049",658830,659357,0.225,0.258,"LOW","NP_435307.1","cytochrome C","ASP60834.1","CDO30_21550","gene-CDO30_RS21565",NA,1,2,0.2144268,NA,"alignment","sym_only","shoot-_vs_nod.weight-_A17","A17_only","freebayes-snp-psyma-659049-C"
"freebayes-snp-psymb-316800-C","pSymB","316800",316278,317399,0.309,0.281,"LOW","NP_436774.1","CDP-paratose 2-epimerase","ASP61818.1","CDO30_26645","gene-CDO30_RS26670",NA,3,2,0.1653823,NA,"alignment","sym_only","shoot-_vs_nod.weight-_A17","A17_only","freebayes-snp-psymb-316800-C,freebayes-snp-psymb-316974-T,freebayes-snp-psymb-316989-A"
"freebayes-snp-psyma-1053319-T","pSymA","1053319",1053142,1054734,0.189,0.193,"MODERATE","NP_436245.1","MFS transporter","ASP61178.1","CDO30_23595","gene-CDO30_RS23625",NA,1,2,0.20144315,NA,"alignment","sym_only","shoot-_vs_nod.weight-_DZA","DZA_only","freebayes-snp-psyma-1053319-T"
"freebayes-snp-psyma-1055277-C","pSymA","1055277",1054756,1055730,0.215,0.225,"LOW","NP_436244.1","MBL fold metallo-hydrolase","ASP61179.1","CDO30_23600","gene-CDO30_RS23630",NA,1,2,0.19717805,NA,"alignment","sym_only","shoot-_vs_nod.weight-_DZA","DZA_only","freebayes-snp-psyma-1055277-C"
"freebayes-snp-psyma-1242282-T","pSymA","1242282",1242225,1242665,0.304,0.315,"LOW","NP_436073.1","histidine kinase","ASP61335.1","CDO30_24520","gene-CDO30_RS24545",NA,2,2,0.20290785,NA,"alignment","sym_only","shoot-_vs_nod.weight-_DZA","DZA_only","freebayes-snp-psyma-1242282-T,freebayes-snp-psyma-1243048-G"
"freebayes-snp-psyma-1243267-A","pSymA","1243267",1242709,1243275,0.33,0.348,"LOW","NP_436072.1","NADH-quinone oxidoreductase subunit I 2","ASP61336.1","CDO30_24525","gene-CDO30_RS24550",NA,1,3,0.2317279,NA,"alignment","sym_only","shoot-_vs_nod.weight-_DZA","DZA_only","freebayes-snp-psyma-1243267-A"
"freebayes-snp-psyma-203959-T","pSymA","203959",202271,204190,0.311,0.287,"LOW","NP_435748.1","Ti-type conjugative transfer system protein TraG","ASP60415.1","CDO30_18960","gene-CDO30_RS18980","traG",1,2,0.20611965,NA,"alignment","sym_only","shoot-_vs_nod.weight-_DZA","DZA_only","freebayes-snp-psyma-203959-T"
"freebayes-snp-psyma-333207-A","pSymA","333207",332763,333593,0.314,0.292,"LOW","NP_435623.1","carbohydrate ABC transporter permease","ASP60532.1","CDO30_19725","gene-CDO30_RS19735",NA,2,2,0.2140068,NA,"alignment","sym_only","shoot-_vs_nod.weight-_DZA","DZA_only","freebayes-snp-psyma-333207-A,freebayes-snp-psyma-332916-A"
"freebayes-snp-psyma-333498-G","pSymA","333498",332763,333593,0.136,0.124,"LOW","NP_435623.1","carbohydrate ABC transporter permease","ASP60532.1","CDO30_19725","gene-CDO30_RS19735",NA,2,2,0.22420275,NA,"alignment","sym_only","shoot-_vs_nod.weight-_DZA","DZA_only","freebayes-snp-psyma-333498-G,freebayes-snp-psyma-334075-T"
"freebayes-snp-psyma-334796-C","pSymA","334796",334593,335858,0.058,0.067,"MODERATE","NP_435621.1","sugar ABC transporter substrate-binding protein","ASP60534.1","CDO30_19735","gene-CDO30_RS19745",NA,11,2,0.38847495,NA,"alignment","sym_only","shoot-_vs_nod.weight-_DZA","DZA_only","freebayes-snp-psyma-334796-C,freebayes-snp-psyma-334391-A,freebayes-snp-psyma-334526-T,freebayes-snp-psyma-334772-T,freebayes-snp-psyma-334839-T,freebayes-snp-psyma-334854-C,freebayes-snp-psyma-335930-T,freebayes-snp-psyma-335939-A,freebayes-snp-psyma-336068-T,freebayes-snp-psyma-336836-C,freebayes-snp-psyma-337680-A"
"freebayes-snp-psyma-359100-A","pSymA","359100",358648,359589,0.428,0.356,"LOW","NP_435604.2","amino acid ABC transporter substrate-binding protein","ASP60550.1","CDO30_19845","gene-CDO30_RS19850",NA,3,3,0.196134333333333,NA,"alignment","sym_only","shoot-_vs_nod.weight-_DZA","DZA_only","freebayes-snp-psyma-359100-A,freebayes-snp-psyma-359430-G,freebayes-snp-psyma-359466-G"
"freebayes-snp-psyma-360507-A","pSymA","360507",359794,360939,0.399,0.341,"LOW","NP_435603.2","calcium/proton exchanger","ASP60551.1","CDO30_19850","gene-CDO30_RS19855","cax",7,3,0.194025933333333,NA,"alignment","sym_only","shoot-_vs_nod.weight-_DZA","DZA_only","freebayes-snp-psyma-360507-A,freebayes-snp-psyma-359184-A,freebayes-snp-psyma-359646-G,freebayes-snp-psyma-360955-A,freebayes-snp-psyma-362568-A,freebayes-snp-psyma-362619-T,freebayes-snp-psyma-362755-G"
"freebayes-snp-psyma-368277-A","pSymA","368277",367443,369200,0.257,0.23,"LOW","NP_435596.1","hypothetical protein","ASP60557.1","CDO30_19895","gene-CDO30_RS19900",NA,2,2,0.25546285,NA,"alignment","sym_only","shoot-_vs_nod.weight-_DZA","DZA_only","freebayes-snp-psyma-368277-A,freebayes-snp-psyma-368387-C"
"freebayes-snp-psyma-368789-G","pSymA","368789",367443,369200,0.367,0.318,"MODERATE","NP_435596.1","hypothetical protein","ASP60557.1","CDO30_19895","gene-CDO30_RS19900",NA,2,2,0.2199986,NA,"alignment","sym_only","shoot-_vs_nod.weight-_DZA","DZA_only","freebayes-snp-psyma-368789-G,freebayes-snp-psyma-370749-T"
"freebayes-snp-psyma-392263-A","pSymA","392263",391900,392652,0.239,0.25,"LOW","NP_435567.1","cytochrome c oxidase%2C cbb3-type subunit II","ASP60586.1","CDO30_20085","gene-CDO30_RS20090","ccoO",1,3,0.1849693,NA,"alignment","sym_only","shoot-_vs_nod.weight-_DZA","DZA_only","freebayes-snp-psyma-392263-A"
"freebayes-snp-psyma-395932-C","pSymA","395932",394617,396058,0.361,0.348,"MODIFIER","YP_001313599.1","cell envelope protein",NA,"CDO30_20100","gene-CDO30_RS20100-gene-CDO30_RS20110",NA,1,2,0.2022587,NA,"alignment","sym_only","shoot-_vs_nod.weight-_DZA","DZA_only","freebayes-snp-psyma-395932-C"
"freebayes-snp-psyma-597407-A","pSymA","597407",596274,597620,0.115,0.09,"MODERATE","NP_435368.1","glutamate dehydrogenase","ASP60772.1","CDO30_21220","gene-CDO30_RS21230",NA,1,2,0.23698345,NA,"alignment","sym_only","shoot-_vs_nod.weight-_DZA","DZA_only","freebayes-snp-psyma-597407-A"
"freebayes-snp-psyma-621605-C","pSymA","621605",621531,623075,0.356,0.27,"MODERATE","NP_435343.1","MFS transporter","ASP60798.1","CDO30_21355","gene-CDO30_RS21365",NA,1,2,0.1850702,NA,"alignment","sym_only","shoot-_vs_nod.weight-_DZA","DZA_only","freebayes-snp-psyma-621605-C"
"freebayes-snp-psymb-598245-C","pSymB","598245",597987,598970,0.178,0.124,"LOW","NP_437030.1","arabinose ABC transporter substrate-binding protein","ASP62061.1","CDO30_27985","gene-CDO30_RS28010",NA,3,2,0.1966238,NA,"alignment","sym_only","shoot-_vs_nod.weight-_DZA","DZA_only","freebayes-snp-psymb-598245-C,freebayes-snp-psymb-598131-C,freebayes-snp-psymb-598166-G"
"freebayes-snp-psymb-830391-G","pSymB","830391",830326,832314,0.11,0.135,"LOW","NP_437243.1","acetyl/propionyl/methylcrotonyl-CoA carboxylase subunit alpha","ASP62266.1","CDO30_29205","gene-CDO30_RS29235",NA,1,2,0.24933215,NA,"alignment","sym_only","shoot-_vs_nod.weight-_DZA","DZA_only","freebayes-snp-psymb-830391-G"
"freebayes-snp-psyma-801548-A","pSymA","801548",800657,801988,0.063,0.067,"LOW","NP_436482.1","penicillin-binding protein 2","ASP60955.1","CDO30_22230","gene-CDO30_RS22240",NA,5,3,0.349822633333333,NA,"alignment","sym_only","shoot-_vs_nod.weight-_DZA, chloro-_vs_nod.weight-_DZA","DZA_only","freebayes-snp-psyma-801548-A,freebayes-snp-psyma-802356-C,freebayes-snp-psyma-803654-C,freebayes-snp-psyma-804920-A,freebayes-snp-psyma-805474-C"
"freebayes-snp-psyma-805585-A","pSymA","805585",NA,NA,0.052,0.056,"MODIFIER",NA,"non-coding",NA,NA,"gene-CDO30_RS22250-gene-CDO30_RS22255",NA,2,3,0.3904418,NA,"alignment","sym_only","shoot-_vs_nod.weight-_DZA, chloro-_vs_nod.weight-_DZA","DZA_only","freebayes-snp-psyma-805585-A,freebayes-snp-psyma-807051-G"
"freebayes-snp-psyma-359911-C","pSymA","359911",359794,360939,0.356,0.307,"MODERATE","NP_435603.2","calcium/proton exchanger","ASP60551.1","CDO30_19850","gene-CDO30_RS19855","cax",1,4,0.17229555,NA,"alignment","sym_only","shoot-_vs_nod.weight-_DZA, shoot-_vs_nod.weight-_A17","Both","freebayes-snp-psyma-359911-C"
"freebayes-snp-psyma-360129-A","pSymA","360129",359794,360939,0.38,0.333,"LOW","NP_435603.2","calcium/proton exchanger","ASP60551.1","CDO30_19850","gene-CDO30_RS19855","cax",1,4,0.209766575,NA,"alignment","sym_only","shoot-_vs_nod.weight-_DZA, shoot-_vs_nod.weight-_A17","Both","freebayes-snp-psyma-360129-A"
"freebayes-snp-psyma-200153-G","pSymA","200153",196966,201585,0.141,0.169,"MODERATE","NP_435751.1","Ti-type conjugative transfer relaxase TraA","ASP60412.1","CDO30_18945","gene-CDO30_RS18965","traA",1,2,0.2843486,NA,"conflict","sym_only","shoot+_vs_fit-_DZA","DZA_only","freebayes-snp-psyma-200153-G"
"freebayes-snp-psyma-358255-T","pSymA","358255",357260,358618,0.342,0.414,"LOW","NP_435605.1","putrescine-ornithine antiporter","ASP60549.1","CDO30_19840","gene-CDO30_RS19845",NA,1,2,0.23648935,NA,"conflict","sym_only","shoot+_vs_fit-_DZA","DZA_only","freebayes-snp-psyma-358255-T"
"freebayes-snp-psymb-1432542-A","pSymB","1432542",1431330,1432574,0.058,0.079,"LOW","NP_437804.1","Zn-dependent hydrolase","ASP62780.1","CDO30_32050","gene-CDO30_RS32085",NA,1,2,0.35362865,NA,"conflict","sym_only","shoot+_vs_fit-_DZA","DZA_only","freebayes-snp-psymb-1432542-A"
"freebayes-snp-psymb-566083-C","pSymB","566083",566026,567096,0.194,0.247,"LOW","NP_437005.1","transcriptional regulator","ASP62036.1","CDO30_27845","gene-CDO30_RS27870",NA,1,2,0.23228335,NA,"conflict","sym_only","shoot+_vs_fit-_DZA","DZA_only","freebayes-snp-psymb-566083-C"
"freebayes-snp-psymb-220439-C","pSymB","220439",219713,220639,0.094,0.146,"LOW","NP_436678.1","amidohydrolase","ASP61720.1","CDO30_26145","gene-CDO30_RS26170",NA,1,2,0.2705953,NA,"alignment","sym_only","shoot+_vs_fit+_A17","A17_only","freebayes-snp-psymb-220439-C"
"freebayes-snp-psyma-642519-G","pSymA","642519",642363,643076,0.152,0.157,"MODERATE","NP_435324.1","hypothetical protein","ASP60817.1","CDO30_21460","gene-CDO30_RS21470",NA,1,2,0.2758734,NA,"alignment","sym_only","shoot+_vs_fit+_DZA","DZA_only","freebayes-snp-psyma-642519-G"
"freebayes-snp-psyma-648830-T","pSymA","648830",647457,649658,0.419,0.461,"MODERATE","NP_435318.2","bifunctional diguanylate cyclase/phosphodiesterase","ASP60822.1","CDO30_21490","gene-CDO30_RS21505",NA,1,2,0.2593779,NA,"alignment","sym_only","shoot+_vs_fit+_DZA","DZA_only","freebayes-snp-psyma-648830-T"
"freebayes-snp-psyma-659880-A","pSymA","659880",659584,659922,0.11,0.124,"MODERATE","NP_435306.1","hypothetical protein","ASP60835.1","CDO30_21555","gene-CDO30_RS21570",NA,2,2,0.3282695,NA,"alignment","sym_only","shoot+_vs_fit+_DZA","DZA_only","freebayes-snp-psyma-659880-A,freebayes-snp-psyma-666830-G"
"freebayes-snp-psyma-674598-C","pSymA","674598",673915,674952,0.215,0.225,"MODERATE","NP_435294.1","D-aminopeptidase","ASP60848.1","CDO30_21625","gene-CDO30_RS21640",NA,1,2,0.2557047,NA,"alignment","sym_only","shoot+_vs_fit+_DZA","DZA_only","freebayes-snp-psyma-674598-C"
"freebayes-snp-psyma-694954-A","pSymA","694954",694608,695855,0.232,0.25,"MODERATE","YP_001314472.1","mandelate racemase","ASP60871.1","CDO30_21740","gene-CDO30_RS21755",NA,1,2,0.24528705,NA,"alignment","sym_only","shoot+_vs_fit+_DZA","DZA_only","freebayes-snp-psyma-694954-A"
"freebayes-snp-psyma-706434-G","pSymA","706434",706186,706614,0.236,0.247,"LOW","NP_435259.1","hypothetical protein","ASP60883.1","CDO30_21810","gene-CDO30_RS21820",NA,1,2,0.24360355,NA,"alignment","sym_only","shoot+_vs_fit+_DZA","DZA_only","freebayes-snp-psyma-706434-G"
"freebayes-snp-psyma-365285-A","pSymA","365285",365269,365757,0.282,0.295,"MODERATE","NP_435598.1","hypothetical protein","ASP60556.1","CDO30_19885","gene-CDO30_RS19890",NA,1,2,0.1865475,NA,"conflict","sym_only","shoot+_vs_nod-_A17","A17_only","freebayes-snp-psyma-365285-A"
"freebayes-snp-psyma-653674-T","pSymA","653674",653368,654435,0.304,0.292,"LOW","NP_435314.1","fatty acid desaturase","ASP60827.1","CDO30_21515","gene-CDO30_RS21530",NA,1,2,0.1763041,NA,"conflict","sym_only","shoot+_vs_nod-_A17","A17_only","freebayes-snp-psyma-653674-T"
"freebayes-snp-psymb-187664-A","pSymB","187664",186240,187748,0.257,0.27,"LOW","NP_436648.1","peptide ABC transporter substrate-binding protein","ASP61689.1","CDO30_25985","gene-CDO30_RS26010",NA,1,3,0.259748033333333,NA,"conflict","sym_only","shoot+_vs_nod-_A17","A17_only","freebayes-snp-psymb-187664-A"
"freebayes-snp-psymb-190803-C","pSymB","190803",189685,191325,0.178,0.213,"LOW","NP_436651.1","ABC transporter ATP-binding protein","ASP61692.1","CDO30_26000","gene-CDO30_RS26025",NA,3,3,0.2974244,NA,"conflict","sym_only","shoot+_vs_nod-_A17","A17_only","freebayes-snp-psymb-190803-C,freebayes-snp-psymb-190458-G,freebayes-snp-psymb-190650-C"
"freebayes-snp-psymb-1422933-A","pSymB","1422933",1421446,1423182,0.068,0.101,"LOW","NP_437792.1","esterase","ASP62771.1","CDO30_31995","gene-CDO30_RS32030",NA,3,2,0.30191995,NA,"conflict","sym_only","shoot+_vs_nod-_DZA","DZA_only","freebayes-snp-psymb-1422933-A,freebayes-snp-psymb-1420571-G,freebayes-snp-psymb-1423596-T"
"freebayes-snp-psyma-1035106-A","pSymA","1035106",1035061,1036104,0.31,0.326,"LOW","NP_436262.1","tartrate dehydrogenase","ASP61163.1","CDO30_23495","gene-CDO30_RS23525",NA,4,2,0.195322,NA,"alignment","sym_only","shoot+_vs_nod.weight+_A17","A17_only","freebayes-snp-psyma-1035106-A,freebayes-snp-psyma-1036756-A,freebayes-snp-psyma-1037129-A,freebayes-snp-psyma-1037621-C"
"freebayes-snp-psyma-815474-G","pSymA","815474",814973,816130,0.134,0.161,"LOW","NP_436462.1","integrase","ASP60971.1","CDO30_22330","gene-CDO30_RS22335",NA,1,2,0.3040978,NA,"alignment","sym_only","shoot+_vs_nod.weight+_A17","A17_only","freebayes-snp-psyma-815474-G"
"freebayes-snp-psyma-815480-A","pSymA","815480",814973,816130,0.123,0.161,"LOW","NP_436462.1","integrase","ASP60971.1","CDO30_22330","gene-CDO30_RS22335",NA,1,2,0.3325485,NA,"alignment","sym_only","shoot+_vs_nod.weight+_A17","A17_only","freebayes-snp-psyma-815480-A"
"freebayes-snp-psymb-105170-G","pSymB","105170",104868,105329,0.173,0.18,"LOW","NP_436569.1","tripartite tricarboxylate transporter TctB family protein","ASP61617.1","CDO30_25575","gene-CDO30_RS25600",NA,1,3,0.1989263,NA,"alignment","sym_only","shoot+_vs_nod.weight+_A17","A17_only","freebayes-snp-psymb-105170-G"
"freebayes-snp-psymb-177226-G","pSymB","177226",176298,177284,0.241,0.236,"MODERATE","NP_436640.1","LLM class F420-dependent oxidoreductase","ASP61682.1","CDO30_25945","gene-CDO30_RS25970",NA,1,3,0.236536933333333,NA,"alignment","sym_only","shoot+_vs_nod.weight+_A17","A17_only","freebayes-snp-psymb-177226-G"
"freebayes-snp-psymb-184382-T","pSymB","184382",184361,185092,0.168,0.191,"MODERATE","NP_436646.1","FadR family transcriptional regulator","ASP61688.1","CDO30_25975","gene-CDO30_RS26000",NA,1,3,0.303857866666667,NA,"alignment","sym_only","shoot+_vs_nod.weight+_A17","A17_only","freebayes-snp-psymb-184382-T"
"freebayes-snp-psymb-186608-T","pSymB","186608",186240,187748,0.178,0.202,"LOW","NP_436648.1","peptide ABC transporter substrate-binding protein","ASP61689.1","CDO30_25985","gene-CDO30_RS26010",NA,2,3,0.3094204,NA,"alignment","sym_only","shoot+_vs_nod.weight+_A17","A17_only","freebayes-snp-psymb-186608-T,freebayes-snp-psymb-185183-G"
"freebayes-snp-psymb-539748-T","pSymB","539748",538996,539982,0.131,0.146,"LOW","NP_436981.1","UDP-glucose 4-epimerase GalE","ASP62012.1","CDO30_27715","gene-CDO30_RS27740","galE",1,3,0.275655066666667,NA,"alignment","sym_only","shoot+_vs_nod.weight+_A17","A17_only","freebayes-snp-psymb-539748-T"
"freebayes-snp-psymb-82400-T","pSymB","82400",81912,82979,0.094,0.112,"LOW","NP_436553.1","alpha/beta hydrolase","ASP61601.1","CDO30_25480","gene-CDO30_RS25505",NA,2,2,0.296043,NA,"alignment","sym_only","shoot+_vs_nod.weight+_A17","A17_only","freebayes-snp-psymb-82400-T,freebayes-snp-psymb-87201-T"
"freebayes-snp-psymb-812107-A","pSymB","812107",811567,812349,0.461,0.472,"LOW","NP_437221.1","IclR family transcriptional regulator","ASP62245.1","CDO30_29095","gene-CDO30_RS29125",NA,2,4,0.16257345,NA,"alignment","sym_only","shoot+_vs_nod.weight+_A17, chloro+_vs_nod.weight+_A17","A17_only","freebayes-snp-psymb-812107-A,freebayes-snp-psymb-812164-G"
"freebayes-snp-psyma-1090194-C","pSymA","1090194",1089410,1091554,0.089,0.09,"MODERATE","NP_436209.1","TonB-dependent siderophore receptor","ASP61209.1","CDO30_23800","gene-CDO30_RS23825",NA,1,2,0.27637555,NA,"alignment","sym_only","shoot+_vs_nod.weight+_DZA","DZA_only","freebayes-snp-psyma-1090194-C"
"freebayes-snp-psyma-1243153-A","pSymA","1243153",1242709,1243275,0.089,0.079,"LOW","NP_436072.1","NADH-quinone oxidoreductase subunit I 2","ASP61336.1","CDO30_24525","gene-CDO30_RS24550",NA,1,2,0.3136698,NA,"alignment","sym_only","shoot+_vs_nod.weight+_DZA","DZA_only","freebayes-snp-psyma-1243153-A"
"freebayes-snp-psyma-235571-A","pSymA","235571",NA,NA,0.314,0.348,"MODIFIER",NA,"non-coding",NA,NA,"gene-CDO30_RS19150-gene-CDO30_RS19155",NA,1,2,0.21659385,NA,"alignment","sym_only","shoot+_vs_nod.weight+_DZA","DZA_only","freebayes-snp-psyma-235571-A"
"freebayes-snp-psyma-328761-C","pSymA","328761",328226,328945,0.068,0.056,"MODERATE","NP_435628.1","NAD(P)-dependent oxidoreductase","ASP61474.1","CDO30_19700","gene-CDO30_RS19710",NA,5,2,0.3084494,NA,"alignment","sym_only","shoot+_vs_nod.weight+_DZA","DZA_only","freebayes-snp-psyma-328761-C,freebayes-snp-psyma-292388-G,freebayes-snp-psyma-327833-G,freebayes-snp-psyma-328964-G,freebayes-snp-psymb-1035537-G"
"freebayes-snp-psyma-333997-C","pSymA","333997",333605,334510,0.471,0.494,"MODERATE","YP_001312338.1","sugar ABC transporter permease","ASP60533.1","CDO30_19730","gene-CDO30_RS19740",NA,1,2,0.2057826,NA,"alignment","sym_only","shoot+_vs_nod.weight+_DZA","DZA_only","freebayes-snp-psyma-333997-C"
"freebayes-snp-psyma-334591-T","pSymA","334591",NA,NA,0.445,0.472,"MODIFIER",NA,"non-coding",NA,NA,"gene-CDO30_RS19740-gene-CDO30_RS19745",NA,1,2,0.21245045,NA,"alignment","sym_only","shoot+_vs_nod.weight+_DZA","DZA_only","freebayes-snp-psyma-334591-T"
"freebayes-snp-psyma-335088-T","pSymA","335088",334593,335858,0.482,0.494,"LOW","NP_435621.1","sugar ABC transporter substrate-binding protein","ASP60534.1","CDO30_19735","gene-CDO30_RS19745",NA,2,2,0.1968898,NA,"alignment","sym_only","shoot+_vs_nod.weight+_DZA","DZA_only","freebayes-snp-psyma-335088-T,freebayes-snp-psyma-334665-T"
"freebayes-snp-psyma-341621-C","pSymA","341621",341024,341998,0.401,0.425,"LOW","NP_435615.1","carbamate kinase","ASP60540.1","CDO30_19770","gene-CDO30_RS19775","arcC",3,2,0.21060145,NA,"alignment","sym_only","shoot+_vs_nod.weight+_DZA","DZA_only","freebayes-snp-psyma-341621-C,freebayes-snp-psyma-341552-G,freebayes-snp-psyma-341612-C"
"freebayes-snp-psyma-388887-T","pSymA","388887",387540,389807,0.198,0.149,"LOW","NP_435571.1","copper-translocating P-type ATPase","ASP60581.1","CDO30_20060","gene-CDO30_RS20065",NA,1,2,0.23650745,NA,"alignment","sym_only","shoot+_vs_nod.weight+_DZA","DZA_only","freebayes-snp-psyma-388887-T"
"freebayes-snp-psyma-395899-A","pSymA","395899",394617,396058,0.141,0.124,"MODIFIER","YP_001313599.1","cell envelope protein",NA,"CDO30_20100","gene-CDO30_RS20100-gene-CDO30_RS20110",NA,1,3,0.252222833333333,NA,"alignment","sym_only","shoot+_vs_nod.weight+_DZA","DZA_only","freebayes-snp-psyma-395899-A"
"freebayes-snp-psyma-400255-A","pSymA","400255",399485,401731,0.095,0.079,"LOW","NP_435560.2","adenylate cyclase","ASP60592.1","CDO30_20125","gene-CDO30_RS20130",NA,2,2,0.2992242,NA,"alignment","sym_only","shoot+_vs_nod.weight+_DZA","DZA_only","freebayes-snp-psyma-400255-A,freebayes-snp-psyma-400534-A"
"freebayes-snp-psyma-651499-A","pSymA","651499",649750,651762,0.105,0.146,"LOW","NP_435317.2","AI-2E family transporter","ASP60823.1","CDO30_21495","gene-CDO30_RS21510",NA,1,2,0.24572605,NA,"alignment","sym_only","shoot+_vs_nod.weight+_DZA","DZA_only","freebayes-snp-psyma-651499-A"
"freebayes-snp-psymb-526865-T","pSymB","526865",526403,528097,0.073,0.067,"MODERATE","NP_436969.1","GGDEF-domain containing protein","ASP62001.1","CDO30_27655","gene-CDO30_RS27680",NA,1,2,0.3841623,NA,"alignment","sym_only","shoot+_vs_nod.weight+_DZA","DZA_only","freebayes-snp-psymb-526865-T"
"freebayes-snp-psymb-561976-A","pSymB","561976",561551,562333,0.262,0.292,"LOW","NP_437002.1","FadR family transcriptional regulator","ASP62033.1","CDO30_27830","gene-CDO30_RS27855",NA,1,3,0.200475533333333,NA,"alignment","sym_only","shoot+_vs_nod.weight+_DZA","DZA_only","freebayes-snp-psymb-561976-A"
"freebayes-snp-psymb-562117-C","pSymB","562117",561551,562333,0.251,0.281,"LOW","NP_437002.1","FadR family transcriptional regulator","ASP62033.1","CDO30_27830","gene-CDO30_RS27855",NA,1,3,0.215164866666667,NA,"alignment","sym_only","shoot+_vs_nod.weight+_DZA","DZA_only","freebayes-snp-psymb-562117-C"
"freebayes-snp-psymb-563665-C","pSymB","563665",562457,564232,0.225,0.27,"LOW","NP_437003.1","N-acetylglutaminylglutamine amidotransferase","ASP62034.1","CDO30_27835","gene-CDO30_RS27860",NA,1,2,0.19315005,NA,"alignment","sym_only","shoot+_vs_nod.weight+_DZA","DZA_only","freebayes-snp-psymb-563665-C"
"freebayes-snp-psymb-564494-T","pSymB","564494",564234,566018,0.194,0.213,"LOW","NP_437004.1","N-acetylglutaminylglutamine synthetase","ASP62035.1","CDO30_27840","gene-CDO30_RS27865",NA,5,2,0.1871146,NA,"alignment","sym_only","shoot+_vs_nod.weight+_DZA","DZA_only","freebayes-snp-psymb-564494-T,freebayes-snp-psymb-564312-C,freebayes-snp-psymb-564341-C,freebayes-snp-psymb-564444-C,freebayes-snp-psymb-564755-T"
"freebayes-snp-psymb-565694-A","pSymB","565694",564234,566018,0.22,0.27,"LOW","NP_437004.1","N-acetylglutaminylglutamine synthetase","ASP62035.1","CDO30_27840","gene-CDO30_RS27865",NA,3,2,0.1822511,NA,"alignment","sym_only","shoot+_vs_nod.weight+_DZA","DZA_only","freebayes-snp-psymb-565694-A,freebayes-snp-psymb-565127-C,freebayes-snp-psymb-565277-T"
"freebayes-snp-psymb-569748-G","pSymB","569748",568468,569997,0.141,0.18,"LOW","NP_437007.1","sugar ABC transporter ATP-binding protein","ASP62038.1","CDO30_27855","gene-CDO30_RS27880",NA,1,3,0.2136923,NA,"alignment","sym_only","shoot+_vs_nod.weight+_DZA","DZA_only","freebayes-snp-psymb-569748-G"
"freebayes-snp-psymb-90581-T","pSymB","90581",89882,90874,0.126,0.157,"LOW","NP_436559.1","ABC transporter permease","ASP61606.1","CDO30_25510","gene-CDO30_RS25535",NA,1,3,0.2835152,NA,"alignment","sym_only","shoot+_vs_nod.weight+_DZA","DZA_only","freebayes-snp-psymb-90581-T"
"freebayes-snp-psymb-353080-G","pSymB","353080",NA,NA,0.262,0.326,"MODIFIER",NA,"non-coding",NA,NA,"gene-CDO30_RS26855-gene-CDO30_RS26860",NA,1,2,0.17361635,NA,"alignment","sym_only","shoot+_vs_nod+_A17","A17_only","freebayes-snp-psymb-353080-G"
"freebayes-snp-psyma-200702-C","pSymA","200702",196966,201585,0.128,0.163,"MODERATE","NP_435751.1","Ti-type conjugative transfer relaxase TraA","ASP60412.1","CDO30_18945","gene-CDO30_RS18965","traA",1,3,0.249323366666667,NA,"alignment","sym_only","shoot+_vs_nod+_DZA","DZA_only","freebayes-snp-psyma-200702-C"
"freebayes-snp-psyma-248290-G","pSymA","248290",NA,NA,0.157,0.191,"MODIFIER",NA,"non-coding",NA,NA,"gene-CDO30_RS19215-gene-CDO30_RS19220",NA,3,2,0.1945065,NA,"alignment","sym_only","shoot+_vs_nod+_DZA","DZA_only","freebayes-snp-psyma-248290-G,freebayes-snp-psyma-244086-C,freebayes-snp-psyma-244482-A"
"freebayes-snp-psyma-306861-G","pSymA","306861",306552,307187,0.267,0.315,"LOW","NP_435654.1","transcriptional regulator","ASP60507.1","CDO30_19555","gene-CDO30_RS19565",NA,4,2,0.17054835,NA,"alignment","sym_only","shoot+_vs_nod+_DZA","DZA_only","freebayes-snp-psyma-306861-G,freebayes-snp-psyma-306284-C,freebayes-snp-psyma-306545-A,freebayes-snp-psyma-307564-T"
"freebayes-snp-psyma-320628-T","pSymA","320628",319297,320934,0.251,0.281,"LOW","NP_435641.1","molecular chaperone GroEL","ASP60517.1","CDO30_19630","gene-CDO30_RS19640","groL",1,2,0.1891672,NA,"alignment","sym_only","shoot+_vs_nod+_DZA","DZA_only","freebayes-snp-psyma-320628-T"
"freebayes-snp-psyma-329466-A","pSymA","329466",329003,330712,0.277,0.315,"MODERATE","NP_435627.1","IclR family transcriptional regulator","ASP60529.1","CDO30_19705","gene-CDO30_RS19715",NA,1,2,0.19074255,NA,"alignment","sym_only","shoot+_vs_nod+_DZA","DZA_only","freebayes-snp-psyma-329466-A"
"freebayes-snp-psyma-357970-T","pSymA","357970",357260,358618,0.155,0.184,"LOW","NP_435605.1","putrescine-ornithine antiporter","ASP60549.1","CDO30_19840","gene-CDO30_RS19845",NA,2,2,0.21344535,NA,"alignment","sym_only","shoot+_vs_nod+_DZA","DZA_only","freebayes-snp-psyma-357970-T,freebayes-snp-psyma-361079-G"
"freebayes-snp-psyma-395351-T","pSymA","395351",394617,396058,0.099,0.101,"MODIFIER","YP_001313599.1","cell envelope protein",NA,"CDO30_20100","gene-CDO30_RS20100-gene-CDO30_RS20110",NA,3,2,0.26593215,NA,"alignment","sym_only","shoot+_vs_nod+_DZA","DZA_only","freebayes-snp-psyma-395351-T,freebayes-snp-psyma-387017-T,freebayes-snp-psyma-399528-T"
"freebayes-snp-psyma-592463-T","pSymA","592463",591156,592934,0.094,0.101,"LOW","NP_435372.1","dihydroxy-acid dehydratase","ASP60767.1","CDO30_21195","gene-CDO30_RS21205",NA,1,2,0.2591109,NA,"alignment","sym_only","shoot+_vs_nod+_DZA","DZA_only","freebayes-snp-psyma-592463-T"
"freebayes-snp-psyma-632574-C","pSymA","632574",632469,632999,0.377,0.449,"LOW","NP_435334.1","hypothetical protein","ASP60807.1","CDO30_21410","gene-CDO30_RS21420",NA,1,2,0.1680012,NA,"alignment","sym_only","shoot+_vs_nod+_DZA","DZA_only","freebayes-snp-psyma-632574-C"
